{"type": "FeatureCollection", "generated_at": "2026-09-04T18:39:56.501774+00:00", "generated_by": "scripts/rebuild_imbl_boundaries.py (issue #99)", "features": [{"type": "Feature", "properties": {"type": "IMBL", "name": "Indonesia - Andaman and Nicobar (India)", "source": "Marine Regions (VLIZ) Maritime Boundaries v12", "line_type": "Treaty"}, "geometry": {"type": "LineString", "coordinates": [[94.63333333333334, 6.641666666666667], [94.54, 6.5], [94.40333333333334, 6.27], [94.17166666666667, 6.0]]}}, {"type": "Feature", "properties": {"type": "IMBL", "name": "Indonesia - Andaman and Nicobar (India)", "source": "Marine Regions (VLIZ) Maritime Boundaries v12", "line_type": "Treaty"}, "geometry": {"type": "LineString", "coordinates": [[94.63333333333334, 6.641666666666667], [94.92694444444444, 7.04], [95.42916666666667, 7.668333333333334], [95.52, 7.7683333333333335]]}}, {"type": "Feature", "properties": {"type": "IMBL", "name": "Indonesia - Andaman and Nicobar (India)", "source": "Marine Regions (VLIZ) Maritime Boundaries v12", "line_type": "Treaty"}, "geometry": {"type": "LineString", "coordinates": [[94.1716666666668, 6.000000000000057], [93.68666666666667, 5.422222222222217], [92.85472222222228, 4.459444444444557], [92.72527777777776, 4.30861111111119], [92.39861111111122, 4.0277777777777715]]}}, {"type": "Feature", "properties": {"type": "IMBL", "name": "Sri Lanka - India", "source": "Marine Regions (VLIZ) Maritime Boundaries v12", "line_type": "Treaty"}, "geometry": {"type": "LineString", "coordinates": [[80.05, 10.083333333333334], [79.58333333333333, 9.95], [79.37666666666667, 9.669166666666667], [79.51166666666667, 9.363333333333333], [79.53333333333333, 9.216666666666667], [79.53333333333333, 9.1]]}}, {"type": "Feature", "properties": {"type": "IMBL", "name": "Sri Lanka - India", "source": "Marine Regions (VLIZ) Maritime Boundaries v12", "line_type": "Treaty"}, "geometry": {"type": "LineString", "coordinates": [[79.53333333333333, 9.1], [79.52166666666666, 9.0], [79.48833333333333, 8.896666666666667], [79.30333333333333, 8.666666666666666], [79.21666666666667, 8.62], [79.07833333333333, 8.52], [78.92333333333333, 8.37], [78.895, 8.203333333333333], [78.76166666666667, 7.588333333333333], [78.64666666666666, 7.35], [78.20333333333333, 6.513333333333334], [77.845, 5.898333333333333], [77.17666666666666, 5.0]]}}, {"type": "Feature", "properties": {"type": "IMBL", "name": "Andaman and Nicobar (India) - Myanmar", "source": "Marine Regions (VLIZ) Maritime Boundaries v12", "line_type": "Treaty"}, "geometry": {"type": "LineString", "coordinates": [[95.59027777777777, 9.633333333333333], [95.46666666666667, 9.887222222222222], [95.26722222222222, 10.311666666666667], [95.26611111111112, 10.466666666666667], [95.36666666666666, 10.748055555555554], [95.43333333333334, 11.721388888888889], [95.5, 12.32861111111111], [95.68333333333334, 12.901944444444444], [95.03333333333333, 13.8], [93.83333333333333, 13.8], [93.68305555555555, 13.571666666666667], [93.13472222222222, 13.819722222222222], [92.91388888888889, 13.958055555555555], [92.83388888888888, 14.016388888888889]]}}, {"type": "Feature", "properties": {"type": "IMBL", "name": "Andaman and Nicobar (India) - Myanmar", "source": "Marine Regions (VLIZ) Maritime Boundaries v12", "line_type": "Treaty"}, "geometry": {"type": "LineString", "coordinates": [[92.83388888888888, 14.016388888888889], [92.40472222222223, 14.295], [90.23361111111112, 15.713888888888889]]}}, {"type": "Feature", "properties": {"type": "IMBL", "name": "Sri Lanka - India", "source": "Marine Regions (VLIZ) Maritime Boundaries v12", "line_type": "Treaty"}, "geometry": {"type": "LineString", "coordinates": [[80.05, 10.083333333333334], [80.08333333333333, 10.096666666666666], [80.15833333333333, 10.14], [80.76666666666667, 10.55], [81.04166666666667, 10.695], [81.93333333333334, 11.045], [82.40666666666667, 11.266666666666667], [83.36666666666666, 11.443333333333333]]}}, {"type": "Feature", "properties": {"type": "IMBL", "name": "Sri Lanka - India", "source": "Marine Regions (VLIZ) Maritime Boundaries v12", "line_type": "Treaty"}, "geometry": {"type": "LineString", "coordinates": [[77.17666666666666, 5.0], [77.02333333333333, 4.79]]}}, {"type": "Feature", "properties": {"type": "IMBL", "name": "Thailand - Andaman and Nicobar (India)", "source": "Marine Regions (VLIZ) Maritime Boundaries v12", "line_type": "Treaty"}, "geometry": {"type": "LineString", "coordinates": [[95.54666666666667, 7.8], [95.69666666666667, 7.958333333333334], [95.65444444444445, 8.165000000000001], [95.65305555555557, 8.229722222222222], [95.62833333333333, 8.753055555555555], [95.62777777777777, 8.801111111111112], [95.6086111111111, 9.288333333333334]]}}, {"type": "Feature", "properties": {"type": "IMBL", "name": "Indonesia - Andaman and Nicobar (India)", "source": "Marine Regions (VLIZ) Maritime Boundaries v12", "line_type": "Treaty"}, "geometry": {"type": "LineString", "coordinates": [[95.53, 7.783333333333333], [95.52, 7.7683333333333335]]}}, {"type": "Feature", "properties": {"type": "IMBL", "name": "Thailand - Andaman and Nicobar (India)", "source": "Marine Regions (VLIZ) Maritime Boundaries v12", "line_type": "Treaty"}, "geometry": {"type": "LineString", "coordinates": [[95.53, 7.783333333333333], [95.54666666666667, 7.8]]}}, {"type": "Feature", "properties": {"type": "IMBL", "name": "Maldives - India", "source": "Marine Regions (VLIZ) Maritime Boundaries v12", "line_type": "Treaty"}, "geometry": {"type": "LineString", "coordinates": [[77.02333333333333, 4.79], [76.94666666666667, 4.870833333333334], [76.72083333333333, 5.093055555555555], [76.61333333333333, 5.232222222222222], [75.69277777777778, 6.470555555555555], [75.64194444444445, 6.555833333333333], [75.42944444444444, 6.851666666666667], [75.27194444444444, 7.2575], [75.20166666666667, 7.4], [75.18833333333333, 7.421944444444445], [74.93583333333333, 7.858333333333333], [74.49583333333334, 7.808333333333334], [73.64277777777778, 7.697222222222223], [73.32722222222222, 7.650555555555556], [73.05638888888889, 7.681111111111111], [72.825, 7.705277777777778], [72.70722222222223, 7.715], [72.0625, 7.8180555555555555], [70.25222222222222, 8.09388888888889], [69.59583333333333, 7.9575000000000005]]}}, {"type": "Feature", "properties": {"type": "IMBL", "name": "Bangladesh - India", "source": "Marine Regions (VLIZ) Maritime Boundaries v12", "line_type": "Court ruling"}, "geometry": {"type": "LineString", "coordinates": [[89.15555555555557, 21.6445], [89.18311111111112, 21.445444444444444], [89.23236111111112, 21.12911111111111], [89.3735488470601, 18.00904908510415]]}}, {"type": "Feature", "properties": {"type": "IMBL", "name": "Connection line Andaman and Nicobar (India) - Indonesia", "source": "Marine Regions (VLIZ) Maritime Boundaries v12", "line_type": "Connection line"}, "geometry": {"type": "LineString", "coordinates": [[92.39861111111122, 4.0277777777777715], [92.16009924398861, 3.8406663369654552]]}}, {"type": "Feature", "properties": {"type": "IMBL", "name": "Connection line Thailand - Andaman and Nicobar (India)", "source": "Marine Regions (VLIZ) Maritime Boundaries v12", "line_type": "Connection line"}, "geometry": {"type": "LineString", "coordinates": [[95.6086111111112, 9.288333333333469], [95.6034309647846, 9.584286911148979]]}}, {"type": "Feature", "properties": {"type": "IMBL", "name": "Connection line Bangladesh - India", "source": "Marine Regions (VLIZ) Maritime Boundaries v12", "line_type": "Connection line"}, "geometry": {"type": "LineString", "coordinates": [[89.15555555555557, 21.644499999999994], [89.1500134124891, 21.666097116388983]]}}, {"type": "Feature", "properties": {"type": "IMBL", "name": "Connection line Thailand - Andaman and Nicobar (India)", "source": "Marine Regions (VLIZ) Maritime Boundaries v12", "line_type": "Connection line"}, "geometry": {"type": "LineString", "coordinates": [[95.59522185956837, 9.624570896114733], [95.59027777777783, 9.633333333333383]]}}, {"type": "Feature", "properties": {"type": "IMBL", "name": "Connection line Maldives - India", "source": "Marine Regions (VLIZ) Maritime Boundaries v12", "line_type": "Connection line"}, "geometry": {"type": "LineString", "coordinates": [[69.59583333333333, 7.9575000000000005], [69.4783393234737, 7.933370530320303]]}}, {"type": "Feature", "properties": {"type": "IMBL", "name": "Connection line Sri Lanka - India", "source": "Marine Regions (VLIZ) Maritime Boundaries v12", "line_type": "Connection line"}, "geometry": {"type": "LineString", "coordinates": [[83.36666666666666, 11.443333333333333], [83.40247227593912, 11.448824809415157]]}}, {"type": "Feature", "properties": {"type": "IMBL", "name": "Connection line Andaman and Nicobar (India) - Myanmar", "source": "Marine Regions (VLIZ) Maritime Boundaries v12", "line_type": "Connection line"}, "geometry": {"type": "LineString", "coordinates": [[90.23361111111112, 15.713888888888889], [90.22637496064507, 15.718269163225187]]}}, {"type": "Feature", "properties": {"type": "IMBL", "name": "Thailand - Andaman and Nicobar (India)", "source": "Marine Regions (VLIZ) Maritime Boundaries v12", "line_type": "Median line"}, "geometry": {"type": "LineString", "coordinates": [[95.59522185940136, 9.624570896329828], [95.6034309645674, 9.584286911012157]]}}, {"type": "Feature", "properties": {"type": "IMBL", "name": "Pakistan - India", "source": "Marine Regions (VLIZ) Maritime Boundaries v12", "line_type": "Median line"}, "geometry": {"type": "MultiLineString", "coordinates": [[[65.63914950082221, 20.980339932239303], [66.29763434754722, 21.522233545342033], [66.4531449547759, 21.647762755646625], [66.62783384835348, 21.793713744893466], [66.6585812976889, 21.820394861933494], [66.75857892597674, 21.905164000218463], [66.76900571614101, 21.913787667666895], [66.8536688774168, 21.985761286054526], [66.85863960933068, 21.990047819151584], [66.95803503808673, 22.073557987511265], [66.9688619770987, 22.082405524995067], [67.05843280712838, 22.15910133415929], [67.13244054179768, 22.22061369586538], [67.13977575864442, 22.22661563360475], [67.16814325386588, 22.25108157099828], [67.23325702017888, 22.34051983755677], [67.42378981611523, 22.63957163953785], [67.43876880158336, 22.663357619544286], [67.47056477931466, 22.713848254722166], [67.58618398233233, 22.959607886391893], [67.59628728557203, 22.981015663822802], [67.7138110233052, 23.230035411177994], [67.7971686637116, 23.314522649614503], [67.920118042848, 23.438252883309303], [67.99597370251325, 23.51883639395743], [68.02250749106713, 23.54632191816785], [68.03022947732256, 23.554320882949924], [68.03230505132962, 23.556445305129614], [68.0483385459201, 23.57285614444976], [68.06288949576924, 23.58774954766784], [68.0669396014938, 23.59148932100277], [68.08508464277435, 23.608244029682453], [68.08549329910977, 23.608678325057042], [68.08594242134836, 23.609155625159758], [68.10398421542982, 23.628329358785095], [68.11152128031705, 23.636339298030293], [68.11872216254909, 23.642994375191165], [68.12020676579067, 23.64369179271523], [68.14186782631174, 23.653867442865646], [68.14404825674671, 23.655229411039272], [68.16448006840972, 23.666217871590334], [68.1678562135582, 23.66886438846211], [68.17080636101059, 23.670688058771816], [68.18122642369832, 23.677423642182305], [68.18263136660948, 23.67849426571894]], [[68.18263136661358, 23.678494265981158], [68.18269820176079, 23.67854519720322], [68.18270809590655, 23.679317254730847], [68.1827458477295, 23.682263095597364], [68.18276717013669, 23.683926920373437], [68.1829208828924, 23.695921395955793], [68.18292276427422, 23.69611867393769], [68.182923995446, 23.69631566233801], [68.18292457550893, 23.696512360257316], [68.18292450536171, 23.69670876949425], [68.18292378410541, 23.696904888250174], [68.18292250257156, 23.697087977628144], [68.1828925920197, 23.697282177230875], [68.18285988547552, 23.69748991073095], [68.18153220914417, 23.70574179664669], [68.18150210164083, 23.70592445075289], [68.18147132144446, 23.70610681797541], [68.18143986675659, 23.706288898314085], [68.1814077393758, 23.706470691769084], [68.18137493840283, 23.706652198340464], [68.18134146473687, 23.706833418027884], [68.18130731747885, 23.70701435083174], [68.18127249662848, 23.70719499675181], [68.1812370021861, 23.707375355788145], [68.18120083505067, 23.70755542794069], [68.18119004228663, 23.70760809493771], [68.18117846351527, 23.707636510816428], [68.1811049223544, 23.707815005558246], [68.18103080292929, 23.707992931928402], [68.18095610434085, 23.70817028902775], [68.18088082748835, 23.708347077755548], [68.1808049714723, 23.708523298111743], [68.18072853629303, 23.70869894919724], [68.18065152374896, 23.70887403191108], [68.18057393114213, 23.709048546253598], [68.1804957611705, 23.70922249132491], [68.18041701203566, 23.709395868024956], [68.1803376837372, 23.709568676353513], [68.1802577771748, 23.709740915410976], [68.18025432018084, 23.70974828805322], [68.18024797996037, 23.709796845148446], [68.18024181780584, 23.709844036173422], [68.18022697269669, 23.70996140669365], [68.18021332188732, 23.71006593129772], [68.18019837965164, 23.71018406893961], [68.18018482506966, 23.710287826422075], [68.18016978570716, 23.71040673208512], [68.18015632915132, 23.71050972244592], [68.18014119176269, 23.710629394331136], [68.18012783233377, 23.710731617570218], [68.18011259871764, 23.710852057476643], [68.18009933641542, 23.710953512694573], [68.18008400477316, 23.711074719722603], [68.18007084049708, 23.71117540781887], [68.18004280503158, 23.7113970385426], [68.18001578849788, 23.711618083807707], [68.17924442109324, 23.718159181301246], [68.17922190656577, 23.718342448745148], [68.17919853858177, 23.718525286312968], [68.17917431804045, 23.718707695803687], [68.17914924404249, 23.71888967631753], [68.17912331838653, 23.719071227855068], [68.17909653927393, 23.71925235041573], [68.17906890850338, 23.719433043999913], [68.17904042427631, 23.719613309506656], [68.17901108749174, 23.719793146037034], [68.17898089815003, 23.71997255269116], [68.17894985625105, 23.720151531268186], [68.17891796089538, 23.72033008176794], [68.17888521298238, 23.720508202391784], [68.17885161341121, 23.720685894038752], [68.1788171603838, 23.72086315760862], [68.17881204234197, 23.72088879098493], [68.17882297090347, 23.72106067031382], [68.17883468727109, 23.72126115258021], [68.178845337942, 23.721461099750115], [68.17885492381578, 23.721660510923925], [68.1788634448921, 23.721859386101926], [68.17887090117125, 23.722057726183152], [68.17887729175368, 23.722255530268626], [68.17888261753887, 23.722452799257326], [68.17888456636962, 23.722542789018576], [68.17888456636962, 23.727584127605553], [68.17888370931581, 23.72774314393098], [68.17888199700661, 23.727901981291495], [68.17887942854293, 23.728060638787497], [68.1788760030251, 23.728219118217794], [68.17887172135283, 23.728377417783634], [68.17882378568925, 23.729852691748476], [68.17997378476247, 23.7329799753457], [68.18003575164863, 23.73315212087374], [68.18009643790043, 23.733324416588687], [68.18015584261815, 23.733496861590993], [68.18021396580195, 23.733669455880772], [68.1802708074519, 23.733842200357287], [68.18032636846726, 23.734015094121276], [68.1803806479486, 23.734188137172794], [68.1804336467955, 23.734361330411048], [68.18048536410845, 23.73453467293683], [68.18053579988737, 23.734708165649465], [68.18058495503169, 23.734881807649458], [68.18063282864216, 23.73505559983613], [68.18067942071889, 23.735229541310332], [68.18072473126136, 23.735403632072064], [68.18076876116947, 23.73557787212127], [68.18081151044294, 23.73575226235721], [68.18085297728317, 23.735926802779886], [68.18089316348886, 23.736101492490036], [68.18093206816053, 23.736276331487545], [68.18096969219772, 23.736451319772698], [68.1816557506238, 23.739757510428205], [68.18191694810878, 23.741016249700294], [68.18200200059204, 23.741147429310388], [68.18210104832491, 23.7412978741977], [68.18220109070779, 23.74144753577525], [68.18230212864052, 23.741596415842082], [68.18240416212245, 23.741744512599155], [68.1825071902548, 23.741891827845564], [68.18261121483573, 23.742038359782555], [68.18271623496645, 23.742184109309335], [68.18282224974706, 23.742329076425847], [68.1829292600774, 23.74247326023277], [68.18303726595724, 23.74261666252903], [68.1831462673864, 23.742759281515703], [68.18325626436524, 23.74290111899154], [68.18336725689346, 23.743042173157903], [68.18347924407192, 23.743182444913884], [68.1835922276992, 23.743321934259825], [68.1837062059767, 23.743460640296348], [68.18382117980377, 23.743598564822037], [68.18393714918028, 23.74373570603808], [68.18405411410617, 23.743872065743346], [68.18417207458168, 23.744007642139138], [68.18429103060663, 23.74414243612472], [68.18441098128181, 23.74427644770003], [68.18453192750661, 23.74440967686519], [68.18517140303794, 23.745104238569866], [68.18529301476099, 23.745238180897502], [68.18541381979202, 23.745373100788015], [68.18553381813126, 23.745509000040386], [68.18565300977878, 23.745645876855917], [68.18574127733825, 23.745748661271705], [68.18576702672698, 23.74580106027082], [68.18584343043011, 23.74595921684454], [68.18673580791136, 23.747838643438797], [68.18751476289611, 23.748831123557693], [68.18837478366947, 23.750705337681325], [68.1884493446617, 23.750864874714296], [68.18852496235729, 23.75102376243683], [68.18860163495765, 23.75118199994938], [68.1886793642613, 23.751339587252232], [68.18875814936916, 23.75149652524459], [68.188837990281, 23.751652813026965], [68.18891888789636, 23.75180845059964], [68.18900084041655, 23.751963438861708], [68.18908384964004, 23.752117777813282], [68.18916791466768, 23.75227146565561], [68.18925303549929, 23.752424504187502], [68.18933921213511, 23.752576893408957], [68.18942644547423, 23.752728632420542], [68.18951473371811, 23.752879721222257], [68.18960407866541, 23.75303015981416], [68.18969448031618, 23.753179949095397], [68.1897859368716, 23.75332908906637], [68.18987844923112, 23.753477577927924], [68.18997201829404, 23.753625418378533], [68.19006664316106, 23.75377260771978], [68.19016232383228, 23.753919147750594], [68.19025906120686, 23.75406503757148], [68.19035685348604, 23.754210278081985], [68.19045570246868, 23.754354868382563], [68.19046037084956, 23.754361594412103], [68.19049596421746, 23.754400982019774], [68.19061761910791, 23.75453365900114], [68.19074017062246, 23.754665379104097], [68.19086361876111, 23.754796145026262], [68.19098796262449, 23.75492595406962], [68.19111320401134, 23.75505480803298], [68.19123934112275, 23.755182706916514], [68.19136637575764, 23.755309649820674], [68.19149430611748, 23.755435636745403], [68.19162313400057, 23.75556066859002], [68.19175285760844, 23.755684744455493], [68.1918834778404, 23.755807864341534], [68.19201499469631, 23.755930029147635], [68.19214740817648, 23.756051238873624], [68.19228071828059, 23.756171492620467], [68.19241492500879, 23.75629079038771], [68.192525442695, 23.756387597010132], [68.1925498682819, 23.75640930304695], [68.19265763674059, 23.756503673405916], [68.19268481245416, 23.756527814806986], [68.19278983078618, 23.7566197498017], [68.19281975662665, 23.75664632746623], [68.1929220239324, 23.75673582709686], [68.19295470079891, 23.756764838326717], [68.19304822939233, 23.756846665841067], [68.1930713842371, 23.756879154749356], [68.1930808837759, 23.756892688646758], [68.19317705457752, 23.757027613033983], [68.19318705773651, 23.757041865489725], [68.19328272491788, 23.7571760722181], [68.19329323169734, 23.757191041433487], [68.19338839435909, 23.75732453050273], [68.19339940565817, 23.757340218276624], [68.19349406469951, 23.757472989686846], [68.193505579619, 23.757489394220215], [68.19359973414049, 23.757621447971474], [68.19361175447904, 23.757638571063183], [68.19370540448091, 23.757769906256215], [68.19371792843964, 23.757787747007], [68.19381107392212, 23.75791836544039], [68.19382410240047, 23.75793692385014], [68.19391674426248, 23.758066824624336], [68.1939302763613, 23.75808609979373], [68.19402241370352, 23.758215282909134], [68.19403645032196, 23.758235276636867], [68.19412808404388, 23.75836374209308], [68.19414262518217, 23.758384452580458], [68.19424893583982, 23.7585334837334], [68.19435620697351, 23.7586814905585], [68.19446443768379, 23.75882847485434], [68.19457362797061, 23.75897443572171], [68.19468377873346, 23.75911937406005], [68.19479488997223, 23.75926328896975], [68.19490695988844, 23.759406180450924], [68.19501999117978, 23.759548048503746], [68.19513398114833, 23.75968889402742], [68.19524893159308, 23.759828716122456], [68.19536484251358, 23.759967514789082], [68.19548171301068, 23.760105290926617], [68.19559954308454, 23.760242043635458], [68.19571833363437, 23.760377772915945], [68.19583808376063, 23.760512479667284], [68.19595879346366, 23.760646162990156], [68.19676282694297, 23.76152282122132], [68.1968826283308, 23.761655495504783], [68.19700141977984, 23.761789120371702], [68.19711920039083, 23.761923695822077], [68.19723597106326, 23.762059220956473], [68.19735173089771, 23.762195697573475], [68.19746648079354, 23.762333122975406], [68.19758021985132, 23.76247149985994], [68.19769294897054, 23.7626108264285], [68.19780466725172, 23.76275110358074], [68.1979153755941, 23.762892330416832], [68.19802507309873, 23.763034507836323], [68.19813376066469, 23.76317763583927], [68.19824143739248, 23.763321713526295], [68.19831141813762, 23.76341686269808], [68.19834845132016, 23.76346641534292], [68.19841843476303, 23.763561567212548], [68.19845546434829, 23.763611117159485], [68.19852545048929, 23.763706271727244], [68.19856247827579, 23.76375581897605], [68.19863246711486, 23.7638509762416], [68.19866949220346, 23.763900520792447], [68.19873948374033, 23.763995680756068], [68.19877650523159, 23.764045222609013], [68.19884650036573, 23.764140385270593], [68.19888351915927, 23.76418992442558], [68.19895351609199, 23.764285089785062], [68.19899053308677, 23.764334626242146], [68.19906053271757, 23.764429794299758], [68.1990975461149, 23.764479328058542], [68.19916754934297, 23.76457449971349], [68.19920456004257, 23.764624030774485], [68.19927456506923, 23.76471920422796], [68.19931157397008, 23.76476873259105], [68.19938158169464, 23.764863908742484], [68.19941858699838, 23.764913434407447], [68.19948859832027, 23.765008613256953], [68.19950709647543, 23.76503337069363], [68.19952560092588, 23.765058136224013], [68.19959561494568, 23.765153317771478], [68.19963261485339, 23.765202838040636], [68.19970263067194, 23.765298022286004], [68.19973962788168, 23.765347539857203], [68.19979227419424, 23.765419109704283], [68.1998062757392, 23.765444652248902], [68.19982679736893, 23.765481437218625], [68.1998924784553, 23.76560124130441], [68.19991213493705, 23.765636469547474], [68.19997868117139, 23.765757830359746], [68.19999747250534, 23.7657915027757], [68.20006488388742, 23.765914418515706], [68.20008281097302, 23.765946536003923], [68.20015108660351, 23.766071007570986], [68.20016814854137, 23.766101568332772], [68.2002372893196, 23.766227595726946], [68.20025348610966, 23.76625660156094], [68.20032349293484, 23.766384184782453], [68.20033882277858, 23.766411634789165], [68.2004096956511, 23.766540772938413], [68.20042416034687, 23.76656666801739], [68.2004958992664, 23.766697361094373], [68.20050949791516, 23.766721701245615], [68.20058210288181, 23.76685395014971], [68.20059483458408, 23.766876734473783], [68.20066830649728, 23.76701053830584], [68.20068017125305, 23.767031767702008], [68.20075451011274, 23.7671671264618], [68.20076550792197, 23.76718680182961], [68.20084071372798, 23.767323714617703], [68.20085084459089, 23.767341835057607], [68.20092691824283, 23.767480302773834], [68.2009361812598, 23.767496868285832], [68.20101312185824, 23.767636890030417], [68.20102151792878, 23.767651902413434], [68.20109932637291, 23.767793478186547], [68.20110685369849, 23.76780693564166], [68.2011855308877, 23.767950066342507], [68.20119219036741, 23.767961969769203], [68.20127173540237, 23.76810665359926], [68.201277526137, 23.76811700299743], [68.20135793991716, 23.76826324175522], [68.20136286190672, 23.768272037124802], [68.20144414443178, 23.768419829011975], [68.20144819857569, 23.768427071252404], [68.20153034894662, 23.768576417167935], [68.20153353344585, 23.768582105380005], [68.20161655436061, 23.76873300442469], [68.20161886921562, 23.76873713950738], [68.20170275887529, 23.7688895916815], [68.20170420498516, 23.76889217363498], [68.20178896428945, 23.769046178938083], [68.20187631454041, 23.769202113287065], [68.2019648294135, 23.769357382137628], [68.20205450800927, 23.76951198548977], [68.20214535032784, 23.769665925142476], [68.20223735816774, 23.769819199296705], [68.20233052883094, 23.769971809751326], [68.20242486501564, 23.77012375470764], [68.20252036402366, 23.77027503506497], [68.20261702855316, 23.7704256508232], [68.20271485680536, 23.770575601982614], [68.20281384878012, 23.77072488764361], [68.202896426329, 23.770847423869554], [68.20290084919503, 23.77086183280744], [68.20290236545185, 23.77086677188413], [68.2029057810771, 23.7708782049653], [68.20295607746107, 23.77104206773737], [68.20295945351603, 23.771053367718935], [68.20300978947029, 23.771217364489928], [68.2030131250558, 23.771228531371776], [68.20306350147956, 23.771392660343167], [68.20311589148531, 23.771568056920387], [68.20316687135414, 23.77174356051694], [68.20321643928736, 23.771919172032142], [68.20326459618434, 23.772094889667414], [68.20331134294423, 23.772270715221396], [68.20335667776845, 23.772446648693972], [68.20340060065729, 23.772622688286447], [68.20344311340915, 23.7727988357978], [68.2034842151246, 23.77297509032826], [68.20352390580365, 23.773151451878164], [68.20356218454737, 23.773327920447343], [68.20359905225445, 23.773504496935175], [68.20363450982484, 23.77368118044228], [68.20366855545961, 23.773857970968663], [68.20370119005793, 23.77403486851449], [68.20370907351503, 23.774079557625612], [68.20373345053844, 23.774211794838607], [68.2037407935029, 23.774253455032976], [68.20376571101895, 23.774388721162666], [68.20377251439015, 23.77442735154102], [68.20379797149928, 23.77456564748678], [68.2038042352774, 23.774601248049237], [68.20383023018104, 23.77474257381084], [68.20383595706386, 23.77477514455728], [68.20386248976217, 23.7749195001349], [68.20386767885049, 23.774949041065497], [68.20389474844399, 23.775096427358392], [68.20389940063689, 23.775122937573542], [68.20392700622654, 23.77527335368245], [68.20393112332272, 23.77529683318238], [68.20395926400892, 23.77545028000651], [68.20396284690787, 23.775470729690596], [68.20399152179135, 23.775627206330626], [68.20399457049308, 23.775644625299265], [68.2040237777752, 23.775804132654685], [68.20402629497761, 23.775818520908103], [68.20405603465838, 23.77598105987812], [68.2040580194622, 23.775992416516942], [68.20408829064223, 23.776157986202236], [68.20408974394655, 23.77616631212561], [68.20412054572671, 23.77633491342567], [68.20412146933046, 23.776340207734506], [68.20415280081119, 23.77651183974973], [68.20415319561357, 23.77651410244397], [68.20415699435, 23.77653492894393], [68.20418491560145, 23.776687998952013], [68.2041850612917, 23.776688766073846], [68.20421661850219, 23.77686190085609], [68.20421733975849, 23.776865690599152], [68.20424832140299, 23.777035802760167], [68.20424961822533, 23.77704261602406], [68.2042800252031, 23.777209704664244], [68.20428189579297, 23.777219540549424], [68.20431172900322, 23.77738360656832], [68.20431417336044, 23.777396465974277], [68.20434343370249, 23.77755750757302], [68.20434645002871, 23.777573391399017], [68.20437513840199, 23.7777314094771], [68.20437872669697, 23.777750315924322], [68.20440684310148, 23.7779053104818], [68.20441100246592, 23.777927241349232], [68.20443854870018, 23.7780792114865], [68.2044432782348, 23.778104166773915], [68.20447025429883, 23.7782531124912], [68.20447555310449, 23.778281091299448], [68.2045019607969, 23.7784270134959], [68.20450782797406, 23.778458016724187], [68.20453366729492, 23.7786009145006], [68.20454010284357, 23.77863494214887], [68.20456537469238, 23.778774815505358], [68.20457237681393, 23.77881186757378], [68.20459708208978, 23.778948715610852], [68.20460465078406, 23.77898879299846], [68.20462878948717, 23.779122616615552], [68.20466155089002, 23.779296208253527], [68.20469569005422, 23.77946939699507], [68.20473120608045, 23.779642181941256], [68.20476809896866, 23.77981456309169], [68.20480636871906, 23.77998654224524], [68.20484601623082, 23.780158116703888], [68.2048870406046, 23.78032928826616], [68.20568319062693, 23.78353574098179], [68.20572868642978, 23.783712929907892], [68.20577568320141, 23.783890118833995], [68.20582418004193, 23.784067307760097], [68.20587417785117, 23.7842444966862], [68.20592567662868, 23.7844216856123], [68.20597867547559, 23.784598874538403], [68.20598737641637, 23.784627161814228], [68.205983217052, 23.784679669631146], [68.20597906578138, 23.784727362477838], [68.20597482637731, 23.784776063464733], [68.20596837194284, 23.784857533048864], [68.20596003702627, 23.784953252390835], [68.20595352593466, 23.785035396466526], [68.2059452467758, 23.785130442216314], [68.20593868082551, 23.785213258984868], [68.20593045652538, 23.785307631142416], [68.20592383571659, 23.78539112240253], [68.20591566717445, 23.78548482006852], [68.20590898970823, 23.78556898582002], [68.20590087692403, 23.78566200899462], [68.20589414459926, 23.78574684923774], [68.20588608667373, 23.785839197920723], [68.20587929859073, 23.7859247126554], [68.20587129732269, 23.786016386846825], [68.20586445348181, 23.786102575173743], [68.20585650707221, 23.786193575772927], [68.20584960837283, 23.786280438591405], [68.20584171772111, 23.786370764699086], [68.20583476236447, 23.786458302009066], [68.20582692747087, 23.78654795362519], [68.20581991725555, 23.786636165426785], [68.20581213811977, 23.78672514255146], [68.2058050712472, 23.786814028844447], [68.20579734786935, 23.78690233237677], [68.20579022523884, 23.78699189136279], [68.20578255851825, 23.787079521303042], [68.2057753801297, 23.78716975478045], [68.205767768268, 23.787256710229144], [68.2057605341214, 23.787347618198112], [68.20575608607464, 23.787398411907304], [68.2057529789169, 23.787433899155246], [68.20574568901242, 23.78752548161583], [68.20573818866666, 23.78761108808135], [68.20573084300406, 23.787703344134115], [68.20572339931556, 23.787788277007508], [68.20571599699576, 23.787881207551834], [68.20570860996452, 23.78796546593361], [68.20570115188679, 23.788059070969496], [68.20569381971404, 23.788142654859712], [68.20568630587843, 23.788236934386987], [68.205679030363, 23.788319843785814], [68.20567145987013, 23.7884147969055], [68.20566424101207, 23.788497033611293], [68.20565661386178, 23.78859266032316], [68.20564945166097, 23.788674222537395], [68.20564176875263, 23.788770523740652], [68.20563466141056, 23.788851411463497], [68.20562692274433, 23.78894838715837], [68.20561987205946, 23.7890286003896], [68.20561207673614, 23.789126249676656], [68.20560508270859, 23.7892057893157], [68.20559723072762, 23.789304113094374], [68.20559029335749, 23.78938297824203], [68.20558238471932, 23.789481976512036], [68.20557550400645, 23.789560167168133], [68.20556753871114, 23.789659839030378], [68.20556071375597, 23.789737356094236], [68.20555269270267, 23.78983770244804], [68.20554592440487, 23.789914545020338], [68.20553784669431, 23.7900155658657], [68.20553340584217, 23.790065964772623], [68.20552815919729, 23.790091734845817], [68.20552286668703, 23.790118843110236], [68.20549230052944, 23.79026892377192], [68.2054868164634, 23.79029701589468], [68.20545644276075, 23.79044611269802], [68.20545076534063, 23.790475188679125], [68.20542058409274, 23.790623301624123], [68.20541471421785, 23.79065336146357], [68.20538472632404, 23.790800490550282], [68.20537866309502, 23.790831534248014], [68.20534886855557, 23.790977679476384], [68.20534261197207, 23.791009707032458], [68.20531300988756, 23.791154868402486], [68.20530656174861, 23.791187878917526], [68.20527715211904, 23.79133205732876], [68.20527051062567, 23.79136605170197], [68.2052412943504, 23.79150924625486], [68.20523445950283, 23.79154422448636], [68.2052054365817, 23.79168643608034], [68.20519840837989, 23.791722397270803], [68.20516957791386, 23.791863625006272], [68.20516769293477, 23.79187326843669], [68.20516235725705, 23.791900570055247], [68.20513372014517, 23.792040813932545], [68.20512630613428, 23.792078742839863], [68.20509786237653, 23.792218002858704], [68.20509025501133, 23.792256915624307], [68.20506200460784, 23.792395191784806], [68.2050542038885, 23.79243508840875], [68.20502614683937, 23.792572380710908], [68.20501815276572, 23.792613261193196], [68.20499028907074, 23.79274956963701], [68.20498210074334, 23.792791433078264], [68.20495443130204, 23.792926758563112], [68.20494604962056, 23.79296960586271], [68.2049185735334, 23.793103947489215], [68.20490999849778, 23.793147778647153], [68.20488271576488, 23.793281136415317], [68.20487394737495, 23.79332595143154], [68.20484685799624, 23.793458326240795], [68.204837896252, 23.793504124215985], [68.20481100022755, 23.793635515166898], [68.20480184422985, 23.793682296101053], [68.20477514245891, 23.793812704093057], [68.20476579310701, 23.793860468885498], [68.2047392855896, 23.79398989301933], [68.20472974198407, 23.794038641670113], [68.20470342782113, 23.79416708194543], [68.20469368996186, 23.794216814454558], [68.20466757005244, 23.794344270871534], [68.20465763883908, 23.794394986339626], [68.2046317122838, 23.794521459797636], [68.20462158771613, 23.79457315912407], [68.20459585541448, 23.794698648723738], [68.20458553569392, 23.794751331908515], [68.20455999764584, 23.79487583764984], [68.20454948457115, 23.794929503793753], [68.2045129675995, 23.795107480525928], [68.2044749271762, 23.795284813343528], [68.20443536150282, 23.795461503146043], [68.20439427237784, 23.795637549932962], [68.20435165890206, 23.795812953705024], [68.20430752197467, 23.795987713562283], [68.20426185979699, 23.796161830404287], [68.20421467326872, 23.796335304231036], [68.20416596328869, 23.796508135042586], [68.20411572805847, 23.79668032283871], [68.20406396937688, 23.796851866720374], [68.20401068634413, 23.797022767586782], [68.20395587896081, 23.79719302543782], [68.20389954812566, 23.797362640273775], [68.20384169204061, 23.797531611194927], [68.20378231160458, 23.79769993910105], [68.20372140771696, 23.797867624891126], [68.20365897947835, 23.798034665867192], [68.20359502688899, 23.79820106472738], [68.20352954994888, 23.798366820572312], [68.2034625486578, 23.79853193250267], [68.20339594756496, 23.798691783399136], [68.20339406528399, 23.79869641940428], [68.20332826458787, 23.798854298986782], [68.20332558191012, 23.798860905406514], [68.20326058250998, 23.799016815473806], [68.20325709853631, 23.799025392308124], [68.2031929004321, 23.79917933196066], [68.2031886151625, 23.799189878310415], [68.20312521835416, 23.799341847548305], [68.20312013088949, 23.799354365211798], [68.20305753627645, 23.79950436403533], [68.2030516466163, 23.79951885121409], [68.20298985509777, 23.79966688052218], [68.20298316234312, 23.7996833381157], [68.2029221739192, 23.799829397009205], [68.20291467806993, 23.799847824117933], [68.2028544927407, 23.799991913496058], [68.2028461928976, 23.800012310120167], [68.20278681246151, 23.8001544308824], [68.2027777077252, 23.8001767961224], [68.202719131283, 23.800316947369254], [68.20270922255264, 23.800341281225258], [68.20265145100365, 23.800479464755654], [68.20264073738025, 23.80050576722749], [68.20258377072452, 23.800641981242507], [68.20257225130854, 23.800670253229725], [68.2025160913447, 23.800804498628736], [68.20250376523677, 23.80083473833264], [68.2024484110654, 23.80096701511576], [68.20243527916483, 23.800999224334873], [68.2023807316856, 23.80112953250199], [68.20236679309312, 23.80116370943773], [68.20231305230561, 23.80129204988816], [68.20229830612197, 23.801328194540588], [68.20224537382501, 23.80145456727456], [68.2022298200502, 23.801492679643502], [68.20217769444508, 23.80161708466079], [68.20216133307912, 23.80165716474653], [68.20211001596465, 23.801779602946397], [68.20209284520882, 23.801821649849387], [68.20204233748404, 23.80194212033257], [68.20202435823768, 23.801986134952244], [68.20197465990282, 23.802104638618346], [68.20195587036721, 23.80215062005516], [68.20190698142221, 23.802267156004575], [68.2018873824967, 23.802315105158016], [68.20183930384098, 23.802429674290124], [68.20177267756708, 23.802592624250337], [68.20170754776524, 23.802756188447347], [68.20164391533456, 23.802920368680134], [68.20158177937577, 23.80308516404915], [68.20152114078809, 23.80325057365519], [68.20146199957173, 23.803416598397405], [68.2014043548271, 23.80358323827579], [68.20137890850987, 23.803659041231924], [68.20134744303004, 23.803750179427368], [68.20132575228183, 23.80381492431934], [68.2012905384276, 23.803917124176053], [68.20127258885901, 23.803970805608344], [68.20123364012056, 23.80408407072332], [68.20121941914095, 23.80412668509848], [68.2011767481086, 23.804251019968717], [68.20116624222834, 23.804282562790206], [68.2011198623918, 23.80441797101264], [68.20111305902043, 23.804438438683007], [68.20106298297048, 23.80458492565384], [68.20105986951751, 23.804594312777454], [68.20100611074355, 23.804751882993173], [68.20096939951821, 23.804862772099227], [68.20094307096605, 23.804985884790824], [68.20090752796017, 23.805159857741387], [68.20087358664676, 23.80533411847489], [68.20084124612663, 23.805508668790026], [68.20083825318301, 23.80552569025855], [68.20080904590088, 23.805683244286342], [68.2008057139127, 23.805702185807377], [68.20077684567491, 23.80585782068198], [68.20077317374302, 23.805878681356035], [68.20074464544916, 23.80603239617824], [68.2007406335735, 23.806055176005714], [68.20071244612257, 23.806206971674555], [68.20070809340388, 23.806231671554542], [68.20068024679597, 23.806381547170815], [68.20067555323436, 23.8064081671032], [68.2006480474696, 23.80655612356628], [68.2006430121653, 23.80658466175288], [68.200615848143, 23.806730699062598], [68.20061047199584, 23.806761157301707], [68.20058364971578, 23.806905275458234], [68.20057793092695, 23.80693765195116], [68.20055145128856, 23.807079850954494], [68.20054538895857, 23.807114146600668], [68.20051925196196, 23.80725442734996], [68.20051284788968, 23.807290642149496], [68.20048705443412, 23.807429002846277], [68.20048030592147, 23.807467136798948], [68.20045485600696, 23.807603579241913], [68.20044776485258, 23.807643631448457], [68.20042265757974, 23.807778154738173], [68.20041522288437, 23.807820126997456], [68.20039046005172, 23.80795273113364], [68.20038268001679, 23.807996621646737], [68.20035826252388, 23.808127307529332], [68.20035013804852, 23.808173116296416], [68.20032606499603, 23.808301883025592], [68.20031759518093, 23.808349610945868], [68.20029386836734, 23.80847645942106], [68.20028505231335, 23.808526105595377], [68.20026167173887, 23.808651035816695], [68.20025250944593, 23.80870260024483], [68.20022947421103, 23.808825612212388], [68.20021996657829, 23.80887909489428], [68.20019727758239, 23.809000188607854], [68.20018742281133, 23.80905558954396], [68.20016508185313, 23.80917476500349], [68.20015487994391, 23.80923208419341], [68.2001328852246, 23.809349341398956], [68.20012233617695, 23.80940857884292], [68.20010068949534, 23.809523917794593], [68.20006954777148, 23.80969868394709], [68.20004000953884, 23.809873740580827], [68.20001207569692, 23.810049085896708], [68.1999857462452, 23.810224720794224], [68.19996102028495, 23.81040064527366], [68.19993789781586, 23.810576859334617], [68.19991637973732, 23.810753362977437], [68.19989646514983, 23.810930156201778], [68.19987815495307, 23.811107238108605], [68.19986144824736, 23.811284609597124], [68.19984936675496, 23.811426737553973], [68.19984606624308, 23.811462221204636], [68.19983604599679, 23.811581730312696], [68.19983071031908, 23.811639836409313], [68.19982269915829, 23.811736723970796], [68.1998153795762, 23.81181745701008], [68.19980932534014, 23.81189171762867], [68.19980007581296, 23.811995081208067], [68.1997959263411, 23.81204671128677], [68.19978479723062, 23.812172710802145], [68.19977070755226, 23.81235055533392], [68.1997582096738, 23.812528686749488], [68.19974730359525, 23.812707105049014], [68.19973799021619, 23.81288581113131], [68.19973744522707, 23.812898444807445], [68.19972877576248, 23.813064535200283], [68.19972816062625, 23.813078766971614], [68.19971956220809, 23.813243259269086], [68.19971887602543, 23.813259089135727], [68.19971034865375, 23.813421983337832], [68.19970959142461, 23.81343941040052], [68.19970113509936, 23.813600707406806], [68.19970030682379, 23.813619732564632], [68.19969192154502, 23.81377943147561], [68.19969102132359, 23.813800054728745], [68.19968270799063, 23.81395815644379], [68.19968173582362, 23.813980376892914], [68.1996734944363, 23.814136880512763], [68.1996724512228, 23.814160699057197], [68.19966428178128, 23.81431560458151], [68.1996631657226, 23.81434102032199], [68.19965947220703, 23.814410955201538], [68.19965506822695, 23.814494328650483], [68.1996538793232, 23.814521342486103], [68.19964585557193, 23.814673052719286], [68.199644593823, 23.814701664650215], [68.19963664291674, 23.814851777687466], [68.19963530742365, 23.814881986814385], [68.19962743116116, 23.815030501756382], [68.19962602192345, 23.815062308978497], [68.19961821850615, 23.815209225825186], [68.19961673552405, 23.815242631142667], [68.19960900585113, 23.81538794989416], [68.19960796083888, 23.815411448279804], [68.19960805077102, 23.815422907441416], [68.19960803278457, 23.815442902068355], [68.19960928913741, 23.815602432806145], [68.19960927115113, 23.81562294184539], [68.19961052750398, 23.815781957271668], [68.19961050951747, 23.815802982521802], [68.19961176587037, 23.81596148263634], [68.19961174878324, 23.815983022298667], [68.19961300423694, 23.816141007101862], [68.1996129871498, 23.816163062075702], [68.19961424170396, 23.81632053246676], [68.1996142255162, 23.816343102752114], [68.19961548007052, 23.816500056932114], [68.1996154638826, 23.81652314252898], [68.19961671843691, 23.816679582296956], [68.19961670314837, 23.816703182306014], [68.19961795680331, 23.81685910676248], [68.19961794151493, 23.816883222982426], [68.19961919516987, 23.817038632127208], [68.19961917988132, 23.81706326275946], [68.19962043263689, 23.81721815659273], [68.19962041914704, 23.817243302536554], [68.19962167100346, 23.817397681957573], [68.1996216575136, 23.81742334231359], [68.19962290936985, 23.817577206422925], [68.19962289588, 23.81760338298983], [68.19962414683704, 23.817756731787824], [68.19962413514577, 23.817783422766865], [68.19962538520343, 23.817936256253347], [68.19962537351233, 23.8179634625439], [68.19962662357, 23.81811578161802], [68.1996266127781, 23.818143503220142], [68.19962786103702, 23.81829530608354], [68.1996278511445, 23.818323542997177], [68.19962909940358, 23.81847483144844], [68.19962908951106, 23.818503582774213], [68.19963033776997, 23.818654355913964], [68.19963032877678, 23.818683623450625], [68.19963157523716, 23.818833881278692], [68.19963156714317, 23.81886366322766], [68.19963281360356, 23.81901340574416], [68.19963280640894, 23.819043703004525], [68.19963405107075, 23.819192931109058], [68.19963404567471, 23.819223743680936], [68.19963528943714, 23.81937245557441], [68.19963528404128, 23.81940378345797], [68.19963652690433, 23.81955198093931], [68.19963652330699, 23.819583823234836], [68.19963776527072, 23.81973150540483], [68.19963776167339, 23.81976386301187], [68.19963900273791, 23.819911030769504], [68.19963900093933, 23.819943903688284], [68.1996402411043, 23.820090556134403], [68.19964023930572, 23.82012394346532], [68.1996414785715, 23.820270080599926], [68.1996414785715, 23.82030398324241], [68.19964271693789, 23.820449605964598], [68.19964271783726, 23.820484023918596], [68.19964395440508, 23.82062913043012], [68.1996439562036, 23.820664063695688], [68.19964519187226, 23.82080865579502], [68.19964519546954, 23.820844103472723], [68.19964643023866, 23.820988180260372], [68.19964643473531, 23.821024144148964], [68.19964766770585, 23.82116770562527], [68.19964767400108, 23.821204183926], [68.19964890517286, 23.821347230090566], [68.19964891236748, 23.821384223703035], [68.19965014353943, 23.821526755455466], [68.1996501516332, 23.821564264379447], [68.19965138100662, 23.82170627992099], [68.19965139089913, 23.821744304156482], [68.19965261847364, 23.821885805285717], [68.1996526211716, 23.82189480839878], [68.1996526301649, 23.821924343933517], [68.1996538568402, 23.822065329751183], [68.1996538685313, 23.82210438460976], [68.19965509430722, 23.822244855116082], [68.19965510779707, 23.822284424386794], [68.1996563317744, 23.82242438048081], [68.19965634706278, 23.82246446416383], [68.1996575692416, 23.822603904946334], [68.19965758632873, 23.82264450484007], [68.19965880670861, 23.822783430311176], [68.1996588255945, 23.822824544617106], [68.19966004507518, 23.82296295477653], [68.19966006486027, 23.82300458439414], [68.1996612825422, 23.823142480141428], [68.19966130412604, 23.823184625070382], [68.19966252000938, 23.82332200460695], [68.19966254339175, 23.823364664847418], [68.1996637574764, 23.823501529971622], [68.19966378175832, 23.823544704624453], [68.19966499494365, 23.823681054437145], [68.19966502102409, 23.823724745300865], [68.19966623241083, 23.823860579802044], [68.19966626028986, 23.823904785077957], [68.19966746987802, 23.824040105166773], [68.19966749955563, 23.824084824854822], [68.19966870824442, 23.824219629632296], [68.19966873882134, 23.824264865531234], [68.1996699457116, 23.82439915499714], [68.19966997808712, 23.82444490530827], [68.19967118317862, 23.82457867946266], [68.19967121735289, 23.824624945085304], [68.19967242064581, 23.82475820482739], [68.19967245751798, 23.824804985761546], [68.199673658113, 23.824937729292913], [68.19967369678375, 23.82498502553858], [68.19967489558002, 23.825117254657584], [68.19967493604952, 23.825165065315616], [68.1996761330472, 23.825296779123107], [68.19967617531529, 23.825345105992028], [68.1996773705144, 23.825476304488006], [68.199677414581, 23.825525145768893], [68.19967860798141, 23.825655829852735], [68.19967865384695, 23.825705186445305], [68.19967984454928, 23.8258353543182], [68.19967989311272, 23.82588522622234], [68.19968108201647, 23.8260148796831], [68.19968113237849, 23.826065265999375], [68.19968231948349, 23.826194404148623], [68.19968237164426, 23.826245306675617], [68.19968355695067, 23.826373929513352], [68.19968361180935, 23.826425346452652], [68.19968479441786, 23.826553453978875], [68.19968485107512, 23.826605386229687], [68.19968603188505, 23.826732979343547], [68.19968609034089, 23.82678542690593], [68.19968726935207, 23.826912504708446], [68.1996873296066, 23.826965466682964], [68.19968850681926, 23.82709202917397], [68.19968856977175, 23.82714550646], [68.19968974338707, 23.82727155453864], [68.19968980903752, 23.82732554713641], [68.19969098085409, 23.827451079004163], [68.1996910483033, 23.827505586913276], [68.19969221832133, 23.827630604369062], [68.19969228756901, 23.827685626690368], [68.19969345578852, 23.827810128834415], [68.19969352773415, 23.82786566736678], [68.19969469235633, 23.827989654199314], [68.19969476699993, 23.828045707143815], [68.19969592982335, 23.828169179563986], [68.19969600626587, 23.828225747820056], [68.19969716729054, 23.82834870402951], [68.19969724643096, 23.82840578759709], [68.19969840475773, 23.828528229394408], [68.19969848569673, 23.828585827374127], [68.19969964132537, 23.82870775385993], [68.1996997249625, 23.82876586805054], [68.19970087879256, 23.828887279224602], [68.19970096512759, 23.828945907827574], [68.19970267923537, 23.829125977282217], [68.19970584305037, 23.829306136669004], [68.1997104565724, 23.829486385088728], [68.1997165198016, 23.82966672434003], [68.199724032738, 23.82984715262404], [68.19973299448225, 23.830027670840423], [68.19974340683285, 23.830208278988948], [68.19975526799135, 23.83038897617041], [68.199768578857, 23.830569763284075], [68.19977349545053, 23.83063000616994], [68.19978248597295, 23.83075058816928], [68.19978571723709, 23.830789742852517], [68.1997964128742, 23.830931413054316], [68.1997979210372, 23.830949483132144], [68.19981012843482, 23.831109223412], [68.19981033797688, 23.83111223883884], [68.19982245814003, 23.831268936712206], [68.19982415516074, 23.83129305742864], [68.19983476806027, 23.83142865360952], [68.1998379921298, 23.83147387781736], [68.19985231293407, 23.831654726984084], [68.19986806635825, 23.83183566608318], [68.19988525240245, 23.832016693315836], [68.19990387106697, 23.83219780868211], [68.19992392325048, 23.832379013980358], [68.19994540715493, 23.83256030651296], [68.1999683245786, 23.832741688977933], [68.19999267462237, 23.832923159576126], [68.20001845818541, 23.833104719207483], [68.2000456734691, 23.833286366972402], [68.20007432227226, 23.833468103770088], [68.20009128978126, 23.833570661556905], [68.20010378855909, 23.833649891829168], [68.20012036306446, 23.833750015151054], [68.2001332557453, 23.83383167898893], [68.20014943544822, 23.83392936874543], [68.20016272203213, 23.834013466148633], [68.20017850783199, 23.834108723239012], [68.20019218921834, 23.834195254207714], [68.20020758021582, 23.83428807683339], [68.20022165640438, 23.834377041367475], [68.20023665259959, 23.834467430427765], [68.20025112448997, 23.83455882852718], [68.20025979395439, 23.834611060252257], [68.20026572408403, 23.834646784921347], [68.20028059257533, 23.83474061658626], [68.20029479556842, 23.83482613941493], [68.20031006066091, 23.83492240374602], [68.20032386705287, 23.835005493908454], [68.20033952874633, 23.8351041918051], [68.20035293853743, 23.83518484750283], [68.20036899683186, 23.835285978964805], [68.2003820091225, 23.835364201996413], [68.20039846581665, 23.835467767023886], [68.20041107970775, 23.83554355738937], [68.20042793480138, 23.835649554183647], [68.20044015029276, 23.835722911882954], [68.20046872265362, 23.835902466925404], [68.20049605215121, 23.83608252378957], [68.20052213788654, 23.836263081576078], [68.20054698165802, 23.836444140284925], [68.20057058256646, 23.836625699916226], [68.20059294061184, 23.836807760469867], [68.20061405579418, 23.836990322845224], [68.2006339281134, 23.837173386142922], [68.20065255667026, 23.837356949463754], [68.20066994326339, 23.837541014606245], [68.20068608699347, 23.837725580671076], [68.20070098786033, 23.837910648557568], [68.20071464586431, 23.83809621646725], [68.20072706010586, 23.83828228619859], [68.20073823238369, 23.838468856852273], [68.20074816179834, 23.83865592752909], [68.20075684835007, 23.838843500927], [68.2007642911392, 23.839031574347814], [68.20077049196482, 23.83922014869097], [68.20077544992722, 23.839409224856013], [68.20082071370501, 23.841719144323122], [68.20082335861116, 23.841911764716144], [68.20083206314928, 23.843012657208533], [68.20083224481232, 23.84302720374245], [68.20137584092248, 23.843611502269198], [68.20149750750414, 23.843740738444353], [68.20161985577187, 23.84386916522982], [68.20174288572571, 23.843996784424178], [68.20184036953748, 23.844096710794645], [68.2018538989384, 23.84413866236946], [68.20191865282368, 23.844335432234573], [68.20198434380256, 23.844531090537487], [68.20205097187483, 23.844725637278486], [68.20211853614154, 23.844919072457287], [68.20218703840123, 23.845111395174854], [68.20225647595561, 23.8453026072296], [68.20232685150313, 23.84549270682311], [68.20239816324471, 23.84568169575374], [68.20247041207989, 23.845869572223137], [68.20254359800867, 23.846056337130335], [68.20261772013168, 23.84624199047545], [68.2031023908628, 23.847433609273764], [68.20317482765626, 23.847615252542028], [68.20324580395078, 23.847796859837274], [68.20331532244433, 23.84797843026047], [68.20338338133814, 23.84815996561008], [68.2034499815316, 23.848341464087298], [68.20351512302449, 23.848522926591897], [68.20357880491804, 23.84870435312348], [68.20364102811106, 23.848885743682217], [68.20370179260368, 23.84906709736879], [68.20376109749674, 23.84924841598172], [68.20381894368933, 23.849429697722428], [68.20387533118168, 23.849610943490347], [68.2039302590743, 23.84979215328542], [68.20398372826656, 23.8499733262081], [68.20403573875848, 23.85015446405737], [68.20408628965066, 23.850335565034413], [68.20413538184249, 23.8505166300385], [68.20418301533397, 23.850697659069738], [68.20422918922588, 23.85087865212813], [68.20427390441722, 23.85105960831436], [68.20428706419682, 23.851114646823532], [68.20431811329041, 23.85124055280926], [68.20432852923835, 23.85128421309605], [68.20436231586837, 23.85142149640501], [68.20436999967592, 23.85145377667061], [68.20440651305029, 23.85160244000059], [68.20441147640855, 23.85162333754704], [68.20445070393697, 23.85178338359634], [68.20445295763801, 23.85179289482636], [68.20449443077354, 23.8519624575016], [68.20449490291747, 23.8519643280913], [68.2045358409564, 23.852132054350875], [68.20453916934724, 23.852145273485633], [68.20458323882548, 23.852326213484048], [68.2046258082346, 23.852507117509504], [68.20466687937312, 23.852687983763587], [68.20470645134174, 23.852868813145278], [68.20474452324135, 23.853049604755597], [68.20478109597087, 23.853230359493523], [68.20481616953077, 23.853411077359397], [68.20483238070983, 23.8534983160946], [68.20485050384787, 23.85359177723882], [68.20486595779778, 23.853675031977218], [68.20488483726558, 23.853772476218865], [68.2048995357851, 23.853851746960686], [68.20491916978392, 23.853953176098287], [68.20493311467163, 23.854028461944097], [68.20495350140305, 23.854133875078332], [68.20496669355816, 23.854205176927564], [68.20498783212281, 23.854314574957755], [68.20500027424339, 23.854381891011485], [68.20502216284262, 23.8544952739378], [68.2050338549285, 23.85455860509552], [68.2050564917638, 23.854675973817223], [68.20506743561373, 23.854735318280404], [68.20509082068486, 23.85485667279727], [68.20510101809754, 23.854912032364496], [68.20512514870671, 23.85503737267669], [68.20513460148072, 23.85508874554921], [68.20513700986515, 23.855101269508168], [68.20515947582919, 23.855218071656736], [68.20516818486391, 23.85526545783472], [68.20518197776619, 23.85533723722375], [68.20516717042864, 23.855456811083002], [68.20514396791992, 23.855657552354273], [68.20512251459246, 23.85585755438268], [68.20510280954721, 23.85605681626913], [68.20508485278384, 23.856255338013625], [68.20506864430268, 23.856453120515084], [68.20505418410346, 23.856650162874757], [68.20504147218622, 23.856846465092474], [68.20503050855126, 23.857042028067156], [68.20502129319817, 23.85723685090005], [68.2050138261273, 23.85743093449014], [68.20500810823768, 23.857624277938044], [68.2050041377309, 23.857816881244162], [68.20500191550616, 23.858008745307473], [68.20500144246267, 23.85819986922877], [68.20500271680208, 23.85839025300794], [68.20500574032275, 23.858579897544246], [68.20501051212557, 23.858768801938766], [68.20501703131112, 23.858956967090535], [68.20502529967791, 23.859144392100063], [68.20503531632693, 23.859331076967806], [68.20504708125782, 23.85951702259257], [68.205166132611, 23.861148691359062], [68.20518039136215, 23.861320871960743], [68.20519631745617, 23.861492641572283], [68.20521390999409, 23.861664000193628], [68.20523316897572, 23.86183494872398], [68.20525409530035, 23.86200548626431], [68.20527668716954, 23.862175613713703], [68.20530094638161, 23.862345331072277], [68.20532687113837, 23.862514637440654], [68.205354463238, 23.86268353281889], [68.20538372268084, 23.86285201810631], [68.20541464766802, 23.863020093302737], [68.20544723909893, 23.863187757509138], [68.20548149787288, 23.86335501072523], [68.2059217870609, 23.865399801959313], [68.20596213694313, 23.865578210366152], [68.20600441407248, 23.86575658280009], [68.20604861844896, 23.86593492016044], [68.20608225848957, 23.866064945041273], [68.20609423925782, 23.866113231440522], [68.2061270717071, 23.86624004574162], [68.20613986006663, 23.866291543619923], [68.20617188402537, 23.866415146441966], [68.20618548177464, 23.866469854900004], [68.20621669544431, 23.86659024804169], [68.20623110438203, 23.866648166180028], [68.20626150596388, 23.866765349641184], [68.20627672788873, 23.866826478359258], [68.20630631648345, 23.866940451240907], [68.2063223513955, 23.86700478963951], [68.20635112610364, 23.86711555373978], [68.20636797580147, 23.86718310181874], [68.206395935724, 23.86729065623888], [68.20641360110693, 23.86736141309882], [68.20644074444499, 23.867465758737808], [68.2064592273116, 23.867539724378844], [68.20648555226649, 23.867640862136227], [68.20650485351632, 23.8677180365583], [68.2065303600881, 23.867815964635156], [68.20655048062036, 23.867896347838325], [68.20657516701033, 23.86799106893278], [68.20659610772424, 23.868074659118406], [68.20661997393279, 23.86816617233103], [68.20664173572766, 23.868252971297636], [68.2066647799557, 23.868341276628655], [68.20668736463028, 23.86843128257766], [68.20670958507941, 23.868516380926337], [68.20673299353285, 23.86860959385774], [68.20675439020306, 23.86869148612334], [68.20677862423423, 23.868787905137765], [68.20679919442739, 23.868866590420964], [68.20682425403618, 23.868966217317222], [68.20684399865172, 23.869041695617796], [68.20686988563676, 23.869144528597246], [68.20688880197673, 23.869216801714174], [68.20691551633809, 23.869322839877327], [68.20693360530169, 23.869391906911005], [68.20696114883799, 23.86950115115718], [68.20697840772743, 23.869567013007384], [68.2070067813379, 23.869679462437432], [68.20702321015301, 23.86974211910359], [68.20705241473718, 23.869857774616662], [68.20706801167944, 23.869917226099176], [68.20709804813646, 23.870036085896743], [68.20711281230643, 23.870092332195554], [68.20714368243512, 23.870214397176767], [68.20715761383286, 23.870267439191082], [68.20718931673377, 23.870392708456848], [68.20720241356071, 23.870442546186666], [68.20723495193164, 23.87057101973687], [68.20724721328838, 23.870617654081627], [68.20728058712945, 23.870749331016953], [68.207292013016, 23.87079276107721], [68.20732622322669, 23.870927642296977], [68.20733681184447, 23.870967868972116], [68.20737186022325, 23.871105954476207], [68.20738161067294, 23.871142976867077], [68.20741749721986, 23.871284265756287], [68.20742640860186, 23.871318085661187], [68.20746313511563, 23.87146257703631], [68.20747120653095, 23.871493193556148], [68.20750877301157, 23.871640888316392], [68.20755580125933, 23.87181917441552], [68.20760450314543, 23.871997429937494], [68.20765487866981, 23.87217565488271], [68.20770692693327, 23.87235384925077], [68.20776064973427, 23.872532013941395], [68.20781604527434, 23.872710147155715], [68.20787311535207, 23.872888250692256], [68.20883788286204, 23.87581283339557], [68.21010005257546, 23.87644040639981], [68.2102545210293, 23.87651865731027], [68.21040825653597, 23.876597992803283], [68.2105612608936, 23.876678410180546], [68.21292755885986, 23.877944929914634], [68.2130867838282, 23.87802856056976], [68.21324681548828, 23.87811103289789], [68.21340765563889, 23.87819234510073], [68.21354399735765, 23.87825995073632], [68.21356917837488, 23.87827267704256], [68.21370333923778, 23.878339183706544], [68.21373070201042, 23.878353008984163], [68.2138626820173, 23.87841841847535], [68.21389222474642, 23.878433340026618], [68.21402202389743, 23.878497652344947], [68.21405374838196, 23.87851367196845], [68.21418136667671, 23.878576887113752], [68.21421527201733, 23.878594003010903], [68.21434070855685, 23.8786561218825], [68.21437679655202, 23.8786743340533], [68.21450005043698, 23.878735356651475], [68.21453832018739, 23.87875466419638], [68.21465939231712, 23.878814592319657], [68.21469984472213, 23.878834995239004], [68.21481873419725, 23.878893827987838], [68.21486136835745, 23.87891532538208], [68.21497807607739, 23.878973063655963], [68.21502289289236, 23.87899565552516], [68.21510208269501, 23.879034822798815], [68.21518225545674, 23.879079088329263], [68.21523081345134, 23.87910542047888], [68.21533956576837, 23.879165466413156], [68.21538846370669, 23.879191984722297], [68.2154968751808, 23.87925184449705], [68.21554611396203, 23.879278548965885], [68.21565418549244, 23.87933822258094], [68.21570376421738, 23.87936511320953], [68.2158114949047, 23.879424600664834], [68.2158614144729, 23.87945167745312], [68.21596880521633, 23.879510978748726], [68.21601906472824, 23.879538241696537], [68.21612611462854, 23.87959735683262], [68.21617671408421, 23.879624805940125], [68.21628342494017, 23.879683734916455], [68.21633436433956, 23.879711370183713], [68.21644073525181, 23.879770113000347], [68.2164920145949, 23.8797979344273], [68.21659804466407, 23.87985649108424], [68.21664966485025, 23.879884499570096], [68.2167553549757, 23.879942869168133], [68.21680731510554, 23.879971063813684], [68.21691266438813, 23.880029247252025], [68.21696496536089, 23.880057628057273], [68.21706997469971, 23.880115625335918], [68.2171226156164, 23.88014419230069], [68.21722728501135, 23.88020200341981], [68.21728026587175, 23.88023075654428], [68.2173845944236, 23.880288381503703], [68.2174379161271, 23.880317320787697], [68.21754190473524, 23.88037475958754], [68.21759556638244, 23.880403885031285], [68.2176992141475, 23.88046113857081], [68.21775321573841, 23.88049044927493], [68.21785652445908, 23.8805475166547], [68.21791086599376, 23.880577014417668], [68.21801383477072, 23.880633894738594], [68.2180685162491, 23.880663578661313], [68.21817114418315, 23.88072027192311], [68.21822616650445, 23.8807501429049], [68.21832845449461, 23.880806650007003], [68.21838381675974, 23.88083670714849], [68.21848576480619, 23.880893028090895], [68.21854146701509, 23.880923271391907], [68.21864307421862, 23.880979406174788], [68.2186991172706, 23.881009835635496], [68.21880038453025, 23.881065784258624], [68.21885676662657, 23.88109640077846], [68.21895769484189, 23.881152162342516], [68.21901441688192, 23.88118296502188], [68.21911500425415, 23.88123854042641], [68.21917206713727, 23.881269529265467], [68.21927231456579, 23.881324918510302], [68.21932971739261, 23.881356093509055], [68.21942962487736, 23.881411296594194], [68.21948736764796, 23.881442657752473], [68.21958693428962, 23.881497674678087], [68.2196450179033, 23.881529222895438], [68.21974424460126, 23.88158405276198], [68.21980266725944, 23.881615787138855], [68.2199015549129, 23.881670430845872], [68.21996031751479, 23.881702351382444], [68.22005886432532, 23.88175680892971], [68.22011796777014, 23.881788915626032], [68.22021617463673, 23.8818431870136], [68.22027561802543, 23.881875480768826], [68.22037348494854, 23.881929565097494], [68.22043326828077, 23.881962045012415], [68.2205307943608, 23.882015943181386], [68.22059091853612, 23.88204860925606], [68.22068810467243, 23.88210232126528], [68.22074856789226, 23.882135174398798], [68.22084541498407, 23.882188698449795], [68.2209062181476, 23.882221738642443], [68.22094781359078, 23.882244728011926], [68.22100272439627, 23.882275076533688], [68.22106386840295, 23.88230830288603], [68.2211600347079, 23.88236145461758], [68.2212215186583, 23.88239486712945], [68.22131734501954, 23.882447832701473], [68.22137916891364, 23.882481432272414], [68.22147465533118, 23.88253421078531], [68.22153681916899, 23.882567996516002], [68.22163196474344, 23.8826205888692], [68.22169446852496, 23.88265456075942], [68.22178927505502, 23.882706966953094], [68.2218521187803, 23.882741125902385], [68.22194658536665, 23.88279334413761], [68.2220097690356, 23.882827690145973], [68.22210389477908, 23.882879722221503], [68.22216741929094, 23.88291425438939], [68.22226120509072, 23.882966100305396], [68.22232506954646, 23.883000819532356], [68.22241851540235, 23.88305247838929], [68.22248271890243, 23.883087383775774], [68.22257582571393, 23.88313885647318], [68.22264036915777, 23.883173948019362], [68.22273313512619, 23.883225234557074], [68.22279801941312, 23.883260513162327], [68.22289044543783, 23.88331161174159], [68.22295566966847, 23.883347077405745], [68.22304775574946, 23.883397989825426], [68.2231133190246, 23.883433641649333], [68.22320506606104, 23.88348436790932], [68.22327096927995, 23.883520206792298], [68.2233623754733, 23.88357074599321], [68.2234286195353, 23.883606771035716], [68.22351968578494, 23.883657124077104], [68.22358626979064, 23.88369333617868], [68.22367699609657, 23.88374350126162], [68.22374392004599, 23.8837799004221], [68.22383430640821, 23.883829879345512], [68.22390156940196, 23.883866464665687], [68.22399161671979, 23.883916257429405], [68.22405921965725, 23.88395302980848], [68.22414892613222, 23.884002635513298], [68.2242168699126, 23.88403959405207], [68.22430623644385, 23.88408901359719], [68.22437452016811, 23.884126159194864], [68.22446354675532, 23.884175390781706], [68.22453216952408, 23.884212723438452], [68.2246208570669, 23.884261768865542], [68.22468981977943, 23.884299288581417], [68.22477816647933, 23.884348146949435], [68.22482359033654, 23.884372860319274], [68.22484959513275, 23.884380765360163], [68.2248653080876, 23.884385659470695], [68.22502152392428, 23.88443314907073], [68.22503637892578, 23.88443777698194], [68.2251934518165, 23.88448553278124], [68.22520744976418, 23.88448989449313], [68.22536538060785, 23.88453791649175], [68.22537852060236, 23.884542012004317], [68.22553730850007, 23.884590300202262], [68.22554959233997, 23.8845941286163], [68.2257092372916, 23.88464268391283], [68.22572066317815, 23.884646246127488], [68.22588116608301, 23.88469506762334], [68.22589173401639, 23.884698363638677], [68.22605309397517, 23.884747452233228], [68.22606280575394, 23.884750480250545], [68.22622502276676, 23.88479983594374], [68.22623387659218, 23.884802597761734], [68.22639695065874, 23.88485221965425], [68.22640494832973, 23.884854714373716], [68.22656887855095, 23.884904604264193], [68.22657601916814, 23.884906831884905], [68.22674080734254, 23.884956987974704], [68.22674709000631, 23.884958948496774], [68.22691273523469, 23.88500937258459], [68.22691816174392, 23.885011066007962], [68.22703872485732, 23.88504777093806], [68.22708676664104, 23.885056721890237], [68.22716308760658, 23.88507149865086], [68.22726636485095, 23.88509074594134], [68.22734159853604, 23.885105316757006], [68.22744596216148, 23.88512476999233], [68.22752010946562, 23.88513913486321], [68.2276255603714, 23.885158794043264], [68.22769862039519, 23.885172952070207], [68.22780515768193, 23.885192818993573], [68.22787713132465, 23.885206770176353], [68.22798475589184, 23.885226843044563], [68.22805564225422, 23.88524058738335], [68.22816435320237, 23.885260867095496], [68.22823415318379, 23.885274405489554], [68.22834395141228, 23.88529489114643], [68.22841266321387, 23.88530822269638], [68.22852354872299, 23.88532891519742], [68.22859117414345, 23.88534203990332], [68.22870314693273, 23.88536294014773], [68.22876968507302, 23.885375857110148], [68.22888274424344, 23.885396964198662], [68.22894819600248, 23.885409675216522], [68.22906234155397, 23.8854309891488], [68.22912670693205, 23.88544349242335], [68.22924193976388, 23.885465013199962], [68.22930521786162, 23.88547730963012], [68.22942153707442, 23.88549903815027], [68.22948372879108, 23.885511126837116], [68.22960113438495, 23.88553306310041], [68.22966223972065, 23.885544944044113], [68.22978073259486, 23.8855670871514], [68.2298407497509, 23.88557876125094], [68.2299603299054, 23.88560111210171], [68.23001926068048, 23.88561257755856], [68.23013992721593, 23.88563513705202], [68.23019777161005, 23.885646394765388], [68.23031952452646, 23.88566916200233], [68.23037628253951, 23.885680211972385], [68.23049912273632, 23.885703186952696], [68.23055479346908, 23.88571402827978], [68.23067872004708, 23.885737211902835], [68.23073330439865, 23.885747845486776], [68.23085831735762, 23.885771236853145], [68.23091181532811, 23.885781661794226], [68.23103791466815, 23.885805261803455], [68.23109032625769, 23.885815479001224], [68.23121751197868, 23.88583928675382], [68.23126883628788, 23.885849295308844], [68.23139710928922, 23.88587331170413], [68.23144734721734, 23.88588311251567], [68.23157670659992, 23.885907337553647], [68.23162585814691, 23.885916928823292], [68.23175630391046, 23.885941362503956], [68.23180436907649, 23.885950745130913], [68.231935901221, 23.885975387454266], [68.23198288000594, 23.885984561438534], [68.23211549853153, 23.886009413303782], [68.23216139093552, 23.886018377745984], [68.23229509584206, 23.88604343825415], [68.23247428036382, 23.886078452458662], [68.2326529109032, 23.886114791364548], [68.23283098835941, 23.88615245497192], [68.23300851273274, 23.88619144417987], [68.23318548312363, 23.886231757189876], [68.23336190043142, 23.88627339580063], [68.23353776375694, 23.88631635911281], [68.23371307399935, 23.88636064802563], [68.23388783025928, 23.8864062607405], [68.23406203343615, 23.88645319905595], [68.23423568353007, 23.886501462073], [68.23440877964157, 23.88655104979108], [68.23458132267001, 23.886601963110195], [68.2345928375895, 23.886605460573662], [68.23459892510044, 23.886608072204922], [68.23476601104267, 23.88668133277747], [68.23493222374333, 23.88675578944816], [68.23509756230271, 23.88683144131801], [68.23526202762054, 23.886908290185545], [68.23542561969657, 23.886986334252015], [68.2355883385311, 23.88706557441685], [68.23575018412384, 23.887146010679828], [68.23591115557548, 23.887227643041342], [68.23607125378538, 23.887310471501166], [68.23623047875367, 23.8873944960593], [68.2363888295809, 23.887479715816255], [68.23654630806573, 23.887566132571067], [68.23670291240961, 23.887653745424018], [68.23685864351177, 23.88774255347613], [68.23701350137196, 23.88783255762661], [68.23716748509145, 23.88792375787517], [68.23732059646852, 23.888016154222328], [68.23747283370449, 23.888109746667567], [68.23762419769872, 23.888204535211173], [68.23777468755185, 23.88830051985326], [68.23777580540929, 23.888301245606044], [68.23792517740515, 23.888396504495176], [68.23792734836843, 23.888397914632094], [68.23807566725827, 23.88849249003647], [68.2380788913278, 23.888494582758938], [68.23822615711151, 23.888588474678386], [68.23823043428729, 23.88859125178493], [68.23837664786419, 23.88868446021968], [68.23838197724649, 23.888687919911604], [68.2385271368181, 23.888780444861766], [68.23853352020598, 23.888784588937654], [68.23867762667123, 23.88887643040306], [68.23868506316512, 23.88888125706444], [68.23883664749332, 23.888977851446725], [68.23898896297038, 23.88907312112775], [68.23914201049558, 23.889167067006554], [68.23929578916949, 23.88925968908353], [68.23945030079074, 23.88935098645885], [68.23960554266165, 23.88944095913297], [68.23976151748013, 23.889529608005034], [68.23991822344732, 23.889616933075047], [68.24007566056343, 23.889702933443687], [68.24023383062678, 23.88978760911084], [68.24039273183917, 23.889870960976168], [68.24055236420037, 23.889952989039273], [68.24071272950897, 23.89003369240112], [68.24087382506701, 23.890113071960798], [68.24103565357262, 23.89019112681916], [68.24119821322705, 23.890267856976152], [68.24136150492956, 23.890343264230296], [68.241525527781, 23.890417345883975], [68.24169028268051, 23.890490104634637], [68.24185576962822, 23.89056153778489], [68.24202198772474, 23.890631648032297], [68.24218893786929, 23.890700432678898], [68.24235662006203, 23.890767894422822], [68.24252503340364, 23.89083403056611], [68.24269417879344, 23.89089884380678], [68.242864055332, 23.890962332345794], [68.24303466481803, 23.891024496183604], [68.24320600455349, 23.891085336219362], [68.24337807723651, 23.891144851553747], [68.24355088106842, 23.891203043086023], [68.24372441604908, 23.891259910816302], [68.24389868397719, 23.891315453845152], [68.24407368305413, 23.891369672172743], [68.24424941327987, 23.89142256669811], [68.24442587645319, 23.891474137421653], [68.24460306987595, 23.89152438344354], [68.2447809962461, 23.8915733056636], [68.24495965376514, 23.89162090318223], [68.2451390433323, 23.891667175999487], [68.24531916404834, 23.89171212591401], [68.2455000168124, 23.891755750227787], [68.24568160162465, 23.89179805073951], [68.24586391758572, 23.89183902744918], [68.24604696559504, 23.89187867945759], [68.2462307456525, 23.891917007663835], [68.24641525685865, 23.891954011168764], [68.24660050011317, 23.891989690871696], [68.24675801457084, 23.892018788436417], [68.24678636479894, 23.892024245522578], [68.24694144299332, 23.892052878137974], [68.24697222948487, 23.892058799274253], [68.24712487231517, 23.89208696783936], [68.24715809507006, 23.892093353925304], [68.24730830163685, 23.89212105844007], [68.247343959756, 23.892127906777603], [68.24749173095876, 23.892155149041002], [68.2475298253413, 23.892162460529107], [68.24767516028061, 23.892189239641766], [68.24771569092644, 23.892197013381633], [68.24785858960229, 23.892223330242473], [68.2479015565118, 23.89223156623393], [68.24804201892414, 23.892257421742784], [68.24808742299632, 23.89226611908623], [68.24822544824582, 23.892291513242867], [68.24827328858146, 23.89230067103921], [68.24840887756773, 23.892325605642213], [68.24845915506614, 23.8923352229923], [68.24859230688958, 23.892359697142297], [68.24864502065128, 23.89236977494528], [68.24877573711063, 23.892393789541813], [68.2488308871358, 23.892404326898202], [68.24895916643248, 23.89242788284065], [68.24901675362048, 23.892438877951975], [68.24914259575434, 23.89246197524011], [68.2492026210042, 23.89247342900569], [68.24932602597539, 23.892496068538776], [68.24938848748889, 23.892507980059293], [68.24946813234845, 23.89252258504939], [68.2495094552973, 23.89253016273682], [68.2495743539734, 23.892542530213632], [68.24969288461898, 23.892564256035712], [68.24976022135729, 23.892577081267405], [68.24987631484021, 23.892598350233754], [68.24994608874118, 23.8926116314218], [68.25005974416206, 23.892632444431797], [68.25013195612485, 23.89264618067682], [68.25022897408797, 23.892663940488546], [68.25024317438312, 23.89266653952916], [68.25031782350874, 23.89268073083116], [68.25036451990678, 23.892689274390648], [68.2504640487769, 23.892787022602988], [68.2505975531347, 23.892916337019415], [68.25073170320564, 23.893044481417803], [68.25086649898981, 23.893171458496113], [68.2510019404873, 23.893297265556498], [68.25113802859732, 23.893421905296805], [68.25127476152113, 23.89354537591845], [68.25141214015832, 23.893667677421433], [68.25155016450867, 23.893788810705075], [68.25168883547155, 23.893908775769432], [68.253440705824, 23.895402610841984], [68.25357659068715, 23.895520205293337], [68.25371159331547, 23.895638771911877], [68.25384571280944, 23.895758308898962], [68.25397895006853, 23.895878818053063], [68.25411130419337, 23.896000298475087], [68.25424277518408, 23.89612275016492], [68.25437336393969, 23.89624617312245], [68.25450306956105, 23.89637056824722], [68.25463189204834, 23.89649593374054], [68.25475983230046, 23.896622271400872], [68.25488688941857, 23.896749580328844], [68.25501306340215, 23.89687786052491], [68.25513835515108, 23.897007112888048], [68.25526276376564, 23.897137335619675], [68.25538629014517, 23.897268530518375], [68.25550893339062, 23.897400696684883], [68.25563069350176, 23.89753383321994], [68.25575157137803, 23.897667942821386], [68.25587156611999, 23.89780302279138], [68.25599067772765, 23.89793907402901], [68.25610890710044, 23.898076097434114], [68.25622625333892, 23.898214092106855], [68.2563427173427, 23.89835305804729], [68.25645829821207, 23.898492995255594], [68.25652288122598, 23.898572337043845], [68.25657338175614, 23.898633480151148], [68.25663797016631, 23.89871282733526], [68.25668846440124, 23.89877396504653], [68.25675305910647, 23.898853318525823], [68.25680354794554, 23.898914449942026], [68.25686814804664, 23.898993809716615], [68.25691863148984, 23.89905493483741], [68.25698323788617, 23.89913430000803], [68.25703371413476, 23.899195419732962], [68.25709832682651, 23.899274791198764], [68.25714879767906, 23.899335904628288], [68.25721341576667, 23.899415282389555], [68.2572638812232, 23.89947638952384], [68.25732850470683, 23.8995557726808], [68.2573789647675, 23.899616874419394], [68.257443593647, 23.899696263871533], [68.25749404741242, 23.89975735931472], [68.25752635645637, 23.89979704549728], [68.25755868348648, 23.899836755062324], [68.25760913095672, 23.899897843310896], [68.25767377242681, 23.89997724535374], [68.25772421450097, 23.90003832820645], [68.25778886136698, 23.900117736544303], [68.25783929714589, 23.90017881310183], [68.25790395030714, 23.900258227735094], [68.2579543806902, 23.900319297997328], [68.2580190392473, 23.90039871802651], [68.2580694642345, 23.90045978289271], [68.25813412818763, 23.900539209217243], [68.2581845477788, 23.900600267788263], [68.25824921802717, 23.900679700408034], [68.25829963042372, 23.90074075268359], [68.25836430696734, 23.90082019069922], [68.25841471396802, 23.900881237579142], [68.25847939590744, 23.900960681890012], [68.25852979751232, 23.901021722474695], [68.2585944848476, 23.901101173080804], [68.25871018532689, 23.90124129734818], [68.25882696948912, 23.901380773204096], [68.25894483823373, 23.901519599749918], [68.25906379066157, 23.90165777788428], [68.25918382677224, 23.901795306708152], [68.25930494746541, 23.901932186221586], [68.25942715184163, 23.902068416424356], [68.25955044080024, 23.902203997316803], [68.25960036936164, 23.902258166181582], [68.2596588360866, 23.902348495886542], [68.25975755736556, 23.902498787888874], [68.25985731916012, 23.902648455761778], [68.25995812147028, 23.902797501303723], [68.2600599633966, 23.902945923615505], [68.26016284673813, 23.903093722697292], [68.26026677059502, 23.903240899448065], [68.26037173496769, 23.903387452968673], [68.2604777398559, 23.903533383259116], [68.26058478525977, 23.90367869031934], [68.2606928702798, 23.903823374149454], [68.26080199671497, 23.903967435648724], [68.26091216366558, 23.904110873917773], [68.26102337113173, 23.904253688956715], [68.26113561911365, 23.904395880765435], [68.26124890761116, 23.90453745024314], [68.2613632366241, 23.90467839559153], [68.26147860615276, 23.90481871860908], [68.26159501619708, 23.904958419295667], [68.2617124667571, 23.905097495852885], [68.2618309578325, 23.90523595007909], [68.26195048942373, 23.905373781075298], [68.26202872594502, 23.905462812159158], [68.26207070180158, 23.9055112037791], [68.26214728177183, 23.90559833549497], [68.26219091417937, 23.905648627382277], [68.26226583669916, 23.905733857931295], [68.2623111274566, 23.90578605008625], [68.2623843925258, 23.90586938126711], [68.26243133983462, 23.90592347279022], [68.26250294745307, 23.90600490460281], [68.26255155311179, 23.906060895494022], [68.26262150238057, 23.906140427938453], [68.26267176638902, 23.906198318197994], [68.26274005640852, 23.906275952173473], [68.26279198056557, 23.90633574090174], [68.26285861133596, 23.906411475509344], [68.26291219384274, 23.90647316360571], [68.26297716536408, 23.906546999744364], [68.26303240801934, 23.906610585410363], [68.2630957202914, 23.906682523979384], [68.26315262219589, 23.906748007214787], [68.26321427431947, 23.906818048214404], [68.2632728363725, 23.90688542991876], [68.26333282834742, 23.906953573348858], [68.26339305144825, 23.907022851723355], [68.26345138237554, 23.907089098483254], [68.26346351872644, 23.90710305686065], [68.26348781211294, 23.90717551433869], [68.26354730676286, 23.907349293035566], [68.2635918214055, 23.90747665862102], [68.26360756044068, 23.907522617574784], [68.26365103546709, 23.907646963236914], [68.26366781501781, 23.907695941214854], [68.26371025042783, 23.907817267852636], [68.26372806959478, 23.907869264854753], [68.26376946359005, 23.907987572468585], [68.26378832417191, 23.908042589393972], [68.26382867765142, 23.908157877084477], [68.2638485787491, 23.90821591303404], [68.26388789081363, 23.908328182599632], [68.26390883422545, 23.908389235774735], [68.2639471039758, 23.908498487215525], [68.26396908970179, 23.908562559414634], [68.26400631623864, 23.908668792730623], [68.2640293451783, 23.908735882155327], [68.26406552850148, 23.908839097346572], [68.26408960155402, 23.90890920489602], [68.26412473986494, 23.90900940286167], [68.26414985792974, 23.909082527636713], [68.2641839512284, 23.90917970747762], [68.26421011520478, 23.909255850377235], [68.26424316259204, 23.90935001299289], [68.2642703715805, 23.90942917311793], [68.26430237305613, 23.90952031760861], [68.2643306297548, 23.909602494959245], [68.26436158352038, 23.909690623123936], [68.26439088702983, 23.90977581680056], [68.26442079398464, 23.909860928639034], [68.2644511452043, 23.909949138641878], [68.26448000354935, 23.910031234154133], [68.2645114033786, 23.910122460483194], [68.26453921311423, 23.91020153966946], [68.2645716624524, 23.91029578142536], [68.2645984217798, 23.910371845184557], [68.26463192152602, 23.9104691023673], [68.2646569604504, 23.91054024683507], [68.26467045837512, 23.91065543020403], [68.2646946321517, 23.91085035825762], [68.26472004789196, 23.911044541672425], [68.26474670649549, 23.911237982247258], [68.26477460706252, 23.91143067818342], [68.2648037513921, 23.911622629480803], [68.2648341376854, 23.911813837039006], [68.26486576684175, 23.912004300857973], [68.26489863796183, 23.91219402093742], [68.26493275284446, 23.9123829963782], [68.26496810969064, 23.91257122807974], [68.26500470939988, 23.912758716041935], [68.26501685204619, 23.912818639668558], [68.26503235545897, 23.912874388642194], [68.26508592087862, 23.91306180645728], [68.26514066171222, 23.913248258400415], [68.26519657795984, 23.91343374357257], [68.26525367141994, 23.913618263772037], [68.26531194029394, 23.913801817200294], [68.26537138548116, 23.913984405655924], [68.26543200608234, 23.9141660273404], [68.26549380389594, 23.91434668405236], [68.26555677712366, 23.914526373993], [68.26562092666461, 23.914705098061972], [68.26568625251866, 23.91488285625894], [68.26575275378667, 23.915059648584077], [68.2658204313679, 23.915235475037207], [68.26588928526235, 23.915410335618674], [68.26595931547013, 23.915584230328136], [68.2660305210918, 23.915757159165594], [68.26610290392591, 23.915929121232068], [68.26617646217414, 23.916100118325915], [68.26625119583605, 23.916270148648493], [68.2663271067106, 23.91643921399867], [68.26640419299929, 23.91660731257747], [68.26648245560102, 23.91677444618381], [68.2665618945158, 23.916940613018937], [68.26664250884488, 23.917105813982232], [68.26672430038627, 23.9172700499729], [68.2668072673415, 23.917433319192412], [68.26689141061024, 23.917595622540034], [68.26697672929265, 23.91775696001588], [68.26706322428856, 23.917917331619662], [68.26715089649667, 23.918076736452292], [68.26723974321976, 23.918235176312464], [68.26732976715505, 23.918392650300632], [68.26742096650446, 23.918549158416965], [68.26751334216715, 23.91870469976209], [68.26760689414294, 23.91885927613481], [68.26770162243196, 23.919012885736265], [68.26779752613504, 23.919165529465772], [68.26789460615129, 23.919317208222765], [68.26799286248075, 23.919467920208433], [68.2680922951235, 23.91961766632221], [68.26819290317997, 23.91976644656438], [68.26829468754988, 23.919914260934377], [68.26839764823302, 23.92006110943271], [68.26850178522932, 23.920206992059093], [68.26860709763946, 23.920351908813586], [68.2687135863631, 23.920495859696246], [68.2688212513998, 23.920638844706957], [68.26893009274977, 23.92078086294657], [68.26904010951364, 23.920921916213615], [68.26915130348999, 23.921062002709448], [68.26926367288024, 23.921201124232653], [68.26937721768456, 23.921339278984647], [68.26949193970131, 23.921476468764183], [68.26960783713201, 23.92161269177234], [68.2697249108761, 23.92174794890883], [68.26984316093314, 23.921882240173318], [68.26996258640429, 23.922015565566028], [68.27008318818866, 23.922147925086676], [68.27020496628631, 23.92227931873572], [68.27028022605163, 23.92235915245294], [68.27035568636592, 23.92242236849762], [68.27049266930129, 23.92253517855562], [68.27060267077678, 23.92262422762616], [68.27063037349302, 23.922647042527046], [68.27074072660332, 23.9227363802799], [68.27076807768469, 23.92275890739785], [68.2708787815306, 23.922848532034266], [68.27090578187637, 23.922870771369105], [68.27101683735731, 23.922960684688007], [68.2710434860681, 23.92298263534053], [68.27115489228459, 23.92307283734175], [68.27118119025977, 23.92309449931173], [68.27129294811112, 23.923184989096114], [68.27131889355229, 23.923206363283157], [68.27143100393778, 23.923297141749856], [68.27145659774396, 23.923318227254413], [68.27156905886511, 23.923409294403598], [68.27159430193547, 23.92343009122584], [68.27170711469176, 23.923521446157793], [68.27173200612737, 23.923541955197265], [68.27184516961893, 23.923633598811534], [68.27186971031904, 23.923653819168464], [68.27198322544558, 23.923745751465276], [68.27200741451077, 23.92376568313989], [68.27212128127229, 23.92385790321964], [68.27214511870244, 23.923877547111147], [68.2722593361994, 23.923970055873383], [68.27228282289394, 23.923989411082573], [68.27239739202611, 23.924082208527125], [68.27242052708584, 23.92410127505383], [68.27253544695338, 23.924194361180867], [68.27255823127751, 23.924213139025255], [68.2726735027801, 23.92430651293523], [68.2726959363684, 23.924325002996625], [68.2728115577072, 23.924418665588973], [68.27283364056012, 23.92443686696788], [68.27294961353391, 23.924530818242715], [68.2729713447518, 23.924548730939307], [68.27308766846124, 23.924642970896457], [68.27310904894347, 23.924660594910563], [68.2732257242879, 23.92475512265088], [68.2732467531352, 23.92477245888199], [68.27336377921523, 23.92486727530462], [68.27338445732704, 23.924884322853188], [68.27350183504171, 23.924979427958363], [68.2735221615186, 23.924996186824615], [68.27363988996905, 23.925091580612104], [68.27365986571027, 23.92510805079604], [68.2737779457957, 23.925203733265846], [68.27379756990194, 23.925219914767297], [68.27391600072303, 23.925315885919588], [68.27393527409367, 23.925331778738723], [68.27405405565014, 23.925428037673953], [68.27407297828552, 23.92544364270998], [68.27419211147685, 23.925540190327695], [68.27421068247702, 23.92555550668135], [68.27433016640413, 23.925652342981266], [68.27434838756812, 23.9256673697534], [68.27446822223084, 23.925764495635008], [68.2744860917598, 23.925779233724654], [68.27460627715794, 23.92587664828875], [68.27462379595147, 23.92589109769608], [68.27474433298465, 23.92598880094249], [68.2747615001432, 23.926002961667507], [68.27488238791199, 23.926100953596233], [68.27489920433487, 23.926114825638763], [68.27502044283926, 23.926213106249975], [68.2750369085266, 23.92622668961019], [68.27515849866597, 23.92632525800434], [68.27517461361765, 23.92633855268224], [68.27529655359325, 23.92643741065808], [68.27531231780932, 23.926450416653438], [68.27543460852041, 23.926549563311823], [68.27545002200105, 23.926562280624864], [68.27557266434707, 23.926661715965565], [68.27558772619273, 23.92667414459612], [68.2757107192744, 23.926773868619307], [68.2757254303844, 23.926786008567547], [68.27584877420173, 23.92688602127305], [68.2758631354755, 23.926897871639596], [68.27598683002822, 23.92699817392662], [68.27600083966718, 23.927009735610852], [68.27612488495555, 23.92711032658036], [68.27613854385885, 23.92712159958222], [68.27626293988283, 23.927222479234104], [68.27627624805058, 23.92723346265427], [68.27640099570954, 23.927334631887845], [68.27641395224225, 23.927345326625527], [68.27653905063681, 23.927446784541587], [68.2765516573333, 23.927457190596954], [68.27667710556415, 23.92755893719533], [68.27668936152486, 23.92756905456838], [68.27681516139063, 23.92767108984907], [68.2768270657167, 23.92768091764026], [68.27695321631796, 23.927783242502812], [68.27696477080758, 23.927792781611686], [68.2771025505424, 23.927904544858848], [68.27724125927688, 23.92801509132346], [68.27738089431301, 23.928124419206767], [68.27752145744944, 23.92823253030707], [68.27761455077092, 23.928302860888436], [68.27772345147628, 23.928371189578854], [68.27787667346979, 23.928465470005563], [68.2780306293102, 23.92855835378515], [68.27818531989675, 23.9286498409175], [68.27834074522929, 23.928739932302165], [68.27849690440871, 23.928828626140216], [68.27865379743497, 23.92891592423058], [68.2788114252071, 23.92900182567388], [68.2789697877256, 23.929086330469943], [68.27912888409082, 23.929169438618715], [68.2792887152022, 23.92925115012065], [68.27944928016018, 23.92933146497512], [68.27961057896522, 23.929410384082132], [68.27977261341545, 23.929487905642304], [68.27993538081324, 23.929564031455016], [68.28009888295713, 23.929638760620435], [68.28026311984718, 23.92971209313862], [68.280428090584, 23.92978402900974], [68.28059379606691, 23.929854568233793], [68.2807602353966, 23.92992371170999], [68.28092740947244, 23.929991457639744], [68.281095317395, 23.93005780782164], [68.28118668851494, 23.93009299919271], [68.28126362731462, 23.9301233926804], [68.28135315302575, 23.93015786549313], [68.28143193813361, 23.930188978438764], [68.28151961843571, 23.930222730894343], [68.281600248053, 23.930254563297524], [68.28168608384573, 23.930287597194933], [68.28176855887199, 23.93032014815634], [68.28185254835654, 23.9303524643949], [68.2819368687916, 23.930385733015328], [68.2820190137665, 23.93041733069532], [68.28210517961037, 23.930451317874088], [68.28218547827731, 23.930482197895287], [68.28227348952998, 23.930516902732904], [68.28235194368727, 23.930547065095084], [68.28244180034898, 23.930582486692458], [68.28251840819809, 23.93061193229488], [68.28261011116774, 23.93064807065207], [68.2826848727089, 23.930676799494847], [68.28277842198673, 23.93071365461151], [68.28285133811886, 23.930741666694644], [68.2829467328055, 23.930779238571063], [68.28301780262967, 23.930806534793817], [68.28311504452387, 23.930844822530673], [68.28318426714031, 23.930871402892933], [68.28328335534263, 23.930910406490113], [68.28335073165107, 23.930936270992277], [68.28345166616162, 23.930975989550348], [68.28351719616171, 23.93100113909145], [68.28361997787977, 23.93104157261058], [68.28368366067252, 23.931066007190623], [68.28378828869876, 23.93110715567076], [68.28385012518311, 23.931130876189115], [68.2839566004169, 23.931172738730993], [68.28401658969392, 23.931195745187665], [68.2841249121351, 23.931238321791227], [68.28418305420473, 23.931260613286838], [68.28429322385324, 23.931303903952085], [68.28434951871537, 23.931325483184537], [68.28446153467223, 23.931369486112942], [68.28451598322613, 23.931390352183087], [68.28462984639037, 23.931435069173176], [68.28468244683756, 23.93145522118158], [68.28479815900789, 23.931500651334034], [68.28484891134838, 23.931520091079506], [68.28496647072609, 23.931566232595685], [68.28501537585902, 23.931584960977204], [68.2851347824444, 23.931631814756543], [68.2851818394704, 23.93164983087513], [68.2853030941626, 23.9316973969174], [68.28534830398121, 23.931714700773], [68.28547140678012, 23.93176297817888], [68.28551476759264, 23.931779570670756], [68.28563971849826, 23.93182855944059], [68.28568123210329, 23.93184444146783], [68.28580803111578, 23.93189414070207], [68.28584769571472, 23.931909312265077], [68.28597634373335, 23.93195972196372], [68.28601416022548, 23.931974183062152], [68.28614465635087, 23.932025303225203], [68.28618062383691, 23.932039053859285], [68.28631296806901, 23.932090883587534], [68.28634708744818, 23.93210392465653], [68.28648128068659, 23.93215646394981], [68.28651355105961, 23.932168795453606], [68.28664959330428, 23.93222204521129], [68.28681846619929, 23.932286561675653], [68.28698802797516, 23.932349765129686], [68.28715828043028, 23.932411656472937], [68.28732922356494, 23.932472235705234], [68.28750085558005, 23.93253150192737], [68.28767317827464, 23.932589456038556], [68.28784619164861, 23.932646098039186], [68.28801989480235, 23.93270142612988], [68.28819428773636, 23.9327554430094], [68.28836937134957, 23.932808146878585], [68.28854514474273, 23.93285953863699], [68.28872160791587, 23.932909617385064], [68.28889876176856, 23.93295838312298], [68.28907660540119, 23.933005837649375], [68.28921026534152, 23.933040380609157], [68.28934711427797, 23.933012011495123], [68.28952455051774, 23.932973791207587], [68.2897013959028, 23.93293425611114], [68.28987764953405, 23.93289340530646], [68.29004987600109, 23.93285206527071], [68.2901883994752, 23.93278241008028], [68.29035767076999, 23.932695632697346], [68.29052570729567, 23.932607814798928], [68.29069250815286, 23.932518956384797], [68.29085807514019, 23.932429058354444], [68.29102240735824, 23.932338120707698], [68.29118550390803, 23.93224614254558], [68.29134736568852, 23.932153123867636], [68.2913888172402, 23.93212885206492], [68.2915089324913, 23.932059856976878], [68.29155416659171, 23.932033379137238], [68.29167049839492, 23.9319665891868], [68.29171951594299, 23.931937906209555], [68.29183206339911, 23.93187332049746], [68.29188486619381, 23.931842435080398], [68.29199362840336, 23.931780051808005], [68.29201273719804, 23.93176887863092], [68.29205021644441, 23.931746963951298], [68.29215519250818, 23.931686782219344], [68.29221556669506, 23.931651493721517], [68.29231675571384, 23.931593512630627], [68.29238091694589, 23.931556024391114], [68.29247831802013, 23.93150024214259], [68.29254626719654, 23.931460556859292], [68.29263988032625, 23.931406971654553], [68.29271161744737, 23.931365089327414], [68.29287710889156, 23.931270409601893], [68.29304291240061, 23.931177485352748], [68.2932090297731, 23.93108631658032], [68.29337545921027, 23.93099690328455], [68.2935422016115, 23.930909245465386], [68.29370925697674, 23.930823344022087], [68.2938766253061, 23.9307391971563], [68.29404430659946, 23.930656805767114], [68.29421230085711, 23.93057616985442], [68.29438060807877, 23.930497290317703], [68.29454922736511, 23.9304201653585], [68.29471816051489, 23.930344795875783], [68.29488740572936, 23.93027118186967], [68.29505696390788, 23.930199324239595], [68.29522683505047, 23.930129221186633], [68.29539701915729, 23.9300608736105], [68.29556751622795, 23.929994282410235], [68.29573832626289, 23.929929445787366], [68.29590944926184, 23.92986636554042], [68.29608088522485, 23.9298050398707], [68.29616356079987, 23.92977636408807], [68.29625247677046, 23.929744589241523], [68.29632935261765, 23.929717954919738], [68.29642406831624, 23.92968414041087], [68.2964951426369, 23.929659543952823], [68.29659566076117, 23.929623693378744], [68.2966609326561, 23.929601130288006], [68.29676725320633, 23.929563249044747], [68.2968267208766, 23.929542715723755], [68.29693884655069, 23.929502806509333], [68.29699250819789, 23.92948429846166], [68.297110439895, 23.929442365772672], [68.29715829461963, 23.9294258803003], [68.29728203323936, 23.929381927733914], [68.29732407924297, 23.92936745944087], [68.29745362748304, 23.929321491493738], [68.29748986386619, 23.929309036782684], [68.29762522172672, 23.929261057951635], [68.29765564669083, 23.929250613225292], [68.29779681686966, 23.929200625308738], [68.29782142951541, 23.929192186070622], [68.29796841201272, 23.929140196263177], [68.29798721054146, 23.929133758016633], [68.29814000805499, 23.92907976901631], [68.29815298976882, 23.929075328164004], [68.29831160409742, 23.92901934356803], [68.29831876899613, 23.9290168956133], [68.29848320013969, 23.92895892081765], [68.29848454642473, 23.928958461264017], [68.2986503463365, 23.928900067384234], [68.2986547889875, 23.92889845310117], [68.29881615254345, 23.9288416842964], [68.29882637603646, 23.92883797459291], [68.29898195785125, 23.928783300309135], [68.29899796218638, 23.928777497883402], [68.29916959060415, 23.9287172514002], [68.29934154997267, 23.928658863815656], [68.29951384029158, 23.928602333331185], [68.29968646156101, 23.928547660845993], [68.29985941378106, 23.928494846360252], [68.30003269785078, 23.928443889873733], [68.30020631197175, 23.92839479048729], [68.3003802579426, 23.9283475499995], [68.30055453486403, 23.928302166611786], [68.30072914363524, 23.928258642122728], [68.30090408245758, 23.928216974733743], [68.3010793531297, 23.928177165343982], [68.30125495475255, 23.928139213054294], [68.30143088732575, 23.928103119663263], [68.30160715084952, 23.92806888427168], [68.30178374532369, 23.928036505980003], [68.30196067164775, 23.928005985687776], [68.30213792892238, 23.92797732339494], [68.30231551714758, 23.927950519101216], [68.30249343632318, 23.92792557280694], [68.30267168644929, 23.927902484512117], [68.30285026842535, 23.927881253317366], [68.30302918045243, 23.927861881021045], [68.3032084243294, 23.927844365824853], [68.30338799915694, 23.927828708628056], [68.3035679058342, 23.927814909430708], [68.30374814256288, 23.92780296823247], [68.30385875377851, 23.927796790789387], [68.30392858343754, 23.927792167374662], [68.30403868473752, 23.927786021407883], [68.30410902431208, 23.92778136741623], [68.30421861569675, 23.927775252026436], [68.30428946428736, 23.9277705674578], [68.30439854665576, 23.927764482644932], [68.30446990516208, 23.92775976749931], [68.30457847761477, 23.927753712364108], [68.30465034603674, 23.927748966641502], [68.30475840857383, 23.927742942982434], [68.30483078601208, 23.92773816668307], [68.30493834043222, 23.927732173600987], [68.30501122688673, 23.92772736672464], [68.30511827139122, 23.927721403320106], [68.30519166776145, 23.927716566766208], [68.30529820235023, 23.92771063393866], [68.30537210773656, 23.927705766807776], [68.30547813330924, 23.927699864557155], [68.30555254861127, 23.927694966849344], [68.3056580642683, 23.92768909427633], [68.30573298948593, 23.927684165991536], [68.30583799522748, 23.927678324894828], [68.30591342946127, 23.927673366033105], [68.30601792708586, 23.927667554614004], [68.30609387033599, 23.927662566074673], [68.3061978580447, 23.927656785232557], [68.30627077327767, 23.9276519981413], [68.30627416552045, 23.927650948632504], [68.30632221989458, 23.927636608942407], [68.30644709255932, 23.927597992053848], [68.30649318910957, 23.927584243218348], [68.30662001959826, 23.92754503547519], [68.30666415832434, 23.92753187659497], [68.30679294663736, 23.927492078896307], [68.30683512843848, 23.927479509072214], [68.30696587367623, 23.92743912231782], [68.3070060967541, 23.927427142448835], [68.30713880161454, 23.927386166638314], [68.30717706596886, 23.927374774926022], [68.30731172865342, 23.927333210059658], [68.30734803518385, 23.927322407403267], [68.30748465569235, 23.927280255279527], [68.30751900439861, 23.92727003988051], [68.30765758363066, 23.927227299600247], [68.30768997271423, 23.927217672357756], [68.3078305106697, 23.927174344820287], [68.30786094102962, 23.927165303935794], [68.30800343860784, 23.927121390040156], [68.30803191024461, 23.927112935513662], [68.30817636564689, 23.927068435260253], [68.30820287856, 23.92706056709153], [68.3083492935852, 23.9270154813795], [68.30837384687561, 23.927008197770192], [68.30852222152328, 23.926962527498745], [68.30854481519123, 23.92695582844891], [68.30869514946176, 23.92690957361799], [68.30871578260741, 23.926903459127402], [68.30886807650069, 23.926856620636613], [68.30888675092285, 23.926851088906687], [68.30904100443894, 23.926803667655236], [68.30905771833909, 23.92679871958535], [68.30921393237725, 23.926750714673858], [68.30922868665465, 23.92674634936469], [68.3093868603155, 23.92669776169248], [68.30939965407089, 23.9266939782446], [68.30955978825381, 23.92664480961031], [68.30957062148713, 23.926641608023942], [68.30973271619206, 23.926591857528308], [68.30974158890336, 23.92658923690385], [68.30990564413037, 23.926538906345456], [68.30991255631955, 23.92653686488444], [68.30994187961409, 23.926527872563383], [68.31007857296783, 23.926485954263455], [68.31008352283641, 23.92648449376435], [68.31025150090608, 23.92643300308066], [68.31025449025265, 23.92643212174511], [68.31042442884439, 23.926380052797185], [68.31042545676951, 23.926379749725697], [68.31059642778303, 23.926327386699597], [68.31059735588326, 23.926327091722044], [68.3107674032932, 23.92627503446539], [68.31077028022429, 23.926274120754158], [68.31093837880326, 23.926222681331808], [68.31094320456543, 23.926221148886896], [68.31110935431343, 23.926170329097488], [68.3111161289064, 23.92616817791918], [68.31128032982343, 23.926117975963905], [68.31128905324738, 23.926115206051975], [68.31145130533366, 23.926065622830322], [68.31146197848756, 23.92606223508426], [68.31162228084366, 23.92601326879742], [68.3116349028287, 23.92600926501575], [68.31179325545446, 23.925960915663836], [68.31180782806888, 23.925956294047865], [68.31196423096452, 23.925908561630933], [68.31198075240985, 23.925903323979355], [68.31213520557532, 23.925856207597974], [68.3121536776502, 23.925850353910846], [68.31230618018617, 23.92580385356507], [68.31232660199117, 23.925797383842337], [68.31247715479697, 23.92575149953211], [68.31249952723152, 23.925744413773828], [68.31264813030697, 23.925699144600003], [68.3126724515725, 23.925691444604524], [68.31281910491782, 23.925646789667724], [68.31284537681267, 23.92563847543539], [68.31299007862924, 23.925594434735387], [68.31301830205302, 23.92558550626626], [68.3131610532401, 23.92554207980328], [68.313191226394, 23.9255325370969], [68.31333202785089, 23.925489724871], [68.31336415163435, 23.925479568827143], [68.31350300246174, 23.925437369039457], [68.3135370768747, 23.925426600557216], [68.31367397617322, 23.9253850132078], [68.31371000211504, 23.925373632287403], [68.31384495078402, 23.925332657376316], [68.31388292735522, 23.925320664017477], [68.3140159244955, 23.92528030154483], [68.31405585259557, 23.925267696646927], [68.31418689820691, 23.92522794481397], [68.31422877783592, 23.92521472927649], [68.31435787191839, 23.925175588083107], [68.31440170307627, 23.92516176190594], [68.31452884562987, 23.925123231352075], [68.31457462831662, 23.925108794535333], [68.31469981934129, 23.925070874621213], [68.3147475535568, 23.925055827164783], [68.31487079305276, 23.925018516991145], [68.31492047879715, 23.925002860693553], [68.31504176676418, 23.924966160260112], [68.3150934040375, 23.924949894222323], [68.31521273957645, 23.924913802630044], [68.31526633017705, 23.924896928650526], [68.31538371328793, 23.92486144410043], [68.3154392554174, 23.924843962179295], [68.31555468610003, 23.924809086470248], [68.31561218065775, 23.92479099660727], [68.31572565891207, 23.924756727940803], [68.31589608043981, 23.92470312834672], [68.31606566649737, 23.924647646471783], [68.3162344152862, 23.9245902814165], [68.31640232860462, 23.92453103408002], [68.31656940465433, 23.924469903563192], [68.31707378672593, 23.924278720286736], [68.3172396298051, 23.924218034934484], [68.31740617795282, 23.92415925974217], [68.31757343206829, 23.92410239470985], [68.31774139125224, 23.924047438938146], [68.3179100555048, 23.923994392427346], [68.31807942572505, 23.92394325607654], [68.31824950191316, 23.92389402898641], [68.31842028227032, 23.923846712056275], [68.31859176859535, 23.923801304386814], [68.31876396088813, 23.923757806877404], [68.31893685735008, 23.923716219528046], [68.31908159244159, 23.923683138865897], [68.31911034286816, 23.923676222180006], [68.31925624887685, 23.923642860929363], [68.3192838274868, 23.923636224832023], [68.31943090531212, 23.923602583892205], [68.31945731210533, 23.923596227483984], [68.319605560848, 23.92356230595584], [68.31963079672397, 23.923556231035377], [68.31978021728327, 23.923522028019306], [68.31980428224182, 23.923516233687337], [68.31995487371853, 23.92348175008277], [68.31997776686052, 23.923476236339354], [68.32012952925447, 23.923441473045557], [68.32015125147916, 23.92343623989069], [68.32030418568974, 23.923401195109193], [68.32032473699707, 23.923396243441857], [68.320478842125, 23.92336091717266], [68.32049822161571, 23.923356246094045], [68.32065349766089, 23.923320638336918], [68.3206717062344, 23.92331624964521], [68.32082815409615, 23.923280360400383], [68.32084519175226, 23.923276253196605], [68.32100281053141, 23.92324008246385], [68.3210186763709, 23.92323625674794], [68.32117746606735, 23.923199804527485], [68.3211921618888, 23.923196260299278], [68.32135212250262, 23.923159525691574], [68.32136564650745, 23.92315626385067], [68.32152677893788, 23.92311924775521], [68.3215391320253, 23.92311626740201], [68.32170143447377, 23.9230789689193], [68.32171261664399, 23.923076270953175], [68.32187157541296, 23.923039728800575], [68.32187609090903, 23.923038690982935], [68.32188610216201, 23.923036274504568], [68.32205074734429, 23.922998412147024], [68.32205958767986, 23.922996278055905], [68.32222540288024, 23.92295813421066], [68.32223307229856, 23.92295628160724], [68.32240005931533, 23.92291785537475], [68.32240655781658, 23.92291628605784], [68.32257471485138, 23.92287757653901], [68.32258004333448, 23.922876289609178], [68.32274937128665, 23.922837297703097], [68.32275352795313, 23.922836293160515], [68.32292402772174, 23.922797018867357], [68.32292701347097, 23.922796297611058], [68.32309868325763, 23.922756740031673], [68.32310049898888, 23.922756302061828], [68.32326609745252, 23.922718131236934], [68.32327347099391, 23.922717780501273], [68.32327644145477, 23.92271760783143], [68.32345129933816, 23.92270930798827], [68.32345522847606, 23.922709079560548], [68.32362912678286, 23.922700836374645], [68.32363401549753, 23.922700552188815], [68.32380695512705, 23.922692363861643], [68.32381280161962, 23.922692024817138], [68.32398478347113, 23.922683892248017], [68.32399158864104, 23.922683497445632], [68.32416261091578, 23.922675419735015], [68.3241703756625, 23.9226749700739], [68.32434043926003, 23.922666947222012], [68.3243491626838, 23.922666441803017], [68.32451826670473, 23.922658475608216], [68.3245279488059, 23.92265791443134], [68.32469609504892, 23.922650003095214], [68.3247067358273, 23.922649387059607], [68.324873923393, 23.92264153058221], [68.32488552284877, 23.9226408596881], [68.32505175083764, 23.92263305806921], [68.32506430987007, 23.922632333215574], [68.3252295791819, 23.922624585556207], [68.32524309689148, 23.92262380584407], [68.32540740752592, 23.922616113043205], [68.32542188301358, 23.922615278472392], [68.32555995772594, 23.92260882223951], [68.32558578715452, 23.922613179454686], [68.32569246383622, 23.922629987783864], [68.32576739714767, 23.922642631352517], [68.32587421052648, 23.92265945946656], [68.32594900804042, 23.9226720823508], [68.3260015473337, 23.922680358811533], [68.32605595811606, 23.922688930250047], [68.32613061803357, 23.922701534248404], [68.32623770480632, 23.92271840193274], [68.32631222802695, 23.922730986146234], [68.3264194523959, 23.922747873615606], [68.32649383802033, 23.922760438043838], [68.32660119998548, 23.922777344399094], [68.32667544801365, 23.922789889941498], [68.32678294667573, 23.92280681608179], [68.32685705800685, 23.922819341839272], [68.32696469426531, 23.922836286865277], [68.32703866800017, 23.922848793736932], [68.32714644095557, 23.92286575854797], [68.32722027799355, 23.922878245634536], [68.32732818854515, 23.922895230230665], [68.32740188798692, 23.922907697532366], [68.32750993613473, 23.92292470101421], [68.32758349798024, 23.922937149430027], [68.32769168282499, 23.922954172697075], [68.32776510797345, 23.922966600428254], [68.32787343041457, 23.922983643480393], [68.32794671796677, 23.922996052326084], [68.32805517710483, 23.923013115163258], [68.32812832796014, 23.923025505123064], [68.32823692469441, 23.923042585946575], [68.32841812189884, 23.923073286103318], [68.32859839909702, 23.92310604121093], [68.3287777562885, 23.923140850370032], [68.32895619347369, 23.92317771537938], [68.32913371155166, 23.923216634440223], [68.3293103087239, 23.92325760845199], [68.32948598678905, 23.923300637414627], [68.32966074484756, 23.9233457204287], [68.32983458289982, 23.923392859293074], [68.33000750094556, 23.92344205220894], [68.33017949898482, 23.923493300075904], [68.33035057791699, 23.923546601994133], [68.33052073594331, 23.923601959762664], [68.3306899748626, 23.923659371582858], [68.33085829377535, 23.92371883835375], [68.33102569268164, 23.923780360075682], [68.33119217158162, 23.923843936748312], [68.33135773047496, 23.923909567472606], [68.33149129508735, 23.92396447827815], [68.33162171746847, 23.924047339113486], [68.33177391513414, 23.9241467861454], [68.33192449042309, 23.924247952681014], [68.33207344423414, 23.924350838720272], [68.3322207756683, 23.92445544516272], [68.33225047476412, 23.9244771170101], [68.33236648472558, 23.924561771108984], [68.33251057230513, 23.924669817458266], [68.33265303840716, 23.924779583311192], [68.33279388213214, 23.92489106956731], [68.33293310348, 23.925004275327126], [68.33307070335036, 23.925119201490133], [68.33320668084377, 23.925235848056104], [68.33334103596013, 23.9253542132264], [68.33347376959898, 23.92547429969926], [68.33360488175992, 23.925596105675766], [68.33370628481725, 23.92569283765448], [68.33571757630529, 23.92904862009783], [68.33600831902868, 23.930725760385656], [68.33604195367326, 23.930906071757875], [68.33607796882325, 23.93108641910311], [68.33611636627734, 23.931266801521815], [68.33615714513621, 23.931447219013933], [68.33620030539987, 23.931627671579918], [68.33624584706826, 23.931808159219315], [68.33629377104074, 23.931988681932182], [68.33634407641807, 23.93216923971869], [68.33639676409945, 23.932349832578836], [68.33645183228629, 23.932530461411773], [68.33650928277723, 23.93271112441903], [68.33656911557227, 23.9328918224997], [68.33663132887278, 23.933072556553384], [68.3366489106188, 23.933121757563185], [68.33669422116145, 23.93325329960021], [68.33671084153218, 23.93329979814723], [68.33675711345018, 23.933434043546413], [68.33677277244556, 23.93347783783213], [68.33682000573873, 23.933614787492616], [68.33683470335893, 23.933655878416175], [68.33688289892677, 23.93379553053927], [68.3368966333731, 23.93383391900022], [68.3369457921147, 23.933976274485474], [68.3369585633871, 23.934011959584268], [68.33700868530258, 23.934157017532357], [68.3370204934011, 23.93419000106769], [68.33707157939006, 23.93433776147856], [68.33708242341527, 23.934368042551114], [68.3371344734773, 23.934518505424762], [68.33714435252995, 23.934546084034537], [68.33719736756461, 23.93469924847159], [68.33720628164474, 23.93472412551796], [68.33726026255124, 23.93487999241779], [68.33726821075936, 23.934902167001383], [68.33732315753787, 23.935060736363994], [68.33733013897483, 23.935080209384182], [68.3373860534237, 23.935241479410877], [68.33739206808963, 23.935258250867776], [68.33744894841033, 23.93542222335708], [68.33745399630487, 23.935436293250405], [68.33751184519554, 23.935602967303282], [68.33751592452035, 23.93561433653258], [68.33752971652325, 23.935654055090595], [68.33752959601412, 23.935718126390498], [68.33752880281219, 23.93578303316042], [68.3375285977666, 23.93589661933362], [68.33752779377278, 23.93596283371778], [68.33752759861989, 23.936075112276683], [68.33752678383416, 23.936142635174576], [68.33752660037237, 23.936253605219804], [68.3375257747947, 23.936322435731938], [68.33752560122565, 23.936432098162868], [68.33752476575546, 23.936502237188677], [68.33752460207876, 23.93661059110599], [68.33752375671605, 23.936682037745868], [68.33752360293204, 23.936789084049053], [68.33752274767676, 23.936861839202606], [68.33752260378532, 23.93696757789155], [68.33752173863752, 23.93704163975997], [68.33752160463843, 23.937146070834615], [68.33752072959811, 23.937221441216536], [68.33752060459233, 23.937324563777736], [68.33751972145802, 23.937401241773955], [68.3375196054456, 23.9375030567208], [68.33751871241878, 23.937581043230693], [68.33751860539951, 23.93768154966392], [68.33751770427875, 23.937760843788055], [68.33751760625262, 23.937860042606985], [68.33751669523946, 23.937940645244623], [68.33751660620652, 23.938038535550106], [68.33751568709943, 23.938120445801985], [68.33751560616042, 23.938217029392547], [68.33751467895934, 23.938300247258724], [68.33751460611433, 23.938395522335668], [68.3375136708193, 23.938480047816142], [68.33751360606823, 23.938574015278732], [68.33751266267922, 23.93865984927271], [68.33751260602196, 23.938752508221853], [68.33751165453936, 23.938839649830072], [68.33751160597586, 23.938931001164917], [68.33751064729864, 23.93901945128681], [68.33751060503045, 23.93910949410804], [68.33750963915861, 23.939199251844002], [68.33750960498435, 23.939287987051102], [68.3375086319179, 23.93937905330074], [68.33750860403887, 23.939466480893373], [68.33750762467724, 23.93955885385816], [68.3375076030934, 23.939644973836664], [68.33750661653715, 23.939738655314727], [68.33750660214815, 23.939823466779558], [68.33750560929644, 23.939918456771466], [68.33750560210188, 23.94000195972285], [68.33750460205579, 23.940098257328827], [68.3375046002572, 23.940180452665743], [68.33750359481525, 23.940278058785566], [68.33750359931173, 23.940358945609034], [68.33750258847374, 23.940457859342757], [68.33750259836631, 23.940537438551928], [68.33750158123308, 23.940637660799496], [68.33750159742084, 23.940715932394426], [68.33750057399237, 23.940817461356914], [68.33750059557616, 23.94089442533749], [68.33749956765104, 23.940997262813482], [68.33749959463074, 23.94107291828061], [68.33749856130959, 23.941177063370844], [68.33749859278589, 23.941251411223675], [68.33749755406905, 23.941356864827583], [68.33749759094104, 23.941429904166796], [68.33749654772754, 23.941536665384945], [68.33749658909642, 23.94160839710986], [68.3374955413862, 23.941716466841513], [68.33749558725157, 23.94178689005298], [68.33749453504493, 23.941896267398874], [68.33749458540694, 23.941965383895422], [68.3374935296028, 23.94207606885567], [68.3374935835621, 23.942143876838543], [68.33749252326146, 23.942255870312238], [68.3374925808181, 23.942322369781607], [68.33749151692012, 23.9424356708696], [68.33749157897324, 23.942500862724728], [68.337490511478, 23.942615472326338], [68.33749057622924, 23.942679355667792], [68.33748950513666, 23.9427952728837], [68.33748957348502, 23.942857848610913], [68.33748849969453, 23.942975074340268], [68.33748857164039, 23.943036342453354], [68.33748749425263, 23.94315487489763], [68.33748756889617, 23.943214835396418], [68.3374864888105, 23.943334676354198], [68.33748656615217, 23.94339332833954], [68.33748548336854, 23.943514476911616], [68.33748556340817, 23.943571821282603], [68.33748447792641, 23.943694278368355], [68.33748455976473, 23.943750314225724], [68.33748347338366, 23.943874079825093], [68.33748355702073, 23.94392880716879], [68.3374824679417, 23.944053880382455], [68.3374825542765, 23.94410730011191], [68.33748146339894, 23.944233681839023], [68.33748155063313, 23.94428579395435], [68.33748045795681, 23.944413482396385], [68.33748054698975, 23.94446428689747], [68.33747945341423, 23.944593283852953], [68.33747954424575, 23.944642779840535], [68.33747844887142, 23.94477308441037], [68.33747854060232, 23.944821272783656], [68.33747744432867, 23.94495288586711], [68.33747753695894, 23.94499976572672], [68.33747643978592, 23.94513268732385], [68.3374765333154, 23.94517825866984], [68.33747543524333, 23.94531248788104], [68.33747552877281, 23.945356752512282], [68.33747443070058, 23.94549228933778], [68.33747452512921, 23.945535245455403], [68.33747342615783, 23.94567208989514], [68.337473521486, 23.945713738398467], [68.33747242251445, 23.945851891351708], [68.33747251694325, 23.94589223134159], [68.33747141887102, 23.946031692808504], [68.3374715124005, 23.946070724284652], [68.33747041432827, 23.946211493365865], [68.33747050875712, 23.946249217227773], [68.33746941068489, 23.946391294822433], [68.33746950421437, 23.946427711070044], [68.33746840704151, 23.946571095379795], [68.33746849967156, 23.946606204013108], [68.33746740339814, 23.946750896836534], [68.3374674951288, 23.94678469695623], [68.3374663997547, 23.946930697393896], [68.33746649058622, 23.946963189899293], [68.33746539611133, 23.947110498850464], [68.3374654851441, 23.947141682842414], [68.33746439336716, 23.94729030030726], [68.33746448060134, 23.947320175785478], [68.33746338972372, 23.94747010086462], [68.33746347515938, 23.94749866872877], [68.33746238697972, 23.94764990232119], [68.33746247061663, 23.94767716257104], [68.33746138333635, 23.94782970287855], [68.33746146517467, 23.94785565551416], [68.33746038059212, 23.94800950433529], [68.33746045973254, 23.948034148457225], [68.33745937784812, 23.948189305791857], [68.33745945429041, 23.948212641400346], [68.33745837510406, 23.94836910634922], [68.33745844884845, 23.94839113434341], [68.33745737235989, 23.948548907806014], [68.33745744340632, 23.94856962728653], [68.3374563696159, 23.948728709262582], [68.33745643796442, 23.948748121128972], [68.33745536687184, 23.948908509819944], [68.33745543252229, 23.948926614072093], [68.33745436502704, 23.949088311276682], [68.33745442618095, 23.949105107015157], [68.33745434793991, 23.949117061703078], [68.3374510735083, 23.949138953899762], [68.33743044845659, 23.949267774588293], [68.33742289055402, 23.949318303896632], [68.33740225740837, 23.949447174047975], [68.33739470849912, 23.949497652994353], [68.33737406636027, 23.94962657440692], [68.33736652554484, 23.94967700299145], [68.33734587441268, 23.949805974766036], [68.33733834348993, 23.949856352088943], [68.33731768336457, 23.949985374225776], [68.33731016143486, 23.95003570208604], [68.33728949231636, 23.950164774584664], [68.33728197848058, 23.95021505118376], [68.33726130126809, 23.95034417494378], [68.33725379642567, 23.9503944011808], [68.33723310932066, 23.95052357440352], [68.33722561347139, 23.950573750278522], [68.33720491827239, 23.950702974762635], [68.33719743141643, 23.95075310027545], [68.33717672722429, 23.950882375121523], [68.33716924936152, 23.950932449373113], [68.33714853617607, 23.951061774581262], [68.33714106640724, 23.95111179937021], [68.3371203442286, 23.951241174940378], [68.33711288435217, 23.95129114846776], [68.33709215318038, 23.951420575299494], [68.33708470139788, 23.9514704984648], [68.33706396213228, 23.951599974759006], [68.33703718661695, 23.95177939580259], [68.33701237072432, 23.951958845624347], [68.33698951445456, 23.95213832422428], [68.33696861780749, 23.952317832502047], [68.33694968168265, 23.95249736865867], [68.33693270428097, 23.95267693449307], [68.33691768650209, 23.95285652820627], [68.33690462924534, 23.953036151597303], [68.33689353161122, 23.95321580376651], [68.3368843927006, 23.953395485613328], [68.33687721431204, 23.953575195339], [68.33687199554618, 23.9537549338433], [68.33686873640318, 23.953934702024924], [68.33686743688287, 23.954114498985007], [68.33686809698526, 23.954294323824115], [68.33687071760971, 23.954474179240037], [68.33687520882387, 23.954650615433707], [68.33691558478648, 23.954815862262365], [68.3369604087959, 23.95499104210296], [68.33700706832173, 23.95516545931855], [68.33705556426304, 23.955339113908963], [68.33710589572064, 23.955512005874425], [68.33715806269447, 23.955684136114087], [68.33721206518476, 23.95585550372857], [68.3372124707791, 23.955856742994342], [68.33726607756762, 23.9560268668464], [68.33726657219472, 23.956028375909], [68.33732009084963, 23.956198229964457], [68.33732067361035, 23.956200009722806], [68.33737410413164, 23.956369593082286], [68.33737477502592, 23.956371642637293], [68.3374281165145, 23.956540957099662], [68.33742887644155, 23.9565432764511], [68.33748212979651, 23.95671232021749], [68.33748297785718, 23.956714909365758], [68.33753614307852, 23.95688368333549], [68.33753707927298, 23.956886543179564], [68.33759015546138, 23.95705504645332], [68.33759118068855, 23.95705817609405], [68.33764416874357, 23.95722640957132], [68.33764528210418, 23.957229809907858], [68.33769818202563, 23.95739777268915], [68.3376993835198, 23.957401442822515], [68.33775219530764, 23.957569135807148], [68.33775348493543, 23.957573076636322], [68.33780620769045, 23.957740499824354], [68.337807586351, 23.957744709550752], [68.33786022097252, 23.957911862942183], [68.3378616877668, 23.957916343364616], [68.3379142342547, 23.958083226060182], [68.33791578918243, 23.958087976279216], [68.33796824663733, 23.95825458917801], [68.33796989059806, 23.958259609193703], [68.3380222599194, 23.95842595229601], [68.33802399201369, 23.95843124300751], [68.33807627320158, 23.95859731541384], [68.33807809342926, 23.958602875922168], [68.33813028558421, 23.95876867853184], [68.33813219484506, 23.958774509735804], [68.33818429886645, 23.958940042549045], [68.33818629626069, 23.95894614265046], [68.33823831214846, 23.959111405666874], [68.33824039767632, 23.959117776464268], [68.33829232453127, 23.959282768784874], [68.33829449909189, 23.959289409378925], [68.33834633781333, 23.959454131902703], [68.33834860050769, 23.959461043192732], [68.33840035019614, 23.959625495020703], [68.33840270192331, 23.95963267610722], [68.33845436347815, 23.95979685813853], [68.33845680333894, 23.959804309921026], [68.33850837676022, 23.959968222155737], [68.33851090475457, 23.959975942835683], [68.33856238914302, 23.960139585273737], [68.33856500617014, 23.96014757664949], [68.33861640242503, 23.960310948391566], [68.33861910758594, 23.960319209563977], [68.33867041570727, 23.960482311509566], [68.33867320900157, 23.960490843377784], [68.33872442809007, 23.960653674627395], [68.3387273104172, 23.960662476292214], [68.33877844137214, 23.96082503774545], [68.33878141183277, 23.960834110106248], [68.33883245465415, 23.9609964017626], [68.3388355132484, 23.961005743020678], [68.33888646703696, 23.96116776488043], [68.33888961466403, 23.96117737683454], [68.33894048031902, 23.961339127998485], [68.33894371607983, 23.96134900974897], [68.33899449360104, 23.961510491116314], [68.33899781749545, 23.96152064266363], [68.33904850598384, 23.961681854234314], [68.33905191891103, 23.961692276477436], [68.33910251926591, 23.961853217352143], [68.33910602032665, 23.961863909392093], [68.33915653254809, 23.962024580470143], [68.33916012174228, 23.96203554320573], [68.33921054493072, 23.96219594448735], [68.33921422315791, 23.962207176120387], [68.33926455821296, 23.962367307605348], [68.33926832457365, 23.962378809934194], [68.3393185705956, 23.962538670723177], [68.33937443738057, 23.962709264021385], [68.33943229076772, 23.962879032641354], [68.33949213075738, 23.963047975683708], [68.33955395824859, 23.963216093148333], [68.33961777324174, 23.96338338593455], [68.33968357483718, 23.963549853143263], [68.33975136303502, 23.963715494774362], [68.33982113963407, 23.96388031082779], [68.33989290193597, 23.96404430220292], [68.33996665263908, 23.96420746800044], [68.34004238994441, 23.964369809119432], [68.34012011385227, 23.964531323761662], [68.34019982526183, 23.96469201372554], [68.34028152417312, 23.964851879011007], [68.34036520968675, 23.965010917819654], [68.34045088270227, 23.96516913194995], [68.34047257345065, 23.965208076191914], [68.34049415807897, 23.965239459833185], [68.34050348404867, 23.965252683464655], [68.34059501165052, 23.96538574445657], [68.34060387536863, 23.965398310683554], [68.34069586522202, 23.965532029079895], [68.34070426668859, 23.96554393880183], [68.34079671879357, 23.96567831370328], [68.34080465800872, 23.965689566920105], [68.34089757236512, 23.965824599225982], [68.34090504932868, 23.96583519503838], [68.34099842593668, 23.96597088384931], [68.34100544064864, 23.965980823156656], [68.34109927950817, 23.966117168472692], [68.34110583106929, 23.96612645127476], [68.3412001339791, 23.96626345309602], [68.34120622238942, 23.966272079393036], [68.34130098755065, 23.966409737719346], [68.34130661370938, 23.96641770751131], [68.34140184112215, 23.96655602234273], [68.34140700413013, 23.966563335629587], [68.3415026946937, 23.966702306966056], [68.34150739544992, 23.966708963747863], [68.34160354916463, 23.966848591589212], [68.34160778677011, 23.966854592765344], [68.34170440273618, 23.966994876212595], [68.3417081771907, 23.96700022088362], [68.34180525720689, 23.967141159936716], [68.34180856851066, 23.967145849001895], [68.34190611077844, 23.9672874445601], [68.34190895893141, 23.967291477119943], [68.34200696434999, 23.967433729183426], [68.34200934935205, 23.96743710523822], [68.34210781882086, 23.967580013806582], [68.34210974067219, 23.96758273425587], [68.3422086732918, 23.967726298429966], [68.34221013109277, 23.967728362374146], [68.34230952686335, 23.967872583053293], [68.34231052241273, 23.96787399049225], [68.34241038133422, 23.96801886677747], [68.34241091283354, 23.968019618610526], [68.3425112349056, 23.968165151400797], [68.34251130325413, 23.96816524762818], [68.3426117008695, 23.9683108712498], [68.34261208308129, 23.968311440520665], [68.3427120984847, 23.96845649397204], [68.34271292945823, 23.968457729640647], [68.34277453841435, 23.968547072789363], [68.34281764202075, 23.9685985050171], [68.34284620538824, 23.968633410403754], [68.34293124258295, 23.96873485842707], [68.34296079700334, 23.96877096710648], [68.34304484314515, 23.968871210937664], [68.34307538771913, 23.968908523809432], [68.34315844370735, 23.96900756434769], [68.34318997933406, 23.969046080512328], [68.34327204337018, 23.969143917757663], [68.34330457005001, 23.969183636315847], [68.34338564393238, 23.969280270268257], [68.34341916166517, 23.9693211930188], [68.34349924449458, 23.969416623678228], [68.34353375328027, 23.96945874882232], [68.34361284415758, 23.969552977088256], [68.3436483448952, 23.969596305525272], [68.3437264438204, 23.969689331397603], [68.34376293651036, 23.96973386132879], [68.34384004348323, 23.969825684807574], [68.34387752812546, 23.969871417132367], [68.34395364314628, 23.969962038217545], [68.34396554207626, 23.969976552376124], [68.34399212064, 23.970008972935887], [68.3440672428091, 23.970098392526893], [68.3441067122551, 23.970146528739463], [68.3441808424721, 23.97023474593692], [68.34422130476946, 23.970284084542982], [68.34429444123555, 23.97037110024627], [68.34433589638456, 23.97042163944718], [68.34440804089837, 23.97050745365624], [68.34445048889904, 23.9705591952507], [68.34452163966205, 23.970643807965416], [68.3445650814134, 23.97069675015507], [68.34463523842567, 23.970780162274764], [68.34467967392789, 23.97083430595842], [68.34474883718912, 23.97091651658394], [68.34479426734174, 23.97097186086279], [68.34486243595279, 23.97105287089329], [68.3449088598561, 23.97110941576699], [68.34497603471641, 23.971189225202636], [68.34502345237058, 23.97124697067113], [68.34508963258054, 23.97132558041119], [68.34513804578427, 23.971384525575502], [68.34520323134416, 23.971461934720537], [68.34525263919812, 23.971522079580495], [68.3453168292084, 23.97159828902994], [68.34536723171249, 23.971659634484695], [68.3454304270727, 23.97173464423844], [68.34548182512617, 23.97179718848946], [68.34554402493694, 23.971870999447162], [68.34559641854003, 23.97193474339383], [68.34571175119652, 23.972071570746493], [68.34582866845835, 23.97220684047346], [68.3459471703257, 23.97234055077587], [68.34606725859726, 23.972472701654], [68.34618893147405, 23.972603294006944], [68.34631218985584, 23.972732326935443], [68.34643703374218, 23.972859801338927], [68.3465634631334, 23.972985716317794], [68.34669147713015, 23.973110072771647], [68.34682107753076, 23.973232870700485], [68.34695226253694, 23.973354109204877], [68.34708503214858, 23.97347378828482], [68.34721938816432, 23.97359190883958], [68.34735532878557, 23.973708470869326], [68.34749285491137, 23.973823473474624], [68.34763196654217, 23.973936916655532], [68.34765099529727, 23.973952048648243], [68.3477712913122, 23.974050151193694], [68.34779049903244, 23.974065427077903], [68.34791061608223, 23.974163384832536], [68.34793000276755, 23.974178804608187], [68.34804994085226, 23.974276619370528], [68.34806950650255, 23.974292182138527], [68.3481892656223, 23.97438985300937], [68.34820901023767, 23.974405560568357], [68.34832859039233, 23.974503086648156], [68.34834851397284, 23.97451893809864], [68.34846791426298, 23.974616321186375], [68.34848801770795, 23.974632315628924], [68.34860723903302, 23.974729554825217], [68.34862752144312, 23.974745694058583], [68.34874656380305, 23.97484278936338], [68.34876702517823, 23.974859071588924], [68.34888588857308, 23.97495602300222], [68.34890652891318, 23.974972449119377], [68.34902521334311, 23.975069256641007], [68.34904603264835, 23.975085827549037], [68.34916453811297, 23.975182491179055], [68.34918553548414, 23.97519920507932], [68.349303862883, 23.97529572481784], [68.34932503921925, 23.97531258260966], [68.34944318765304, 23.97540895935606], [68.34945262693725, 23.97541647409099], [68.34946454295442, 23.97542596103932], [68.34958251242307, 23.975522192994845], [68.34960404668954, 23.975539338569774], [68.3497218371931, 23.975635426633687], [68.3497435504247, 23.975652716999264], [68.34986116196313, 23.975748661171906], [68.34988305415982, 23.975766094529774], [68.35000048673317, 23.97586189481069], [68.35002255789476, 23.975879472060058], [68.3501398115032, 23.975975128449534], [68.35016206162993, 23.975992850489718], [68.35027913627323, 23.976088362987696], [68.35030156536504, 23.97610622802], [68.35041846104326, 23.976201596626538], [68.35044106820084, 23.97621960644966], [68.35045626134752, 23.976232001805556], [68.35049919228396, 23.976258056064523], [68.3505930671165, 23.976313538838838], [68.35065271644982, 23.97634974014852], [68.35074653282635, 23.976405187849195], [68.35080624151499, 23.976441425131668], [68.35089999853619, 23.976496836859667], [68.35095976568067, 23.976533109215666], [68.35105346514536, 23.976588485870025], [68.35111329074584, 23.976624794198983], [68.35120693085537, 23.976680134880382], [68.3512668149117, 23.97671647828298], [68.35136039656521, 23.976771783890683], [68.35141339541195, 23.976803949043187], [68.35141913848247, 23.97681033422964], [68.35142818746095, 23.976820162021], [68.35154568568493, 23.976950751675986], [68.35155254031747, 23.97695819176721], [68.3516722337867, 23.977091169122218], [68.35167689137546, 23.97709622151359], [68.35179878188825, 23.977231584769868], [68.35180124243345, 23.977234252159178], [68.35184536946826, 23.977283237331562], [68.3519253308894, 23.97737200041746], [68.35192559169269, 23.977372282804765], [68.35204997422704, 23.9775102999605], [68.35205186280342, 23.977512446642265], [68.35217436125782, 23.977648315317538], [68.35217839201931, 23.97765289646418], [68.35229874738945, 23.97778633067469], [68.35230492213464, 23.97779334628609], [68.35242313352092, 23.977924346031898], [68.35243145135053, 23.977933795208628], [68.35254751875311, 23.97806236138888], [68.35255798236517, 23.97807424503054], [68.35267190398537, 23.978200377645464], [68.35268451248044, 23.9782146930537], [68.35279628921745, 23.978338393002446], [68.3528110425957, 23.97835514107703], [68.35292067355033, 23.97847640925903], [68.35293757361018, 23.97849558910019], [68.35304505788321, 23.97861442551539], [68.35306410462482, 23.978636037123522], [68.35316944131671, 23.978752442671123], [68.35319063653884, 23.978776483348156], [68.35329382475021, 23.978890458927708], [68.35331716755331, 23.97891693047194], [68.35341820728456, 23.979028476083442], [68.35344369946733, 23.979057376696744], [68.35354258981886, 23.979166493239177], [68.35357023138113, 23.979197822021945], [68.3536669714536, 23.979304510394968], [68.35369676329515, 23.979338267347202], [68.35379135308858, 23.979442527550702], [68.35382329610837, 23.97947871267263], [68.3539501904491, 23.97961850419074], [68.35407842927629, 23.97975586664012], [68.35420801169045, 23.97989080091986], [68.35433893949056, 23.980023307030137], [68.35447121087782, 23.98015338407157], [68.3546048276508, 23.980281032044104], [68.35473978801099, 23.980406250947794], [68.35487609285752, 23.980529042581338], [68.3550137430899, 23.98064940424672], [68.35515273690936, 23.980767337742577], [68.35529307521534, 23.980882842169535], [68.35543475800773, 23.980995918427084], [68.35557778528664, 23.98110656651494], [68.35572215705207, 23.981214784634744], [68.35586787330391, 23.981320574585027], [68.35589821822833, 23.98134190200716], [68.35601403741799, 23.981425556044655], [68.35602083359476, 23.981430307163066], [68.35614361533561, 23.98151853155514], [68.35616010710339, 23.9815307083756], [68.35630647086697, 23.981635328307846], [68.35645419170771, 23.98173749758763], [68.35660326962534, 23.98183721531541], [68.35675370372059, 23.9819344823905], [68.35690549489271, 23.982029297913755], [68.35705864314201, 23.982121661885344], [68.35721314846808, 23.982211575204076], [68.35736358256327, 23.9822959927659], [68.35736896320714, 23.98229912240663], [68.35751719666143, 23.982382260233237], [68.35752477884557, 23.98238666781066], [68.35767080986005, 23.98246852770052], [68.35768059448401, 23.98247421321446], [68.35782442305884, 23.982554796067006], [68.35783641102165, 23.98256175861826], [68.35797803625746, 23.98264106533287], [68.35799222755924, 23.982649303122912], [68.35813164855688, 23.982727334598906], [68.35814804409705, 23.98273684672813], [68.35828526085629, 23.982813604764146], [68.35830386063469, 23.982824390333406], [68.35843887315548, 23.982899874929387], [68.35845967807188, 23.982911933039304], [68.35859248455557, 23.982986145994005], [68.35861549550884, 23.982999475745373], [68.35874609595561, 23.98307241705845], [68.35877131384524, 23.98308701755184], [68.35889970735565, 23.98315868902239], [68.35892713128226, 23.98317455935853], [68.35905331785648, 23.983244960986212], [68.3590829496186, 23.983262100265904], [68.35920692925652, 23.983331233849526], [68.35923876885414, 23.98334964117305], [68.35936053885786, 23.983417507611875], [68.35939458719054, 23.98343718118116], [68.35951414935869, 23.983503781374452], [68.35955040642625, 23.983524720289722], [68.35966775895997, 23.983590055136972], [68.3597062256618, 23.983612259398342], [68.35982136856148, 23.983676330698245], [68.35986204579694, 23.9836997976077], [68.35997497816277, 23.98376260536014], [68.36001786503249, 23.983787335816942], [68.3601285868649, 23.983848880921244], [68.36017368606679, 23.98387487312698], [68.36028219556704, 23.983935157381723], [68.36032950620188, 23.98396241043696], [68.36043580426912, 23.98402143474152], [68.36048532723618, 23.98404994684762], [68.36058941207187, 23.984107711202], [68.36064114827047, 23.98413748325828], [68.36074301987463, 23.984193989461176], [68.36079696930477, 23.984225018769735], [68.36089662767733, 23.984280267720237], [68.36095279123845, 23.984312553381642], [68.36105023458072, 23.984366545979412], [68.36110861317212, 23.984400087993777], [68.36120384148427, 23.98445282603717], [68.36126443510562, 23.984487622605855], [68.36135744838765, 23.98453910519561], [68.3614202570393, 23.98457515541918], [68.36151105439183, 23.984625385253366], [68.3615760798723, 23.984662689131937], [68.36166466039583, 23.9847116662105], [68.36173190270517, 23.984750221045886], [68.36181826640001, 23.984797947167635], [68.3618877264376, 23.984837753859438], [68.36197187240401, 23.984884229023976], [68.3620435501698, 23.984925284874066], [68.36212547750887, 23.984970511779807], [68.36219937390206, 23.985012815888865], [68.36227908261367, 23.985056794535524], [68.36235519763443, 23.985100346903607], [68.36243268771847, 23.98514307729124], [68.36251102226606, 23.98518787701903], [68.36258629192395, 23.985229360946278], [68.36266684689764, 23.985275406235132], [68.36273989612937, 23.98531564550069], [68.36282267152922, 23.985362935451178], [68.36289349943564, 23.98540193005516], [68.36297849706, 23.985450463768018], [68.36304710364107, 23.98548821550878], [68.36313432259101, 23.985537992084687], [68.36320070694711, 23.98557450096257], [68.36329014812196, 23.985625519502207], [68.36335430935401, 23.985660787315567], [68.36344597455212, 23.98571304691967], [68.36350791266011, 23.985747073668563], [68.36360180008307, 23.985800573437814], [68.36366151506695, 23.985833360920935], [68.36375762741261, 23.98588809905658], [68.36391430729964, 23.985974082338203], [68.36407235595453, 23.986057594282613], [68.36423177247838, 23.986138635789416], [68.36439255687111, 23.98621720595935], [68.3645547091325, 23.986293304792184], [68.36471822926296, 23.98636693318747], [68.36487664663991, 23.986435297850733], [68.3648830633029, 23.98643818737264], [68.36504244835044, 23.98650698730779], [68.36520741279202, 23.986581283899227], [68.36537150668977, 23.986658292846016], [68.36553473094324, 23.98673801504748], [68.36569708375356, 23.986820449604068], [68.36585856691943, 23.98690559651618], [68.36601917864226, 23.98699345578342], [68.3661789207207, 23.987084027405956], [68.3663377913561, 23.987177312283222], [68.36649579234705, 23.98727330861641], [68.36665292189502, 23.9873720182041], [68.36680918179849, 23.987473440147312], [68.36683832612795, 23.98749297162351], [68.3669652519448, 23.987575452045633], [68.36698744181717, 23.987590336724736], [68.36706044518354, 23.987608760236128], [68.36713751078759, 23.987627020071045], [68.36723515018207, 23.987651665092358], [68.36731252605227, 23.98767000047019], [68.36740985518082, 23.987694570847907], [68.36748754131713, 23.987712979970127], [68.36758456017941, 23.987737476603286], [68.36766255658176, 23.98775595947012], [68.36775926517811, 23.987780382358892], [68.36783757184645, 23.987798939869265], [68.3679339701767, 23.987823287215065], [68.36801258801069, 23.987841919369203], [68.36810867517539, 23.9878661929705], [68.36818760327537, 23.98788489886897], [68.36828338017398, 23.98790909872605], [68.36836261854006, 23.98792787926834], [68.3684580851725, 23.987952003582222], [68.36853763380492, 23.98797085876828], [68.36863279017126, 23.987994909337658], [68.36871264906961, 23.988013839167422], [68.36880749516979, 23.988037815093207], [68.3688876643343, 23.988056818667417], [68.36898220016855, 23.988080719949437], [68.36906267959915, 23.988099798167184], [68.36915690516713, 23.988123625704816], [68.36923769486384, 23.9881427785665], [68.36933161016583, 23.988166531460365], [68.36941271102785, 23.988185758066265], [68.36950631516441, 23.988209436316595], [68.3695877262927, 23.988228738465637], [68.36968102016311, 23.988252342071974], [68.3697627415574, 23.988271717965574], [68.3698557251617, 23.988295247827523], [68.36993775682208, 23.98831469746534], [68.37003043016023, 23.988338152683752], [68.37011277208694, 23.988357677864656], [68.37020513515898, 23.98838105843913], [68.37028778735163, 23.98840065736448], [68.37037984015751, 23.98842396419468], [68.37046280261632, 23.988443637763794], [68.37055454515627, 23.98846686905091], [68.37063781788117, 23.98848661726356], [68.37072925015485, 23.98850977480629], [68.37081283314586, 23.988529596763556], [68.37090395515355, 23.98855267966252], [68.37098784841055, 23.98857257716287], [68.37107866015214, 23.988595585418068], [68.37116286367541, 23.988615556662637], [68.37125336515084, 23.988638491173447], [68.37133787983942, 23.98865853706195], [68.37142807014942, 23.988681396029676], [68.3715128951041, 23.988701516561775], [68.37160277604733, 23.988724301785226], [68.37168791036896, 23.98874449696109], [68.37177748104608, 23.988767206641455], [68.37186292563365, 23.988787476461027], [68.37195218604461, 23.988810112396834], [68.37203794089834, 23.98883045686017], [68.37212689104337, 23.988853017253007], [68.37221295616303, 23.988873436360166], [68.3723015960419, 23.988895923008613], [68.37238797142788, 23.98891641675931], [68.37247630104065, 23.98893882876399], [68.37256298669257, 23.988959396259247], [68.37265100603923, 23.98898173362022], [68.37273800195726, 23.98900237665839], [68.37282571103776, 23.98902463937577], [68.37291301722212, 23.989045356158385], [68.37300041603652, 23.989067544231773], [68.37308803248675, 23.98908833655753], [68.37317512103505, 23.98911044998738], [68.37326304775144, 23.989131316057467], [68.3733498260338, 23.989153354843552], [68.37343806391567, 23.98917429645661], [68.37352453103233, 23.98919626059893], [68.37361307918036, 23.989217275956605], [68.37369923603109, 23.98923916545516], [68.37378809444505, 23.98926025635592], [68.37387394102961, 23.98928207121071], [68.3739631097099, 23.989303235855687], [68.37404864602837, 23.98932497606694], [68.37413812497459, 23.989346216255], [68.37431269147771, 23.989390593301266], [68.37582255606628, 23.989800108588156], [68.375998579471, 23.98984495328216], [68.37617587361785, 23.989887246599267], [68.37635443850655, 23.989926986741125], [68.37653427413755, 23.989964174607053], [68.37671538051052, 23.989998811096314], [68.37689775852488, 23.990030894410438], [68.37693152716838, 23.99003632451695], [68.37785043644863, 23.989067520849403], [68.37798711811104, 23.98891846181766], [68.3781200487013, 23.988768400041636], [68.37824922911881, 23.988617336421044], [68.37825056730986, 23.9886157140441], [68.37833374650529, 23.988517206803692], [68.37837789962043, 23.988466137002717], [68.37850440275605, 23.98831435752163], [68.37862707118256, 23.988161554612134], [68.37874590579901, 23.988007727374736], [68.37886090660561, 23.987852874910402], [68.3789720727031, 23.98769699901743], [68.37907940499065, 23.987540098796615], [68.37918290256903, 23.98738217334875], [68.37928256723683, 23.987223224472302], [68.37937839719535, 23.987063251268182], [68.37947039244483, 23.986902253736105], [68.37955855478356, 23.986740231876354], [68.37960665951977, 23.9866472212924], [68.37964450479018, 23.986577618262572], [68.37969083156673, 23.98648793067349], [68.37973045299816, 23.986415005548167], [68.37977500541223, 23.98632864005475], [68.37981639940745, 23.98625239103518], [68.37985918015704, 23.986169351234707], [68.37990234491735, 23.986089777421398], [68.37994335580129, 23.986010063313927], [68.37998828772936, 23.985927162908297], [68.38002753324412, 23.985850776292295], [68.38007423054148, 23.985764547495933], [68.38011171158627, 23.98569149017021], [68.38016017065553, 23.985601932083625], [68.38019589172717, 23.98553220584671], [68.38024610897088, 23.985439315771885], [68.38028007276728, 23.985372922422584], [68.38033204548759, 23.9852766994602], [68.3803642547067, 23.985213639897665], [68.38041798110498, 23.98511408224914], [68.3804484393441, 23.985054359171443], [68.38050391402459, 23.984951465038193], [68.38053262488086, 23.984895079344597], [68.38058984514532, 23.984788846927756], [68.3806168122162, 23.984735801316333], [68.38067577446748, 23.98462622881749], [68.38070100045087, 23.98457652418722], [68.38076170109167, 23.984463609807847], [68.3807851913835, 23.984417248857085], [68.38084762591734, 23.984300989898884], [68.3808693832155, 23.9842579744261], [68.38093354894426, 23.984138369989864], [68.38095357684625, 23.98409870179364], [68.38101946927321, 23.983975749181468], [68.38103777317474, 23.983939430960163], [68.38110538690427, 23.983813127473923], [68.38112197040277, 23.98378016192504], [68.38119130273662, 23.983650504867], [68.38120617032854, 23.98362089468867], [68.38127721587097, 23.98348788226002], [68.38129037205306, 23.983461628351506], [68.38136312630724, 23.983325258753723], [68.38137457557633, 23.983302364712415], [68.3814490331464, 23.98316263434822], [68.38145878179739, 23.983143102872077], [68.38153493818703, 23.983000009942543], [68.38161651209248, 23.9828362272101], [68.3816931900887, 23.982671137762964], [68.38176497037728, 23.98250473890255], [68.3818318547564, 23.982337032428234], [68.38189384142783, 23.98216801744013], [68.38192745179066, 23.982067744830715], [68.38195273622995, 23.981998176874527], [68.38198004414392, 23.981915879014593], [68.38201157617334, 23.981828321020316], [68.3820326895571, 23.98176403658107], [68.38207036125823, 23.981658450776933], [68.38212585842172, 23.981487701895958], [68.38217640481741, 23.981315631011682], [68.3822220004451, 23.981142236325127], [68.38225662164575, 23.980993410217764], [68.38226337195721, 23.980967713889015], [68.38229766040877, 23.98082018370468], [68.38230474346926, 23.980793191452676], [68.38233869917173, 23.980646956292162], [68.382346114082, 23.980618669016508], [68.38237973793468, 23.98047372977885], [68.38238748559405, 23.98044414658017], [68.38242077759685, 23.980300502366333], [68.38242885530758, 23.980269624143887], [68.38246181725918, 23.980127275853192], [68.38247022592031, 23.98009510080834], [68.38250285692135, 23.97995404933988], [68.38251159563367, 23.979920578372003], [68.382543897483, 23.979780821927363], [68.3825529653472, 23.979746055036514], [68.38258493804454, 23.97960759541428], [68.3825943350605, 23.9795715317008], [68.38262597860609, 23.97943436890114], [68.38263570387466, 23.97939700836531], [68.382667020067, 23.979261142387998], [68.38267707268881, 23.979222485929142], [68.38270806152786, 23.979087915874686], [68.38271844060358, 23.979047962593484], [68.38274910298878, 23.978914689361545], [68.38275980851841, 23.97887343925794], [68.38279014534902, 23.97874146374761], [68.38280117643319, 23.978698915023074], [68.38283118770931, 23.97856823723447], [68.38284254434814, 23.97852439168736], [68.38287223006955, 23.97839501072133], [68.38288391136354, 23.97834986835187], [68.38291327332905, 23.978221785107394], [68.38292527837893, 23.97817534411695], [68.3829543165885, 23.978048558594253], [68.38296664449518, 23.97800082078129], [68.38299535984811, 23.977875332980318], [68.3830080106112, 23.977826296546368], [68.38303640400693, 23.977702106467177], [68.38304937672746, 23.97765177321088], [68.38307744816575, 23.977528880853242], [68.38309074284365, 23.97747724897596], [68.38310784255304, 23.97740232285895], [68.38311849322395, 23.977355655239478], [68.38313210806052, 23.977302724741094], [68.38315953738282, 23.977182429625543], [68.38317347327717, 23.97712820050623], [68.38320058244102, 23.97700920401161], [68.38321483849404, 23.976953676271307], [68.38324162839854, 23.976835978397844], [68.38325620281171, 23.976779152036272], [68.38328267345673, 23.97666275278391], [68.3832975671292, 23.97660462780135], [68.3833237194143, 23.976489527169917], [68.38333893144664, 23.976430103566486], [68.38336476537171, 23.976316301556153], [68.38338029486476, 23.976255578432244], [68.38340581222849, 23.97614307594222], [68.38342165828305, 23.976081054197323], [68.38344685908538, 23.975969850328454], [68.38346302170117, 23.975906529063252], [68.38348790594216, 23.975796625613896], [68.38350438422009, 23.975732004828217], [68.38352895369832, 23.97562339999996], [68.38354574763821, 23.97555747969392], [68.38357000055521, 23.975450175285403], [68.38358710925775, 23.975382954559677], [68.38361104921074, 23.97527694967164], [68.38362847177672, 23.975208430324983], [68.38365209696684, 23.975103724957023], [68.38366983339625, 23.97503390519074], [68.38369314562215, 23.97493049934309], [68.38371119501579, 23.974859380056444], [68.38373419427768, 23.9747572746287], [68.38375255663533, 23.974684854922202], [68.38377524293315, 23.974584049914142], [68.38379391735555, 23.974510328888755], [68.383816292488, 23.974410825199584], [68.38383527807571, 23.974335803754514], [68.38385734204275, 23.97423760048497], [68.38387663879587, 23.974161278620272], [68.3838983915976, 23.97406437577041], [68.38391799951626, 23.973986753485974], [68.38393944115245, 23.973891151055852], [68.38395935933704, 23.973812227452356], [68.38398049160651, 23.973717926341294], [68.38402403678003, 23.973545218736945], [68.38407220986477, 23.97337346980987], [68.38409557335223, 23.97329789438237], [68.38412289475588, 23.973202241590172], [68.38412966215424, 23.97318070552518], [68.38413989823789, 23.973158373560125], [68.38419259581184, 23.973036533409356], [68.38419824535293, 23.973024303528916], [68.38425924366919, 23.972884397796804], [68.38432853733224, 23.97273555730021], [68.38433424263127, 23.97272536978005], [68.38442315860203, 23.97257576575896], [68.38449912433526, 23.97245515408224], [68.3845150980934, 23.972428231977347], [68.38459350278805, 23.972303555364874], [68.38460704028273, 23.97228069999443], [68.38468787854293, 23.972151955748245], [68.38469898517019, 23.972133169809922], [68.38478225070048, 23.972000353433543], [68.38479093365476, 23.971985642323716], [68.3848766201599, 23.971848750219635], [68.3848828848374, 23.971838116635865], [68.38497098602227, 23.971697144307825], [68.3849748396172, 23.971690592746768], [68.38506534918662, 23.971545537496638], [68.38506679709508, 23.971543071555573], [68.38515871500289, 23.97139552338473], [68.38515975192115, 23.97139395226924], [68.38519578865476, 23.971336012547056], [68.38525057265593, 23.971247932945857], [68.38525421760818, 23.971242403014514], [68.38534243210768, 23.97110034520489], [68.38534868059725, 23.971090851961378], [68.38543429515676, 23.970952758363296], [68.38544314088836, 23.97093929910949], [68.38552616000442, 23.970805173320116], [68.38553759758224, 23.97078774535828], [68.38561802754998, 23.97065759097518], [68.38563205247732, 23.970636189808488], [68.38570960191674, 23.97051048976732], [68.38571795032334, 23.970500307643192], [68.38572988432679, 23.970486539922035], [68.38583316876577, 23.970360558393168], [68.38584515942665, 23.970346731316624], [68.38594838630917, 23.97022081004252], [68.38596043452651, 23.970206922711384], [68.3860636047516, 23.970081060792495], [68.38607571052574, 23.9700671141062], [68.3861788231942, 23.969941311542414], [68.38618504020758, 23.969934152938947], [68.3861909856256, 23.969927306400166], [68.38629404073743, 23.96980156229239], [68.38630626162467, 23.969787497794925], [68.38640925918008, 23.969661813042364], [68.38642153672453, 23.969647689189685], [68.38652447762269, 23.96952206379234], [68.38653681272376, 23.96950788148365], [68.38663969516591, 23.96938231454226], [68.386652088723, 23.96936807287824], [68.38675491270914, 23.969242564392857], [68.38676736472223, 23.969228265172376], [68.38687013115174, 23.969102815142833], [68.38688263982215, 23.969088456567192], [68.38698534869502, 23.968963065892808], [68.3871038289787, 23.968827146855517], [68.3872259542145, 23.968695506792244], [68.38735172260397, 23.968568145703443], [68.38748113594573, 23.968445062689625], [68.38761419244116, 23.96832625775056], [68.38761646412871, 23.968324354785125], [68.38774730919113, 23.968207523858155], [68.3877496204488, 23.96820558761783], [68.38788042504171, 23.96808878906637], [68.38788277586951, 23.968086820450537], [68.38801354179151, 23.967970054274588], [68.38801593129028, 23.967968052383867], [68.38810700833181, 23.967886725791857], [68.38816136515504, 23.967862432405354], [68.38822999511825, 23.967829094537194], [68.38833183884333, 23.96778362571382], [68.38840105606391, 23.967749977579444], [68.38850231343122, 23.96770481992155], [68.38857211700963, 23.967670859722432], [68.38867278891809, 23.967626015028657], [68.38874317795546, 23.9675917409661], [68.38884326440518, 23.967547210135706], [68.38891423890112, 23.96751262131056], [68.3890137407916, 23.967468405242812], [68.38908529984678, 23.967433501654853], [68.38918421807739, 23.967389602148444], [68.3892563607925, 23.96735438020056], [68.38935469626239, 23.967310799054246], [68.38942742083896, 23.96727525784695], [68.38952517444739, 23.96723199775863], [68.38959848178462, 23.9671961336947], [68.38969565353176, 23.967153196463016], [68.38976954183096, 23.967117009542505], [68.38986613351528, 23.96707439606655], [68.38994060187741, 23.96703788359156], [68.39003661529756, 23.966995597468895], [68.39011166192375, 23.966958755842086], [68.39028315274544, 23.966883362976944], [68.39045560584151, 23.966816294236708], [68.3906290203131, 23.966757548721944], [68.39080339615987, 23.966707126432823], [68.39097873338193, 23.96666502736923], [68.39115503197934, 23.96663125243049], [68.3913322919517, 23.966605801616595], [68.39151051329964, 23.966588673128797], [68.39168969692207, 23.96657986876602], [68.39170973291783, 23.966579815706098], [68.39186907120086, 23.966572718256316], [68.3918715002697, 23.96657272275303], [68.39199029531585, 23.966567969836035], [68.39203300412004, 23.96657394493161], [68.39209668781194, 23.966580174535466], [68.39219390632377, 23.966594080752316], [68.3922689754329, 23.96660163235947], [68.39244046715402, 23.966626708156184], [68.39261027444473, 23.96665943898205], [68.3927783982046, 23.966699824837235], [68.39294483843366, 23.96674786662078], [68.39294954278722, 23.966749456622154], [68.3931112184082, 23.966796177301717], [68.39311483008538, 23.96679739858115], [68.39327759928187, 23.966844487982883], [68.39328011738354, 23.966845339640827], [68.39344398015555, 23.966892798663878], [68.39344540468187, 23.966893280700504], [68.39361036013008, 23.966941109344816], [68.39361069198003, 23.966941221759953], [68.39377596758692, 23.966989196094687], [68.39377674819855, 23.966989386750868], [68.39394123869732, 23.967037184818253], [68.3939431389648, 23.96703764886837], [68.39410650890835, 23.96708517264267], [68.39410953063037, 23.96708591188542], [68.39426849389605, 23.967132202689186], [68.394271682892, 23.967133424867768], [68.3944122523236, 23.967180536752494], [68.39443423804977, 23.967188889655574], [68.39456376110888, 23.967231879947462], [68.39459680489881, 23.967244322067813], [68.39471525910204, 23.967283257316637], [68.39475938433816, 23.967299721205222], [68.39486674720268, 23.96733466706138], [68.39492197456957, 23.96735508886644], [68.3950182245116, 23.96738611008101], [68.3950845773914, 23.967410423252545], [68.39516969102846, 23.96743758547632], [68.39524719100518, 23.967465725263196], [68.39531541357553, 23.967487282012428], [68.3953321256771, 23.967494890277067], [68.39540571180419, 23.967532300275536], [68.39549084792435, 23.96757113030361], [68.3955224968658, 23.96758726234242], [68.39556127113582, 23.967607026742996], [68.39564956837307, 23.967647373027887], [68.39571683226603, 23.96768175051244], [68.39580828702282, 23.967723617550973], [68.39587239429574, 23.967756470684662], [68.39596700387426, 23.96779986567134], [68.39612325568379, 23.96788015984157], [68.39627539939028, 23.96796719532989], [68.39642343499361, 23.968060971236923], [68.39656736339316, 23.968161488462044], [68.39664683108651, 23.968222449906307], [68.39670899222625, 23.968265780141678], [68.39679192590677, 23.968329238103934], [68.39685061836144, 23.968370076318024], [68.39693702342498, 23.968436023603715], [68.39699224269788, 23.968474375192443], [68.39708212364127, 23.96854280640548], [68.39713386523573, 23.968578676764594], [68.39722722655546, 23.968649586509343], [68.39727548507568, 23.968682982833457], [68.39737233216744, 23.968756363015927], [68.39741710311688, 23.968787291600222], [68.39751744047754, 23.968863135925005], [68.3975587193595, 23.968891603964494], [68.39766255148572, 23.968969907035728], [68.39770033380341, 23.968995919925874], [68.39780766429226, 23.96907667544832], [68.39784194554937, 23.969100238585213], [68.39795277979698, 23.96918344116301], [68.39798355639618, 23.969204559942625], [68.3980978971004, 23.969290203280366], [68.39812516454487, 23.96930888399777], [68.39824301710172, 23.969396963599024], [68.39826677179417, 23.96941321165042], [68.398388139801, 23.969503721219894], [68.39840837724489, 23.96951754200103], [68.39853326429886, 23.969610476142634], [68.39854998089709, 23.96962187504954], [68.39867839059542, 23.96971722926685], [68.39869158275053, 23.969726210796125], [68.39882351869056, 23.969823979692933], [68.39883318280522, 23.9698305492405], [68.39896864948366, 23.969930727421286], [68.39897478106138, 23.969934889483625], [68.39911378207546, 23.970037473350715], [68.39911637841817, 23.97003923332403], [68.39925799735875, 23.97014354029227], [68.39925888768761, 23.970144250756675], [68.39939968015113, 23.970247743838343], [68.39940391505871, 23.970251116296026], [68.3995319560351, 23.97034505318169], [68.39969558498336, 23.970098851181206], [68.40072803906787, 23.9684044834803], [68.40080285097088, 23.968450069215464]], [[68.43437219960788, 23.968310141832035], [68.44404853125013, 23.968456430140975]], [[68.49909378365135, 23.96918716615488], [68.50901728082289, 23.96942377059065]], [[68.54415524017236, 23.97003674490003], [68.54720370538683, 23.968931977229033], [68.54744048429103, 23.967734765547107], [68.54901903639944, 23.96750238972362], [68.55226748655542, 23.967728801243368], [68.55318958752946, 23.96817897038318], [68.55406295244336, 23.96905675096832], [68.5546549149924, 23.969504942499157], [68.5557395243597, 23.969401294734098], [68.55627012742997, 23.969779551672048], [68.55680259654963, 23.970159138881343]], [[68.59158931869229, 23.970579129623275], [68.60352351438888, 23.9706982080545]], [[68.7580547332393, 24.050364971566182], [68.75850570187663, 24.058594345652523]]]}}, {"type": "Feature", "properties": {"type": "IMBL", "name": "India - Bangladesh", "source": "Marine Regions (VLIZ) Maritime Boundaries v12", "line_type": "Median line"}, "geometry": {"type": "LineString", "coordinates": [[89.1500134124891, 21.666097116388983], [89.14650579570599, 21.668283628186884], [89.14640941985891, 21.66834348346515], [89.14616912460554, 21.668455679286296], [89.1459262321099, 21.668568606256315], [89.14202974307824, 21.670372408859578], [89.14184479839872, 21.670482047908365], [89.1415954029057, 21.670630499897754], [89.14134684917786, 21.67077906160449], [89.14109913631626, 21.67092773122988], [89.1408522643207, 21.67107650877398], [89.14060623319119, 21.671225396035254], [89.14036104382728, 21.671374391215352], [89.14011669532937, 21.671523495213307], [89.13987318859694, 21.671672708029064], [89.1396305218313, 21.6718220287637], [89.12459960119071, 21.68111000562243], [89.12442556348913, 21.681216972785194], [89.12425154017654, 21.681323355388542], [89.12407753035382, 21.6814291552314], [89.12390353492032, 21.68153437051484], [89.12372955297661, 21.681639001238977], [89.12355558542197, 21.68174304920251], [89.12338163225667, 21.68184651260657], [89.12320769258099, 21.681949391451383], [89.12303376729454, 21.682051687535534], [89.12285985549812, 21.682153399060212], [89.12268595809053, 21.682254526924908], [89.12251207417296, 21.682355071129678], [89.12233820464462, 21.682455030775202], [89.1188708289256, 21.68443699087453], [89.11869844237935, 21.68453489736777], [89.11852600996752, 21.6846321995165], [89.11835353169033, 21.684728897320724], [89.11818100664829, 21.684824992579422], [89.1180084366402, 21.684920482594237], [89.11783581986725, 21.685015369164148], [89.11766315812827, 21.68510965228876], [89.1174904496246, 21.685203331069033], [89.11731769525557, 21.685296405504857], [89.117144895021, 21.68538887649555], [89.11697204802175, 21.68548074314191], [89.11679915605629, 21.685572006343193], [89.11662621732626, 21.68566266519997], [89.11645323273058, 21.685752720611617], [89.11628020226965, 21.685842171678985], [89.11610712594324, 21.685931019301222], [89.11593400375125, 21.686019262578952], [89.11576083479474, 21.68610690241178], [89.11558762087208, 21.6861939379001], [89.11541436018467, 21.686280369043914], [89.11524105363179, 21.686366196742654], [89.11506770121349, 21.686451420996434], [89.11489430292983, 21.686536040905594], [89.11472085878069, 21.686620056470588], [89.11454736786692, 21.68670346859028], [89.11440095284178, 21.686773335121302], [89.1143738391815, 21.686786370794493], [89.11422819577479, 21.68685586590567], [89.11420030959681, 21.686869272998706], [89.11405543870768, 21.686938397589017], [89.11402678001195, 21.686952175202748], [89.1139533804569, 21.686987196085283], [89.11388268164052, 21.68702092837316], [89.11385325132653, 21.68703507740696], [89.11370992457336, 21.687103460056676], [89.11367972174185, 21.687117979611173], [89.11353716750642, 21.687185990840874], [89.11350619215722, 21.687200881815386], [89.11336441043926, 21.68726852252439], [89.1131920166984, 21.687351395950202], [89.11306309348709, 21.68741384487322], [89.11303470998388, 21.687435135423186], [89.11287002703023, 21.687559423528683], [89.11270600777607, 21.687683968840133], [89.11254265222169, 21.687808771357822], [89.11237996126624, 21.687933831980786], [89.10810555642638, 21.69123980817068], [89.10795986985215, 21.691351754879634], [89.10781401060814, 21.691463101740794], [89.10766797869428, 21.691573850552857], [89.10752177321137, 21.691683999516954], [89.10737539505857, 21.691793550432124], [89.10722884423592, 21.691902502398705], [89.107082119844, 21.692010854517434], [89.10693522368172, 21.692118608586952], [89.10678815395022, 21.69222576280879], [89.10664091064967, 21.692332318981414], [89.10649349557855, 21.692438275306188], [89.10634590693803, 21.692543633581863], [89.10619814562801, 21.692648392009744], [89.10605021074872, 21.692752552388413], [89.10590210409896, 21.6928561129194], [89.10575382387992, 21.69295907540112], [89.10560537099116, 21.693061438035045], [89.10494670392734, 21.69351242645729], [89.10003022721327, 21.69718895210849], [89.09988571515368, 21.697296196262528], [89.09974086135185, 21.697402872944394], [89.09959566670676, 21.69750898395256], [89.09945012942, 21.697614528387817], [89.09930425129033, 21.697719505350904], [89.0991580323174, 21.697823916640516], [89.09901147070298, 21.697927761357164], [89.09886456824535, 21.698031039500847], [89.09871732404537, 21.698133750172474], [89.09856973810298, 21.698235895170512], [89.0984218104183, 21.6983374735957], [89.09827354189053, 21.698438485447866], [89.09812493162048, 21.69853893072718], [89.09797597960784, 21.698638809433533], [89.09782668585302, 21.698738121567203], [89.097677051255, 21.69883686712774], [89.09752707491464, 21.69893504611548], [89.09737675683186, 21.69903265853054], [89.09736857030344, 21.69903793215491], [89.0972374185722, 21.69914283627304], [89.09723512620019, 21.69914468348037], [89.09709749755166, 21.69925476139821], [89.09709401447736, 21.699257568182304], [89.09695757653111, 21.699366686523547], [89.09695290275437, 21.69937045198492], [89.09681765551056, 21.699478611648715], [89.09681179103131, 21.699483336686683], [89.09680068322353, 21.699492219192223], [89.09667773449002, 21.699590536773883], [89.09667067930849, 21.699596221388617], [89.09653781436867, 21.69970246189922], [89.09652956758566, 21.699709106090552], [89.0963978933483, 21.69981438702439], [89.09638845586267, 21.699821990792316], [89.09625797232775, 21.699926312149728], [89.0962473432404, 21.699934874594874], [89.0961180513072, 21.700038238174272], [89.09610623151741, 21.700047759296638], [89.0959781311858, 21.70015016329944], [89.09596511979458, 21.700160643998572], [89.09583821016525, 21.70026208842478], [89.09582400717238, 21.700273527801187], [89.09569829004408, 21.700374013549947], [89.09568289544933, 21.70038641250312], [89.09555836902354, 21.70048593957449], [89.0955417837265, 21.70049929630551], [89.09541844890236, 21.70059786469983], [89.09540067110413, 21.700612181007443], [89.09527852788182, 21.700709790724375], [89.0952595593813, 21.70072506481], [89.09513860776065, 21.700821715849543], [89.09511844765842, 21.70083794861256], [89.09499868763947, 21.70093364097488], [89.09497733503605, 21.700950833314323], [89.09485876661893, 21.701045566999426], [89.09483622331322, 21.701063717116938], [89.09471884649776, 21.70115749302397], [89.09469511069085, 21.701176600919496], [89.09457892637641, 21.70126941814931], [89.09446270069327, 21.70136298001762], [89.09338212478542, 21.70310438765739], [89.09328824365764, 21.703256912676466], [89.09319505230985, 21.703409553708013], [89.09310255164155, 21.703562310752204], [89.09301074075324, 21.703715185607393], [89.09291962054408, 21.70386817647534], [89.09282919101446, 21.704021283355587], [89.09273945126478, 21.704174508047174], [89.09265040219447, 21.704327848751404], [89.09256204380341, 21.704481306367256], [89.09247437519241, 21.704634880895128], [89.09238739726072, 21.704788571435586], [89.09166494847864, 21.706076333156318], [89.09157650195408, 21.706235481682313], [89.09148879826955, 21.706394798381382], [89.091401837425, 21.706554284152958], [89.09131561942036, 21.706713938997154], [89.0912301442558, 21.706873762913915], [89.09114541283071, 21.70703375500392], [89.09106142334605, 21.707193916166432], [89.09097817670158, 21.707354246401394], [89.09089567379647, 21.70751474480977], [89.08958429767733, 21.710091728750285], [89.08719193286157, 21.713357840691913], [89.0870872985401, 21.71350202270031], [89.08698333960956, 21.71364661300089], [89.08688005606979, 21.713791614291722], [89.08677744882033, 21.713937023874564], [89.08667551696163, 21.714082843548397], [89.0865742604937, 21.7142290724139], [89.08647368031609, 21.714375711370167], [89.08637377552947, 21.7145227586185], [89.08627454613355, 21.714670216857144], [89.08617599302778, 21.71481808338791], [89.08607811531294, 21.71496636000967], [89.08598091298893, 21.715115045822813], [89.085884386955, 21.715264140827628], [89.08578853541263, 21.715413645923206], [89.08569336105995, 21.715563560210228], [89.08559886119855, 21.71571388458824], [89.08550503762757, 21.715864618157696], [89.08541189034656, 21.716015760918765], [89.08531941755712, 21.716167312871278], [89.08522762105804, 21.716319274914724], [89.08513649994967, 21.71647164614967], [89.08504605513144, 21.716624426576004], [89.08495628570421, 21.716777617093328], [89.08489316318901, 21.716886442255543], [89.08484601533144, 21.71702434160011], [89.08478783818833, 21.717197043808596], [89.08473048392477, 21.717369875519466], [89.0846739534403, 21.717542838531187], [89.08461824673475, 21.717715931045404], [89.08456336380829, 21.717889154860586], [89.08450930376154, 21.718062508178264], [89.0836325933696, 21.720919505031247], [89.08358117553092, 21.72108446047963], [89.08352902834213, 21.72124919379536], [89.08347615000451, 21.721413704978488], [89.08342254141724, 21.721577993129927], [89.0834109392635, 21.72161302172367], [89.08333593670432, 21.721705270581822], [89.08321736019303, 21.721849773648216], [89.08309831603452, 21.721993512290908], [89.08297880512794, 21.722136485610463], [89.08285882657373, 21.72227869360694], [89.08273838127127, 21.72242013717971], [89.08261746832159, 21.722560815429404], [89.08249608862366, 21.72270072835596], [89.08237424217765, 21.722839876858814], [89.08225192808402, 21.722978260038758], [89.08212914634316, 21.723115878794772], [89.08200589785406, 21.723252732227934], [89.08188218261671, 21.72338882033796], [89.0779285731453, 21.727697117927733], [89.0779207418488, 21.72770956904145], [89.07782706756518, 21.727860105659488], [89.07773419187953, 21.72801098671772], [89.0776421147919, 21.728162211317112], [89.07755083630224, 21.728313780356757], [89.077460355511, 21.728465693836768], [89.07737067331794, 21.7286179517572], [89.07728178972292, 21.72877055411783], [89.07684404831429, 21.729530626037672], [89.07575409427614, 21.732132480729376], [89.07573266523042, 21.73218292550166], [89.07568602638918, 21.73229413566594], [89.07566998248376, 21.73233186132643], [89.07561795220681, 21.732455788803748], [89.07560730423381, 21.732480798949894], [89.07554987442728, 21.732617439243427], [89.07554463227905, 21.73262973837177], [89.07548196302224, 21.732778678693137], [89.07548179305047, 21.73277908788458], [89.07541923530965, 21.732927597430773], [89.07541376203551, 21.73294076080765], [89.07535651299287, 21.733076518866312], [89.07534572652406, 21.73310243103242], [89.07527751114833, 21.7332640176204], [89.07520849897315, 21.73342522739233], [89.07513868909939, 21.73358606214714], [89.07506808242613, 21.733746520985335], [89.07499667895365, 21.73390660480601], [89.0749244786818, 21.734066312710354], [89.07485148161066, 21.734225644697744], [89.07477768684089, 21.734384601668012], [89.07470309527167, 21.734543182721723], [89.07462770780262, 21.734701388758083], [89.07455152263475, 21.734859218877887], [89.07447453976829, 21.73501667308102], [89.07439676100176, 21.735173752266917], [89.07431818543597, 21.735330455536143], [89.07423881217153, 21.73548678378819], [89.0741586421077, 21.73564273612351], [89.07407767524461, 21.735798312542272], [89.07406339401047, 21.735825421705897], [89.07402125447737, 21.735888894057325], [89.07392105381359, 21.736038151839296], [89.07382011390723, 21.736186851142293], [89.073718434758, 21.73633499286575], [89.07361601726558, 21.736482577009383], [89.07351286053017, 21.7366296026741], [89.07340896455213, 21.736776069859843], [89.07330433023083, 21.736921980365196], [89.07319895756592, 21.737067331492256], [89.07312203405479, 21.73717229676413], [89.07309304171065, 21.7372122734277], [89.07301962915267, 21.737312412038364], [89.07298712585515, 21.737357215363318], [89.07291722514987, 21.737452528211577], [89.07288120820135, 21.737502156399557], [89.07281482204644, 21.737592645284394], [89.07277529054733, 21.73764709653642], [89.07271241984239, 21.737732762357155], [89.0726693719941, 21.737792035773907], [89.07261001763834, 21.73787288032935], [89.07256345254149, 21.737936975011394], [89.07250761723287, 21.73801299920069], [89.07245753218939, 21.73808191334973], [89.07240521772673, 21.738153118072034], [89.0723516109382, 21.738226850788692], [89.07230281822063, 21.738293237842754], [89.07224568878769, 21.738371788227596], [89.07220042051307, 21.738433357613474], [89.07213976573763, 21.73851672476718], [89.07209802370488, 21.73857347918272], [89.07203384178854, 21.738661660407388], [89.07192745918502, 21.738806249808647], [89.07182033554017, 21.738950279831727], [89.07171247265262, 21.739093750476343], [89.07160386962295, 21.739236662641986], [89.07149452555211, 21.739379016328712], [89.07138444223841, 21.73952081063709], [89.07127361788321, 21.739662045567], [89.07116205428537, 21.739802721118735], [89.07104975054574, 21.739942839090872], [89.07093670666376, 21.74008239678534], [89.07082292174061, 21.740221396000663], [89.0707083975746, 21.74035983673724], [89.07059313326664, 21.7404977180953], [89.07047712791717, 21.740635040075063], [89.07036038332518, 21.740771803576024], [89.07024289859106, 21.740908007698465], [89.07012467371482, 21.74104365334199], [89.07000570869667, 21.74117873960722], [89.06988600263702, 21.741313267393423], [89.06976555733479, 21.741447235801388], [89.06964437189032, 21.741580645730323], [89.06952244630389, 21.741713496280795], [89.06939978057551, 21.741845787453315], [89.06927637470511, 21.74197752014652], [89.06915222869253, 21.742108693461546], [89.06902734253794, 21.742239308297485], [89.06890171624138, 21.7423693637553], [89.06877534980265, 21.742498860733917], [89.0686482432219, 21.74262779833424], [89.0685203964992, 21.742756177455817], [89.06839180963448, 21.742883997198874], [89.06826248262757, 21.74301125756358], [89.06813241547871, 21.74313795944937], [89.06800160818784, 21.743264102856244], [89.06787006075484, 21.743389685985335], [89.06773777317977, 21.743514711534715], [89.06760474546275, 21.743639176806596], [89.06747097760359, 21.74376308449888], [89.06733646960242, 21.743886431913324], [89.06720122145924, 21.744009220848966], [89.06706523317405, 21.744131451305464], [89.0669285056461, 21.74425312238384], [89.06679103707677, 21.744374234083693], [89.0667455970318, 21.74441386990418], [89.06665332209315, 21.7444951605234], [89.06660861409642, 21.74453415602659], [89.06651560710975, 21.74461608606356], [89.06647163026162, 21.74465444214883], [89.06637789302533, 21.744737012503265], [89.06633464732624, 21.744774729170558], [89.06624017804194, 21.7448579389428], [89.06619766439087, 21.744895015292798], [89.06610246305831, 21.74497886448313], [89.06606068145544, 21.745015301415208], [89.06596474807475, 21.745099790922666], [89.06592369852007, 21.745135588436767], [89.0658270339905, 21.745220716462995], [89.06578671558447, 21.745255874559007], [89.06568931900694, 21.74534164290253], [89.06564973264909, 21.74537616068136], [89.06555160402331, 21.74546256844286], [89.06551274971372, 21.745496447702976], [89.06541388903992, 21.74558349398319], [89.06537576677829, 21.745616733825386], [89.0652761740563, 21.745704420422726], [89.06523878384291, 21.74573701994757], [89.06513845907273, 21.745825345963055], [89.06510180090748, 21.745857306969185], [89.0650007440891, 21.74594627240259], [89.06496481797211, 21.745977593091595], [89.06486303000491, 21.74606719794292], [89.06482783503674, 21.746097880113155], [89.06472531502129, 21.746188124382456], [89.06469085210131, 21.746218166235565], [89.0645876000379, 21.746309049922786], [89.06455386916576, 21.746338453257124], [89.06444988505427, 21.746429975463116], [89.06441688712971, 21.746458739379364], [89.0643121700707, 21.74655090190265], [89.06427990419434, 21.746579026400923], [89.06417445508708, 21.74667182744298], [89.06414292125896, 21.74669931342271], [89.06403674010352, 21.74679275298314], [89.06400593832353, 21.74681959954495], [89.0638990251199, 21.746913679422846], [89.06386895538816, 21.74693988656651], [89.06376130923712, 21.747034604963176], [89.06373197245256, 21.74706017268892], [89.06362359425356, 21.747155530503335], [89.06359498951718, 21.747180459710478], [89.0634858792701, 21.74727645604372], [89.06345800658181, 21.747300746732265], [89.06334816428654, 21.7473973824832], [89.06332102454576, 21.747421032854504], [89.06321044930291, 21.747518308023587], [89.06318404161038, 21.747541319876063], [89.06307273431935, 21.747639233563916], [89.06304705867495, 21.74766160689768], [89.06293501933573, 21.747760159104246], [89.06291007573958, 21.74778189391924], [89.06279730435216, 21.74788108554378], [89.06277309280398, 21.74790218004165], [89.06265958846939, 21.74800201108411], [89.06263611076798, 21.74802246706321], [89.06252187348576, 21.74812293662427], [89.06249912783261, 21.748142754084995], [89.0623841585022, 21.7482438621646], [89.06236214489718, 21.74826304110661], [89.06224644351875, 21.74836478770493], [89.0622251619618, 21.74838332812817], [89.0621087276358, 21.74848571324526], [89.06208817992575, 21.74850361425058], [89.06197101265218, 21.748606639684795], [89.06195119699021, 21.74862390127214], [89.06183329766861, 21.748727565225124], [89.06181421405478, 21.748744188293756], [89.06169558178584, 21.748848490765283], [89.0616772311194, 21.748864475315315], [89.06155786680222, 21.748969416305613], [89.06154024908341, 21.748984762337102], [89.06142015181865, 21.749090341845772], [89.06140326614798, 21.74910504935866], [89.06128243593582, 21.7492112673861], [89.06126628321243, 21.749225336380277], [89.06114472095226, 21.749332192926488], [89.06112930117638, 21.749345623401837], [89.06100700596863, 21.749453118466818], [89.060992318241, 21.749465910423453], [89.06086929008586, 21.749574044006977], [89.06085533530558, 21.74958619744524], [89.0607315751023, 21.749694969547306], [89.06071835326958, 21.7497064844668], [89.0605938592193, 21.749815895087636], [89.06058137033398, 21.749826771488415], [89.06045614423573, 21.749936820627795], [89.0604443873986, 21.749947058509974], [89.06031842925228, 21.750057746168125], [89.06030740536261, 21.75006734553176], [89.06018071336933, 21.750178671708454], [89.06017042242718, 21.75018763255332], [89.06004299838571, 21.750299597248613], [89.06003344039101, 21.750307919574936], [89.05990528250294, 21.750420522788943], [89.05989645745558, 21.750428206596496], [89.05976756751937, 21.750541448329272], [89.0597594745202, 21.750548493618112], [89.05962985163637, 21.75066237386943], [89.05962249248415, 21.75066878153922], [89.0594921357536, 21.750783299409818], [89.05948550954878, 21.750789068560834], [89.05935442077003, 21.750904224950148], [89.05934852751255, 21.750909355582394], [89.0592167048872, 21.751025150490477], [89.05921154457718, 21.75102964260401], [89.05907898990364, 21.751146076030636], [89.05907456254113, 21.75114992962557], [89.05894127402064, 21.751267001570966], [89.05893757960575, 21.751270217546562], [89.05880355813787, 21.751387927111296], [89.05880059756953, 21.751390504568292], [89.0586658431543, 21.751508851752078], [89.05866361463416, 21.751510791589908], [89.05854622522821, 21.751613883573896], [89.05853013725601, 21.751631295348147], [89.0584641252193, 21.75170210796597], [89.05840737530025, 21.751763514574634], [89.05834386427802, 21.751831631025084], [89.05828461244505, 21.7518957329018], [89.0582236042361, 21.751961154983405], [89.05816184958974, 21.75202795122908], [89.05810334419397, 21.752090678941727], [89.05803908673454, 21.752160169556248], [89.05798308415206, 21.75222020290022], [89.0579163238794, 21.75229238788353], [89.05786282411015, 21.75234972685854], [89.05779356012482, 21.75242460531132], [89.05774256496738, 21.75247925171618], [89.0576707963703, 21.752556822739223], [89.05762230492547, 21.75260877657388], [89.05754803261573, 21.752689040167184], [89.05750204578294, 21.752738301431577], [89.05742526886121, 21.752821257595087], [89.05738178753955, 21.752867827188652], [89.05730250420731, 21.752953475022878], [89.05726152839685, 21.75299735294567], [89.05717973955342, 21.753085691551462], [89.05714127015364, 21.753126878702574], [89.05705697400032, 21.75321790807999], [89.05702101191025, 21.75325640445959], [89.05693420934637, 21.753350124608573], [89.05690075366692, 21.753385931115872], [89.05681144379326, 21.753482341137158], [89.05678049632292, 21.753515457772266], [89.05668867734062, 21.753614557665742], [89.05666023807953, 21.753644984428547], [89.05656591178752, 21.75374677329512], [89.05653998073558, 21.753774511984318], [89.05644314533487, 21.753878988924328], [89.05641972429095, 21.75390403953992], [89.05632129798954, 21.754010212601372], [89.05629611787163, 21.75402975666799], [89.05619670861125, 21.75410759478973], [89.0561573075139, 21.75413817173927], [89.05605584689994, 21.75421760525836], [89.05601849715606, 21.754246586810666], [89.05591498518851, 21.7543276166262], [89.05587968679816, 21.754355002781267], [89.05577412347708, 21.754437627094887], [89.0557408764405, 21.754463418751868], [89.05563326176559, 21.75454763756352], [89.0556020660826, 21.754571833823263], [89.05549240005433, 21.75465764803215], [89.05535119300333, 21.754767159377025], [89.05520954528436, 21.75487603400194], [89.05506745599837, 21.754984270108025], [89.05492492604469, 21.755091869494322], [89.05478195542304, 21.75519883036185], [89.05463854323426, 21.75530515361004], [89.05449469037785, 21.755410840138154], [89.05435039685352, 21.755515889047103], [89.05420566176207, 21.75562029943734], [89.05406048510343, 21.7557240731075], [89.05391486867626, 21.75582720825912], [89.05376881068213, 21.755929706690722], [89.05362231112088, 21.756031567502987], [89.05347537179097, 21.7561327906958], [89.05332799089416, 21.75623337626928], [89.05318016843006, 21.756333323324384], [89.05303190529833, 21.756432633659244], [89.05288320149862, 21.756531306374768], [89.05287320373549, 21.756537877720916], [89.05284692374664, 21.75656131495282], [89.05274834545992, 21.756649999797673], [89.05271319275982, 21.75668134926491], [89.05261449216528, 21.75677014382717], [89.05257946177284, 21.75680138357717], [89.05248063976978, 21.756890286957287], [89.05244573078602, 21.75692141788926], [89.05234678647514, 21.75701043098678], [89.05231199979903, 21.75704145220135], [89.05221293407982, 21.757130574116673], [89.05217826881221, 21.75716148651344], [89.05207908078495, 21.757250718146167], [89.05204453782517, 21.7572815208257], [89.05194522749031, 21.757370861276286], [89.05191080683835, 21.75740155513779], [89.05181137509499, 21.75749100530578], [89.05177707585136, 21.757521590349256], [89.05167752180034, 21.7576111484359], [89.05164334486454, 21.757641624661346], [89.05154366940485, 21.757731292465166], [89.05150961387773, 21.757761658973436], [89.05140981611021, 21.757851435595455], [89.05137588289074, 21.757881693285697], [89.05127596371489, 21.75797157962478], [89.05124215190392, 21.758001727597787], [89.05114211042019, 21.758091722754898], [89.05110842091693, 21.758121761909877], [89.05100825712555, 21.758211866784336], [89.05097468993011, 21.758241796221967], [89.05087440473005, 21.758332009914454], [89.0508409589433, 21.758361830534227], [89.05074055143541, 21.75845215394378], [89.05070722795631, 21.758481864846317], [89.05060669904009, 21.758572297073897], [89.05057349696949, 21.758601899158407], [89.05047284574522, 21.758692441103392], [89.0504397659825, 21.758721933470497], [89.05033899245058, 21.758812584233453], [89.05030603499569, 21.758841967782757], [89.05020514005525, 21.75893272826295], [89.0501723040087, 21.758962002994224], [89.05007128676061, 21.759052871393067], [89.05003857302188, 21.759082037306314], [89.04993743436529, 21.75917301542239], [89.04990484203489, 21.759202071618404], [89.04980358107048, 21.75929315855251], [89.04977111104807, 21.759322105930494], [89.04966972777578, 21.75941330168257], [89.04963738006103, 21.759442140242754], [89.04953587538046, 21.759533445712066], [89.04951770013304, 21.759549648432312], [89.04950364907421, 21.759562174554844], [89.04940202208581, 21.759653588842184], [89.0493699180874, 21.759682208866934], [89.04926816969032, 21.75977373287151], [89.0492361871004, 21.759802243179024], [89.04913431639568, 21.759893876001627], [89.04910245611359, 21.759922277491285], [89.04900046310098, 21.760014020031065], [89.0489687251266, 21.760042311803375], [89.04886661070572, 21.760134163161183], [89.04883499413978, 21.760162346115465], [89.04873275741102, 21.760254307190678], [89.04870126315296, 21.76028238132693], [89.04859890501552, 21.760374450320796], [89.04856753216598, 21.76040241563902], [89.04846505172088, 21.760494594350064], [89.04843380117916, 21.76052244995128], [89.04833119842618, 21.760614737480182], [89.04830007019217, 21.76064248426337], [89.04819734603075, 21.760734881509677], [89.04816633920535, 21.76076251857546], [89.04806349273605, 21.760855024639795], [89.04803260821836, 21.76088255288755], [89.04792964034073, 21.76097516866929], [89.04789887723155, 21.76100258719964], [89.04779578704608, 21.76109531179918], [89.04776514624456, 21.761122621511902], [89.04766193375121, 21.7612154549293], [89.04763141525774, 21.76124265582399], [89.04762880092852, 21.761245007551167], [89.04748037861674, 21.761337769922307], [89.04747366697626, 21.76134192299145], [89.0473243759194, 21.7614352411436], [89.04731543665815, 21.761440772873527], [89.0471683732219, 21.761532712364954], [89.04715720723942, 21.761539622755436], [89.04701237052456, 21.76163018358625], [89.04699897782075, 21.761638473536834], [89.04685636782722, 21.761727653908167], [89.04684074840185, 21.761737324318062], [89.04670036512988, 21.76182512512952], [89.04668251898312, 21.76183617420014], [89.04654436243254, 21.761922595451438], [89.04652428956439, 21.761935024981597], [89.0463883597352, 21.76202006667279], [89.04636606014566, 21.762033875762825], [89.0462323570377, 21.762117536994708], [89.04620783072693, 21.762132726544223], [89.04607635434036, 21.762215007316854], [89.04604960220757, 21.762231578224885], [89.04589149779446, 21.762330536924765], [89.0457340831615, 21.762430091875387], [89.04557735830849, 21.7625302430763], [89.04542132233627, 21.762630990527896], [89.04526597704336, 21.762732334229895], [89.04511132063107, 21.7628342750819], [89.04495735399888, 21.76293681218425], [89.04480407714652, 21.763039944637796], [89.04465149007433, 21.76314367424135], [89.04449959278207, 21.763248000095246], [89.04434838526993, 21.763352922199715], [89.0441978675376, 21.76345844145402], [89.04404803868607, 21.763564556059464], [89.04389890051402, 21.7636712678148], [89.04375045122242, 21.763778574921275], [89.04360269171093, 21.7638864791777], [89.04345562197943, 21.763994979684753], [89.04330924202793, 21.764104076442152], [89.04316355185654, 21.764213769450066], [89.0430185505657, 21.764324058708496], [89.04287423995424, 21.76443494421727], [89.04273061822357, 21.76454642687611], [89.04258768717222, 21.764658505785462], [89.04244544500148, 21.764771180045955], [89.04230389261068, 21.76488445145634], [89.04216302999987, 21.76499831911724], [89.04202285716917, 21.765112783028485], [89.0418833732191, 21.765227843190416], [89.04174457994856, 21.76534350050224], [89.04160647555858, 21.765459753165203], [89.04146906184775, 21.765576602977887], [89.04133233701793, 21.76569404814188], [89.04119630196783, 21.765812090455768], [89.04106095669789, 21.765930729019942], [89.04092630120795, 21.76604996383486], [89.04079233459862, 21.766169794900293], [89.04065905866872, 21.76629022221607], [89.0405264716195, 21.76641124668174], [89.04039457524959, 21.766532866498665], [89.04026336776025, 21.766655083465366], [89.04013285005107, 21.766777896682754], [89.04000302212188, 21.76690130525111], [89.03987388397263, 21.767025310969302], [89.03974543470417, 21.767149913837613], [89.03961767611503, 21.767275112056836], [89.03949060730588, 21.767400906526802], [89.03936422737729, 21.76752729814632], [89.0392385372287, 21.76765428511726], [89.03911353686027, 21.76778186923798], [89.03898922627195, 21.767910049609156], [89.0388656054634, 21.768038826230907], [89.03874267443507, 21.768168199103116], [89.03869817328223, 21.768215513335292], [89.03862985628291, 21.768335358789955], [89.0385398521326, 21.768495126948665], [89.03845078687436, 21.768655124434474], [89.03836266050843, 21.76881535394557], [89.03827547213547, 21.768975812783594], [89.03818922175526, 21.76913650274753], [89.03810391116662, 21.769297422038562], [89.03801953857095, 21.769458573354484], [89.0379361039681, 21.769619953997733], [89.03785360915674, 21.769781565766664], [89.03777205233837, 21.769943407762128], [89.03769143351298, 21.770105479983897], [89.03761175447897, 21.77026778243237], [89.03753301253869, 21.770430316006355], [89.03750333581041, 21.770492400703915], [89.03744708051846, 21.770563729532626], [89.03742884136801, 21.770586604688106], [89.03730866406363, 21.770738964231896], [89.03718957853641, 21.77089159087427], [89.03707158478579, 21.77104448641404], [89.03695468191319, 21.77119764905234], [89.03683887171672, 21.771351079688714], [89.0367241514985, 21.77150477922237], [89.03661052395665, 21.771658745854495], [89.03649798729242, 21.771812981384073], [89.03638654240513, 21.771967484012237], [89.03627618929482, 21.772122255537738], [89.03616692796152, 21.772277294161825], [89.0336926367059, 21.775829794309743], [89.03359243334421, 21.77597548358176], [89.03349314729104, 21.776121677373624], [89.03339477764706, 21.776268374785673], [89.0332973262108, 21.776415576717568], [89.03320079208294, 21.776563282269706], [89.03310517436438, 21.77671149234169], [89.03301047485354, 21.776860206933065], [89.03291669265127, 21.777009424245705], [89.03282382685819, 21.77715914697717], [89.03273187837362, 21.777309373329047], [89.03264084809678, 21.777460103301223], [89.03255073422912, 21.777611337793132], [89.03246153766986, 21.77776307590534], [89.03240041614634, 21.777868483643715], [89.03237298772325, 21.777915169249695], [89.03231538524687, 21.778014562322312], [89.03228443867607, 21.77806726349354], [89.03223035254882, 21.778160640101532], [89.03220884526206, 21.77819728657562], [89.03220043480235, 21.77821824977252], [89.03216161196889, 21.778316748019563], [89.03213309176897, 21.778387909574462], [89.03209832397857, 21.778476214006105], [89.0320657523327, 21.778557569376403], [89.03203503239092, 21.77863567819412], [89.03199841649376, 21.778727230077664], [89.03197173810537, 21.778795139684007], [89.03193108605086, 21.778896891678357], [89.03190843932316, 21.77895459937531], [89.03186375830586, 21.779066554178257], [89.03184513784282, 21.779114056368712], [89.03179643505757, 21.779236217577477], [89.03178183276538, 21.77927351156336], [89.03172911630577, 21.779405881876073], [89.03171852319144, 21.779432964959426], [89.03166180115124, 21.779575547073875], [89.03165521091944, 21.77959241565759], [89.03159449049338, 21.779745213171054], [89.03152819966687, 21.779915089709675], [89.03146303209331, 21.780085198273355], [89.03139898957181, 21.78025553976147], [89.03133607210219, 21.780426113274643], [89.0312742778857, 21.780596918812876], [89.0312136087212, 21.7807679572756], [89.03115406370927, 21.780939227763326], [89.03109564284983, 21.78111073027617], [89.03103834704211, 21.78128246571339], [89.03098217448786, 21.781454433175725], [89.03092712698549, 21.78162663356227], [89.03087320363562, 21.781799065074892], [89.0308204044382, 21.78197172951178], [89.03076873029272, 21.782144626873105], [89.03071818029991, 21.782317756259488], [89.03066875445961, 21.7824911176711], [89.03062045277181, 21.7826647111076], [89.03057327523652, 21.782838537468592], [89.03052722275328, 21.783012595854757], [89.03048229442248, 21.783186886265867], [89.03043849024425, 21.783361409601355], [89.03039581021852, 21.78353616496213], [89.03035425524484, 21.783711153247168], [89.0303138235243, 21.78388637265806], [89.03027451685563, 21.784061824993387], [89.03023633523884, 21.78423751025292], [89.03019927687518, 21.7844134275378], [89.03016334356352, 21.78458957684768], [89.03012853350504, 21.784765958182447], [89.03009484939781, 21.78494257244182], [89.03006228854389, 21.78511941872631], [89.03003085184247, 21.78529649703586], [89.03000054019293, 21.785473808269785], [89.0299713526959, 21.785651351528827], [89.02994328935137, 21.785829127712134], [89.02991635105889, 21.786007135021293], [89.02989053601954, 21.786185376154208], [89.02986584603207, 21.78636384841292], [89.02984228019727, 21.786542553596007], [89.02981983941413, 21.786721490804325], [89.02979852188435, 21.78690066003753], [89.02977832940644, 21.78708006219523], [89.02975926108121, 21.78725969637793], [89.02974131690831, 21.787439563485123], [89.02972449778747, 21.787619662617317], [89.02970880191975, 21.787799993774797], [89.02969423110392, 21.787980556957166], [89.02968078444076, 21.78816135306414], [89.02966846282948, 21.788342381196003], [89.02965876633908, 21.78849933987283], [89.02965711428459, 21.788523610776167], [89.0296474591629, 21.788679954316592], [89.02964576663891, 21.788704840356104], [89.02963615198695, 21.788860568760356], [89.02963441899328, 21.788886069936268], [89.02962484571015, 21.78904118410344], [89.02962307134777, 21.789067299516432], [89.02961353853414, 21.789221798547203], [89.02961172370209, 21.78924852909637], [89.02960223225733, 21.789402412990967], [89.02960037515726, 21.789429758676533], [89.02959092508132, 21.7895830274349], [89.02958902751175, 21.78961098825647], [89.02957961790514, 21.78976364277804], [89.02957767986607, 21.789792217836634], [89.02957681046644, 21.789806327533483], [89.02956831162834, 21.789944257221805], [89.02956633222061, 21.78997344741674], [89.02956300203095, 21.79002751375873], [89.0295709862121, 21.79012376909685], [89.02958470087333, 21.7903024104279], [89.02959731836171, 21.79048113809415], [89.02960883867706, 21.790659952095098], [89.029619262719, 21.790838853330456], [89.02962858958784, 21.791017840001473], [89.02963682018327, 21.791196913906504], [89.02964395360567, 21.79137607414657], [89.02964998985522, 21.79155532162082], [89.0296549289319, 21.791734654530785], [89.02965877173511, 21.791914074674935], [89.02966151826456, 21.79209358115395], [89.02966316672189, 21.79227317396783], [89.02966371890562, 21.792452853116743], [89.02965518254075, 21.795270438979628], [89.02989707499012, 21.796075310627202], [89.02994757102363, 21.796247005594978], [89.02999706161518, 21.796419020721373], [89.03004554406664, 21.79659135780497], [89.03009301927761, 21.79676401594662], [89.03013948814686, 21.79693699424695], [89.03018494977567, 21.797110294504648], [89.0302294050631, 21.797283915820174], [89.03027285310986, 21.797457857294376], [89.03031529391575, 21.797632120725837], [89.03035672748115, 21.797806705215464], [89.03039715380567, 21.797981610762918], [89.03043657378902, 21.798156836468877], [89.03047498653149, 21.79833238413238], [89.0305123920333, 21.798508252853708], [89.03051562059954, 21.798523879473578], [89.03054969860983, 21.798684153051227], [89.03055250899126, 21.798697760693187], [89.03058700428693, 21.798860053248973], [89.0305893964836, 21.798871641912854], [89.03062430996408, 21.79903595434581], [89.03062628487532, 21.799045523132463], [89.0306616147418, 21.799211854543557], [89.03066317326687, 21.79921940435213], [89.03069892041896, 21.799387754741247], [89.03070006075939, 21.799393285571796], [89.03073622609605, 21.799563655838142], [89.03073695005031, 21.799567166791405], [89.03077353087383, 21.79973955603583], [89.03077383844203, 21.79974104801107], [89.03081072413579, 21.799914929230738], [89.03081083924889, 21.79991545623335], [89.03084760083624, 21.800088811349724], [89.03084815481856, 21.800091352833704], [89.03088447753669, 21.80026269346854], [89.03088547128755, 21.80026725033349], [89.03092135513651, 21.80043657648696], [89.03092278685722, 21.800443147833107], [89.03095823273634, 21.800610458605775], [89.03096010242689, 21.80061904443346], [89.03099511033616, 21.800784340724817], [89.0309974179965, 21.800794941933077], [89.03103198793599, 21.800958222843803], [89.03103473356617, 21.800970839432807], [89.03106886553581, 21.801132104962846], [89.03107204913584, 21.801146736932424], [89.03110574313558, 21.80130598798104], [89.03110936470551, 21.80132263443221], [89.03114262163479, 21.801479870100025], [89.03114667937581, 21.80149853193177], [89.03117950013399, 21.801653752219067], [89.03118399404627, 21.801674429431557], [89.03121637863302, 21.801827634337883], [89.03122130871651, 21.801850326931117], [89.03125325713216, 21.802001516456926], [89.0312586233868, 21.802026224430904], [89.03129013563137, 21.802175398575912], [89.03129593805727, 21.802202121930463], [89.03132701413057, 21.802349280694784], [89.03133325272756, 21.80237801943008], [89.03136389352892, 21.80252316281377], [89.03137056649848, 21.80255391692981], [89.03140077202812, 21.802697044932813], [89.03140788116895, 21.802729815328803], [89.03143765142653, 21.8028709270518], [89.03144519493986, 21.802905712828363], [89.03147453082505, 21.80304480917067], [89.03148250871095, 21.80308161032815], [89.03151141112284, 21.803218691289658], [89.03151982248187, 21.803257508727086], [89.03154829052136, 21.8033925734087], [89.03155713625296, 21.803433406226873], [89.03158516991977, 21.803566455527687], [89.03159444912473, 21.80360930462581], [89.03162205021749, 21.803740337646502], [89.03163176289564, 21.803785202125425], [89.03165893051522, 21.803914219765545], [89.03166907576735, 21.80396110052436], [89.03169581081318, 21.80408810188436], [89.03170638863907, 21.804136998923525], [89.0317326911109, 21.804261984003404], [89.0317437015106, 21.804312896423085], [89.03176957140869, 21.80443586612239], [89.03178101438237, 21.804488794822078], [89.03180645170642, 21.804609747342056], [89.03181832725409, 21.804664693221184], [89.03184333290352, 21.804783629461042], [89.03185563922642, 21.80484059162012], [89.03188021410068, 21.804957511580085], [89.03189295209813, 21.805016490019113], [89.03191709529779, 21.8051313936989], [89.03193026407052, 21.80519238841805], [89.03195397649489, 21.805305275817943], [89.03196757604286, 21.805368286817043], [89.031990857692, 21.805479157037553], [89.03200488801525, 21.80554418521615], [89.03202773888916, 21.805653039156596], [89.03204219998759, 21.805720083615086], [89.03206462098564, 21.80582692127541], [89.03207951106077, 21.80589598201408], [89.03210150218274, 21.806000803394454], [89.0321168230331, 21.806071880413015], [89.03213838427905, 21.806174684614064], [89.03215413410607, 21.806247778812008], [89.03217526637553, 21.806348566733107], [89.03219144607846, 21.80642367811032], [89.03221214847201, 21.806522448851922], [89.03222875715142, 21.806599576509257], [89.0322490305685, 21.80669633007176], [89.0322660682246, 21.80677547490842], [89.03228591356418, 21.806870212190574], [89.03230337929756, 21.806951374206733], [89.03232279566066, 21.80704409341024], [89.03234068947137, 21.80712727260567], [89.03235967865635, 21.807217975529284], [89.03237800054438, 21.80730317190404], [89.03238158074555, 21.80732027700924], [89.03246950656262, 21.807453260659486], [89.03247421001691, 21.807460291559266], [89.03257129722772, 21.807607144554254], [89.03257680377658, 21.80761537514951], [89.03267308789287, 21.807761027549475], [89.03267939753636, 21.807770459639073], [89.03277487855786, 21.807914910544753], [89.03278199129596, 21.807925543229317], [89.03287666832364, 21.808068793540144], [89.03288458505557, 21.808080627718937], [89.03297845898874, 21.808222676535365], [89.0329871788154, 21.80823571130918], [89.03308024965389, 21.808376559530643], [89.03308977257501, 21.80839079579863], [89.03319226291268, 21.80854591266393], [89.03329371183531, 21.80870136137878], [89.03339412114178, 21.808857141943577], [89.03349348993271, 21.80901325435832], [89.0335918173086, 21.80916969862278], [89.03368910506833, 21.80932647473719], [89.03378535141292, 21.809483582701148], [89.0338805572419, 21.809641022515223], [89.03397472255551, 21.809798793279867], [89.03406784825273, 21.809956896793437], [89.03415993253498, 21.810115331257578], [89.03425097540224, 21.810274098470984], [89.03434097865329, 21.81043319663479], [89.0344299413888, 21.810592626648543], [89.0345178636087, 21.810752389411334], [89.03460474441346, 21.810912483124753], [89.03469058470284, 21.81107290868789], [89.03477538537584, 21.811233666100975], [89.03485914463386, 21.81139475536378], [89.03494186337645, 21.811556175577152], [89.03502354160332, 21.81171792853968], [89.03510417931454, 21.811880013352095], [89.03518377651022, 21.812042429114854], [89.03526233319013, 21.812205177626936], [89.03533984935467, 21.812368257089418], [89.03541632410423, 21.812531669301165], [89.0354917592374, 21.812695412463313], [89.03556615295577, 21.812859487475407], [89.03569562924997, 21.813149683411268], [89.03576959039441, 21.81331280694053], [89.03584449133035, 21.813475389977384], [89.03592033115842, 21.8136374343203], [89.03599711077811, 21.813798939069954], [89.03607482929004, 21.813959903326975], [89.03615348759342, 21.814120328890112], [89.03620404657954, 21.81422188393293], [89.03623274214743, 21.814280411811637], [89.03628343693111, 21.814382243845444], [89.03631199580212, 21.814440494733105], [89.036362828182, 21.814542602858978], [89.03639125035596, 21.81460057765463], [89.0364422185337, 21.81470296277155], [89.03647050490997, 21.8147606605761], [89.03652160978464, 21.814863321784912], [89.03654975946381, 21.814920742598247], [89.03660100013616, 21.815023680798276], [89.0366290131185, 21.815080825519715], [89.03668039138705, 21.81518404071096], [89.03670826767251, 21.81524090844124], [89.03675978173862, 21.815344399724324], [89.0367875222264, 21.815400991362708], [89.03683917298952, 21.81550475873769], [89.03686677588104, 21.815561074284233], [89.03691856334103, 21.81566511865043], [89.03694603043505, 21.8157211572057], [89.03699795459198, 21.815825477663793], [89.03702528498894, 21.815881240127226], [89.03707734494367, 21.815985837576477], [89.03710453954295, 21.816041322149374], [89.03715673619456, 21.81614619658967], [89.03718379319764, 21.816201405070842], [89.03723612654613, 21.816306555603205], [89.03726304775165, 21.816361487992367], [89.03731551779703, 21.816466915515775], [89.03734230230549, 21.816521570913835], [89.03739490814854, 21.81662727452914], [89.03742155596018, 21.81668165383536], [89.03747429850011, 21.816787633542503], [89.03750081051419, 21.816841736756828], [89.03755368975118, 21.816947993455187], [89.03758006506803, 21.817001819678353], [89.0376330801027, 21.81710835246855], [89.0376593196221, 21.817161901700445], [89.03771247135364, 21.817268712381292], [89.03773857327673, 21.81732198462197], [89.03779186170516, 21.817429071394656], [89.03781782783057, 21.817482067543438], [89.03787125295605, 21.81758943040802], [89.03789708238463, 21.817642150464962], [89.03795064330762, 21.817749790320534], [89.03797633693847, 21.81780223338643], [89.03803003455852, 21.817910149333898], [89.03805559059316, 21.817962316307955], [89.03810942491003, 21.81807050924664], [89.03813484514717, 21.818122399229424], [89.03818881526178, 21.818230868260002], [89.03821409970101, 21.818282481251572], [89.03826820651267, 21.818391227273366], [89.03829335425507, 21.81844256417304], [89.03834759686418, 21.81855158718605], [89.03837260790971, 21.818602647094565], [89.03842698811513, 21.818711946199414], [89.03845186246355, 21.818762730016033], [89.03850637846665, 21.818872306112155], [89.03853111701761, 21.818922812937558], [89.03858576971754, 21.81903266512552], [89.03861037157145, 21.81908289495965], [89.03866516006912, 21.819193024138883], [89.03868962612546, 21.819242977881174], [89.0387445504208, 21.819353384051624], [89.03876887978015, 21.819403060802642], [89.0388239416717, 21.81951374306476], [89.03884813433399, 21.819563143724167], [89.03890333202327, 21.8196741029775], [89.038927388888, 21.819723226645635], [89.03898272327416, 21.819834461990865], [89.0390066434419, 21.81988330956716], [89.03906211362568, 21.81999482100423], [89.0390858979959, 21.82004339158931], [89.03914150397742, 21.82015518091697], [89.03915080512837, 21.820174175851832], [89.0391651516506, 21.820203474510777], [89.03922089522831, 21.820315539930277], [89.03924440620443, 21.8203635574323], [89.03930028557988, 21.820475899843018], [89.03932366075844, 21.82052364035377], [89.0393796759314, 21.820636258856382], [89.03940291531228, 21.820683723275295], [89.03945906718229, 21.820796618769123], [89.03948216986635, 21.820843805297386], [89.03953845753387, 21.820956977782487], [89.03956142442036, 21.82100388821891], [89.03961784788555, 21.821117336795623], [89.03964067807487, 21.82116397114038], [89.03969723913644, 21.821277696708364], [89.03971993262888, 21.821324054061904], [89.03977662948802, 21.82143805572173], [89.0397991871829, 21.821484136983372], [89.03985602073891, 21.82159841563447], [89.03987844173679, 21.82164421900569], [89.03993541109043, 21.821758774647833], [89.0399576962908, 21.82180430192699], [89.040014801442, 21.821919134560517], [89.04003695084464, 21.821964384848513], [89.04009419269289, 21.82207949357388], [89.04011620449933, 21.82212446776998], [89.0401735830444, 21.822239852587245], [89.04019545905334, 21.8222845497923], [89.04025297339615, 21.822400212499986], [89.04027471360718, 21.822444632713598], [89.04033236464704, 21.82256057151335], [89.04035396816124, 21.822604715635293], [89.04041175499856, 21.822720931425863], [89.04043322271525, 21.82276479855659], [89.04049114535013, 21.822881290439227], [89.04051247726909, 21.822924881478286], [89.04057053570182, 21.823041650351968], [89.04059173182316, 21.823084963500435], [89.04064992695277, 21.823202009365332], [89.040670986377, 21.823245046421903], [89.04072931730428, 21.823362369278072], [89.04075024003163, 21.823405129343428], [89.0408087076558, 21.823522728291437], [89.0408294945857, 21.823565212264896], [89.04088809890675, 21.823683087304744], [89.04090874913953, 21.823725294287044], [89.04096748925826, 21.823843447217484], [89.04098800369354, 21.823885377208512], [89.04104687960978, 21.82400380623085], [89.04106725824744, 21.824045460130037], [89.0411262708609, 21.82416416614342], [89.04114651280145, 21.824205543051505], [89.04120566121242, 21.824324525156783], [89.04122576735529, 21.824365625073654], [89.04128505156393, 21.824484885069467], [89.04130502190935, 21.82452570799512], [89.0413644419155, 21.82464524408283], [89.04138427646336, 21.824685790916647], [89.04144383316657, 21.82480560399557], [89.0414635310172, 21.824845873838115], [89.04152322351814, 21.824965963008935], [89.04154278557127, 21.825005955860263], [89.04160261386966, 21.82512632292145], [89.0416220392259, 21.825166038781788], [89.04168200422117, 21.825286681934813], [89.04170129377974, 21.825326121703256], [89.04176139547212, 21.825447041847553], [89.0417805483338, 21.82548620462478], [89.04184078582364, 21.825607400860918], [89.04185980288764, 21.825646286646872], [89.04192017617532, 21.825767760773658], [89.04193905744165, 21.825806369568397], [89.0419995665269, 21.825928119787022], [89.04201831199555, 21.825966452489865], [89.04207895777779, 21.826088479699706], [89.04209756654956, 21.82612653541139], [89.0421583481293, 21.82624883871307], [89.04223692729244, 21.826409539468727], [89.0423144443563, 21.826570686288164], [89.04239090021997, 21.826732280070757], [89.04246629308511, 21.826894319917017], [89.04254062385081, 21.82705680672626], [89.0426138934165, 21.827219739599343], [89.04268609998365, 21.82738311943558], [89.04275724535074, 21.827546945335257], [89.04282732771912, 21.827711218198317], [89.0428404128549, 21.82774244535767], [89.04285291612922, 21.827774587127635], [89.04291668525701, 21.8279417081435], [89.04297936440634, 21.828109212270306], [89.04304095267787, 21.82827710040783], [89.04310145097122, 21.828445372556075], [89.04316085838707, 21.82861402871464], [89.04321917582433, 21.828783067984318], [89.04327640238421, 21.828952491264545], [89.04333253896561, 21.829122298555262], [89.04338758466946, 21.829292488957265], [89.04344154039484, 21.829463063369815], [89.04349440524265, 21.829634021792685], [89.04354617921297, 21.829805364226274], [89.04359686320475, 21.829977090670184], [89.04364645721824, 21.830149200225435], [89.04369496035417, 21.830321693791177], [89.04374237261248, 21.830494570468034], [89.0437886948925, 21.830667832054985], [89.04383392629478, 21.83084147675288], [89.04387806771882, 21.831015504561947], [89.04392111916445, 21.83118991728088], [89.04392281438652, 21.831196982354925], [89.04392401498137, 21.83120298622896], [89.04395794190555, 21.831378581556407], [89.04399075996565, 21.83155446106963], [89.0440224691618, 21.831730622969985], [89.04405306949366, 21.831907067257475], [89.04408256096161, 21.832083794831362], [89.04411094266607, 21.832260805691703], [89.0441382164056, 21.832438099838555], [89.04416438128135, 21.832615676372484], [89.04418943639348, 21.832793536192867], [89.04421338354086, 21.832971679299703], [89.04423622182429, 21.833150104793617], [89.0442512189187, 21.83327345490619], [89.04425829388526, 21.83332872633963], [89.04427335303279, 21.83345255579087], [89.04428036684561, 21.833507346986607], [89.04429548714711, 21.833631657574927], [89.04430243980579, 21.83368596853279], [89.044317620362, 21.833810758459833], [89.04432451276614, 21.833864589179598], [89.04433975447625, 21.833989859344683], [89.04434658572649, 21.83404321072578], [89.04436188859034, 21.83416896022942], [89.04436865868684, 21.834221831372588], [89.04438402270466, 21.83434806111427], [89.04439073164701, 21.8344004529186], [89.04440615591955, 21.83452716199895], [89.04441280460736, 21.83457907356558], [89.04442829003364, 21.834706262883856], [89.04443487756771, 21.834757694212385], [89.0444504241479, 21.834885363768535], [89.04445695052789, 21.834936315758398], [89.04447255736267, 21.83506446555282], [89.04447902348824, 21.835114936405375], [89.04449469147693, 21.835243566437498], [89.04450109644858, 21.83529355795139], [89.04451682559119, 21.835422667322405], [89.04452316940893, 21.835472178598195], [89.04453895970528, 21.835601768207084], [89.04454524236911, 21.83565080014432], [89.04456109292022, 21.835780869091934], [89.04456731532946, 21.83582942079113], [89.04458322703448, 21.83595996997667], [89.04458938739043, 21.836008042337312], [89.04460536114857, 21.83613907086152], [89.04460791644232, 21.836159009839093], [89.04461146035078, 21.83618666298412], [89.04462749526283, 21.836318171746257], [89.04463353331096, 21.836365283630926], [89.04464962847777, 21.836497273530483], [89.0446556062713, 21.83654390517711], [89.04467176259186, 21.836676374415163], [89.04467767923165, 21.836722525823916], [89.04469389670612, 21.83685547530007], [89.044699752192, 21.8369011473701], [89.04471603082021, 21.83703457618475], [89.04472182515218, 21.837079768016906], [89.04473816493447, 21.837213677069656], [89.04474389721315, 21.83725838956309], [89.04476029814941, 21.837392777954335], [89.0447659701735, 21.837437010209896], [89.0447824322635, 21.837571878839242], [89.04478804313385, 21.83761563175608], [89.04480456637776, 21.837750979724092], [89.04481011609403, 21.837794252402887], [89.04482670049202, 21.837930081508148], [89.04483218905438, 21.83797287394907], [89.04484883460611, 21.838109182392884], [89.04485426201472, 21.838151494595877], [89.04487096872026, 21.838288283277734], [89.0448763340757, 21.83833011614206], [89.04489310193514, 21.83846738416264], [89.04489840703604, 21.838508736788867], [89.0449152360494, 21.83864648504732], [89.04492047999622, 21.838687357435674], [89.04493019267431, 21.83876684221599], [89.04493597081853, 21.838825580536195], [89.04493616687074, 21.838827459220056], [89.04495306872917, 21.838998816042647], [89.04495361191971, 21.839004663434537], [89.04496997958108, 21.839170171066655], [89.04497124402775, 21.839183747232312], [89.04498688863407, 21.83934152609072], [89.04498887793454, 21.839362830130483], [89.04500379588853, 21.839512882013935], [89.04500651453907, 21.839541913029052], [89.04502070044504, 21.839684237937377], [89.04502415204314, 21.8397209968266], [89.04503760410233, 21.839855594759968], [89.04504179314438, 21.839900079725], [89.04504709284919, 21.839952975149743], [89.0450479382119, 21.840079117657183], [89.04504834470544, 21.84011117938752], [89.04504933126168, 21.840258135804334], [89.04504973325868, 21.840289838705132], [89.04505072431164, 21.84043715485086], [89.04505112181198, 21.840468498922235], [89.04505211736137, 21.840616173897388], [89.04505251036522, 21.84064715823979], [89.04505351041132, 21.840795192943915], [89.04505389981773, 21.840825817557516], [89.04505490346111, 21.840974211990442], [89.04505512773858, 21.840991846587144], [89.04505528837097, 21.84100447687524], [89.04505629561169, 21.841153230137593], [89.04505667692428, 21.841183136192797], [89.04505768866142, 21.84133224918412], [89.04505806547752, 21.84136179551058], [89.04505908171137, 21.841511268230477], [89.04505945492997, 21.841540454828305], [89.04506047476116, 21.841690287276947], [89.04506084348327, 21.84171911414586], [89.04506186781106, 21.841869306323474], [89.04506223203651, 21.841897774362963], [89.04506326086084, 21.842048324470625], [89.04506362058981, 21.842076433680518], [89.0450646539108, 21.842227343517152], [89.04506501004226, 21.8422550929983], [89.04506604696053, 21.84240636256368], [89.04506639859557, 21.842433752315856], [89.04506744001048, 21.842585381610206], [89.04506778714881, 21.84261241163358], [89.04506883306027, 21.842764399757357], [89.04506917570188, 21.842791070951307], [89.04507022611023, 21.842943418803884], [89.04507056425518, 21.842969730268862], [89.04507161915996, 21.84312243785041], [89.0450719537078, 21.843148389586645], [89.04507301220991, 21.84330145689671], [89.0450733422611, 21.843327049803577], [89.0450745806275, 21.843505711819205], [89.04507475689468, 21.8436843945193], [89.04507387106247, 21.84386309880307], [89.04507192403025, 21.844041822871816], [89.04506891399927, 21.844220568524406], [89.04506484276845, 21.844399334861464], [89.04505970853887, 21.844578120983556], [89.04505351310928, 21.844756928689435], [89.0450462555803, 21.844935757079554], [89.04503793595211, 21.84511460615431], [89.04502855422453, 21.845293475013932], [89.04501811039756, 21.845472365457397], [89.04500660537059, 21.845651276585272], [89.04499403734502, 21.845830208397558], [89.04498040722012, 21.846009160894084], [89.04496571589516, 21.846188134974454], [89.04494996247098, 21.846367128840086], [89.04493314604804, 21.8465461433899], [89.04491526842492, 21.846725178624183], [89.0448963287028, 21.846904234542933], [89.04487632688108, 21.847083312045243], [89.04485526296014, 21.847262409332814], [89.04483313693987, 21.847441528204], [89.04480994971954, 21.84762066686028], [89.04478569950044, 21.847799827100346], [89.04476038808156, 21.847979007125502], [89.04473401366386, 21.84815820873439], [89.0447065780462, 21.8483374310278], [89.04467808032928, 21.84851667310602], [89.04466749530877, 21.848580866713803], [89.04467280670474, 21.848605225750703], [89.04469293533077, 21.84869506982176], [89.04471194340164, 21.848782258194717], [89.04473226897915, 21.8488729889973], [89.04475108009837, 21.848959290638845], [89.04477160262746, 21.849050907273693], [89.04479021769447, 21.84913632308303], [89.04481093627578, 21.849228826449234], [89.04482935439137, 21.849313354627668], [89.04485026992415, 21.849406745624833], [89.04486849198747, 21.849490387071853], [89.04488960357247, 21.849584663901226], [89.0449076286842, 21.84966741951581], [89.04492893632147, 21.849762583076938], [89.04496768630975, 21.84994051304443], [89.04500535171564, 21.85011846459554], [89.04504193074058, 21.850296437730606], [89.0450774260824, 21.850474431549912], [89.0451118350432, 21.850652446053687], [89.04514515942168, 21.850830482141077], [89.04517739921772, 21.851008539812426], [89.04520855353206, 21.851186618168015], [89.04523862236465, 21.8513647172079], [89.04526760661486, 21.85154283873112], [89.04529550538331, 21.85172098003926], [89.04531680852409, 21.851862529732102], [89.04531499009477, 21.851949022929034], [89.04530994130084, 21.852135793232264], [89.04530378004551, 21.852322197511512], [89.04529650632878, 21.852508234867116], [89.04528811925144, 21.85269390529959], [89.04527861881331, 21.85287920970785], [89.04526800591378, 21.853064146293377], [89.04525628055296, 21.85324871775424], [89.04524344183142, 21.85343292139237], [89.04522948974926, 21.853616759006286], [89.0452144252057, 21.853800229697015], [89.04519824820073, 21.853983334363363], [89.04518095783499, 21.854166071207374], [89.04516255410863, 21.854348442926323], [89.04514303792098, 21.854530446822707], [89.04512240927181, 21.85471208469511], [89.04510066726203, 21.854893355643924], [89.04507781189164, 21.855074260568756], [89.0450538440598, 21.855254797670796], [89.0450287637666, 21.85543496964823], [89.04500257011262, 21.855614773802927], [89.04497526309797, 21.855794211933414], [89.04494684362197, 21.855973283140543], [89.04491731168474, 21.85615198832363], [89.04491608680797, 21.85615911365221], [89.04488772309003, 21.856330674621006], [89.04488682376802, 21.856335904178763], [89.04485813539475, 21.856509360918437], [89.04485756162723, 21.856512695604522], [89.04482854680003, 21.85668804721564], [89.04482829858722, 21.856689487030337], [89.04479903284908, 21.856866278456096], [89.04479896090345, 21.856866734412392], [89.04476975811804, 21.857043068982478], [89.04476938400006, 21.857045424306932], [89.04474048338676, 21.857219860408406], [89.04473980709662, 21.857224114201642], [89.04471120865549, 21.85739665093479], [89.04471022929368, 21.857402804096182], [89.04468193482342, 21.857573442360604], [89.04468065239024, 21.857581493990892], [89.04465266009237, 21.857750233786362], [89.04465107548685, 21.857760183885375], [89.04462338536109, 21.857927024312744], [89.04462149768403, 21.857938873780085], [89.0445941115292, 21.858103815738673], [89.04459191988127, 21.858117563674796], [89.0445648376973, 21.858280606265055], [89.0445623420785, 21.858296253569335], [89.04453556296585, 21.85845739769087], [89.04453276427569, 21.858474943464046], [89.04450628913395, 21.85863418911663], [89.04450318647292, 21.858653633358585], [89.04447701620143, 21.85881097964318], [89.0444736086701, 21.85883232235392], [89.04444774236958, 21.85898777106894], [89.04444403086751, 21.859011012248402], [89.04441846853769, 21.859164562494698], [89.04441445216537, 21.859189702143112], [89.04438919560499, 21.859341353021136], [89.0443848743626, 21.859368392037823], [89.0443599217731, 21.859518144446895], [89.04435529566041, 21.859547081032986], [89.04433064884057, 21.859694934973447], [89.04432571695844, 21.859725770927696], [89.04430137590788, 21.859871726399206], [89.0442961382563, 21.85990445992303], [89.04427210297536, 21.860048517824964], [89.04426655955416, 21.86008314981757], [89.0442428300426, 21.860225308351403], [89.04423698085196, 21.860261838812903], [89.04421355711008, 21.86040209977716], [89.04420740215, 21.860440528707556], [89.04418428507677, 21.86057889120292], [89.04417782254865, 21.86061921770272], [89.04415501214424, 21.860755681729472], [89.04414824384651, 21.860797906698053], [89.04412574011093, 21.86093247315523], [89.04411866424499, 21.860976596592764], [89.04409646807761, 21.86110926458099], [89.04408908464364, 21.861155285588097], [89.04406719604424, 21.861286055107428], [89.0440595050423, 21.86133397458343], [89.04403792401109, 21.861462846533186], [89.04402992544078, 21.861512663578594], [89.04400865197778, 21.861639637959115], [89.04400034583944, 21.861691352573928], [89.04397937994446, 21.861816428485497], [89.04397076533871, 21.861870042468638], [89.04395010881046, 21.861993219911255], [89.0439411857372, 21.86204873146397], [89.0439208376767, 21.862170010437694], [89.04391160523647, 21.862227420459135], [89.04389156564338, 21.862346801863453], [89.04388202473575, 21.862406108555092], [89.04386229450944, 21.86252359328938], [89.04385244423503, 21.862584797550426], [89.04383302427482, 21.862700383815763], [89.0438228637343, 21.86276348654576], [89.04380375314088, 21.862877175241522], [89.04379328323341, 21.862942175541093], [89.04377448200688, 21.863053966667337], [89.04376370273269, 21.863120864536427], [89.04374521177215, 21.86323075719372], [89.04373412133282, 21.863299552632384], [89.04370406688923, 21.86347808604495], [89.04367280105896, 21.8636562192591], [89.0436403256407, 21.863833954973074], [89.04360663883534, 21.864011290488747], [89.04357174244205, 21.864188228504133], [89.04353563556117, 21.864364767220366], [89.0434983172936, 21.864540907536934], [89.0434597894378, 21.864716648554577], [89.04342005019515, 21.864891991172556], [89.04337910136456, 21.86506693449155], [89.04333694204638, 21.865241479410884], [89.04329357224066, 21.865415625930495], [89.04324899104824, 21.86558937315118], [89.04320320026767, 21.865762721972146], [89.04315619899955, 21.86593567149407], [89.0431079872439, 21.866108222616447], [89.0430585641015, 21.8662803753391], [89.04300793137094, 21.86645212876283], [89.04295608815306, 21.866623483786896], [89.04290303444765, 21.866794440411184], [89.0428487702547, 21.86696499773643], [89.0427932955742, 21.86713515576298], [89.04273661040634, 21.86730491538958], [89.04267871475093, 21.86747427661669], [89.04261960860822, 21.8676432385447], [89.04255929197774, 21.867811802073163], [89.04249776485995, 21.867979967201904], [89.04243502725478, 21.86814773303155], [89.04237107916214, 21.8683151004617], [89.0423059205819, 21.868482068592755], [89.04223955151417, 21.86864863832409], [89.04217197195902, 21.86881480965593], [89.04210318191639, 21.868980581688618], [89.04203318138639, 21.869145955321642], [89.04196197036867, 21.86931092965574], [89.04188954886365, 21.869475505590117], [89.04181591777058, 21.869639682225625], [89.04174107529047, 21.869803460461412], [89.04169496704918, 21.869902511791565], [89.04162752149301, 21.869987628126694], [89.04151476449493, 21.87012789178891], [89.0414011063761, 21.87026725612907], [89.0412865462373, 21.87040572204654], [89.04125348985673, 21.870445106956254], [89.04117169202016, 21.87054389298646], [89.04114528792473, 21.870575325191226], [89.04105683420568, 21.870682061228308], [89.04103708959013, 21.870705547023476], [89.0409419736933, 21.870820226772196], [89.0409288948527, 21.870835769755104], [89.04082710958363, 21.870958388718805], [89.0408207037126, 21.87096599608401], [89.04071251347182, 21.871096222412746], [89.04071224457454, 21.871096550665357], [89.04060426837236, 21.871226411869486], [89.04059742453165, 21.871234755779426], [89.04049602687019, 21.871356603124752], [89.0404826008915, 21.87137295819548], [89.04038778806614, 21.871486796178772], [89.04036777455315, 21.871511157014254], [89.04027955375858, 21.871616992830127], [89.04025294461775, 21.871649354034503], [89.04013786197282, 21.87178729744585], [89.04002186741536, 21.871924331642674], [89.03990496004593, 21.87206045572549], [89.03978714076413, 21.872195669694406], [89.03966840867025, 21.87232997354954], [89.03954876466395, 21.872463368189983], [89.03942820874488, 21.87259585181721], [89.03930674001418, 21.872727426229744], [89.03918435937078, 21.872858090528496], [89.03906106591552, 21.87298784471335], [89.03893686054772, 21.873116688784194], [89.0388117432675, 21.87324462274114], [89.03868571317514, 21.87337164748368], [89.03863144808298, 21.873425558242957], [89.03855928828062, 21.873498277423664], [89.03850616622663, 21.873551046044042], [89.03843286338605, 21.87362490826297], [89.0383808843705, 21.87367653474439], [89.03830643849147, 21.873751538202953], [89.03825560251414, 21.873802023444682], [89.03818001359679, 21.873878169042428], [89.03813032065796, 21.873927511245824], [89.03805358870221, 21.874004798982412], [89.03800503970098, 21.874052999946173], [89.03792716380764, 21.87413142892234], [89.03787975784462, 21.874178488646464], [89.03780073801374, 21.8742580597617], [89.03775447688759, 21.874303977346813], [89.03767431311917, 21.8743846897018], [89.03762919503146, 21.87442946694648], [89.03754788822465, 21.874511319641783], [89.03750391407442, 21.874554955646772], [89.0374214624307, 21.87463794958171], [89.03737863311744, 21.87468044434712], [89.03729503753596, 21.874764579521866], [89.03725335126126, 21.87480593394679], [89.03716861174223, 21.874891208562417], [89.03712807030428, 21.874931422647137], [89.03704218594811, 21.875017838502572], [89.0370027893473, 21.875056912246805], [89.03691576015439, 21.875144468442556], [89.03687750839049, 21.875182400947153], [89.03678933436049, 21.875271097483278], [89.03675222833272, 21.87530789054682], [89.03666290856654, 21.875397727423262], [89.03662694737591, 21.87543338014649], [89.03653648277265, 21.87552435646404], [89.03650166641893, 21.875558869746214], [89.0364100569787, 21.875650985504592], [89.03637638636127, 21.875684359345883], [89.0362836311848, 21.875777615444747], [89.03625110540429, 21.87580984894538], [89.03615720449147, 21.875904244485298], [89.03612582534669, 21.875935338545105], [89.03603077869758, 21.876030873526076], [89.03600054438971, 21.876060828144773], [89.03590435200425, 21.876157502566855], [89.0358752643321, 21.876186317744498], [89.03577792621036, 21.876284131607463], [89.03574998427445, 21.876311808243543], [89.03565149951726, 21.876410759748808], [89.03562470421684, 21.87643729784321], [89.03552507282393, 21.876537388789586], [89.03549942415924, 21.876562788342085], [89.03539864613066, 21.876664017830194], [89.03537414410164, 21.87668827794181], [89.03527221943756, 21.876790645971596], [89.03524886404398, 21.876813768440684], [89.03514579274423, 21.876917275012318], [89.03512358398638, 21.87693925893973], [89.03501936605096, 21.87704390315372], [89.03499830392877, 21.877064749438603], [89.03489293935786, 21.87717053129512], [89.03487302477032, 21.877190239937647], [89.03476651266453, 21.87729716033573], [89.03463931525232, 21.877423019556886], [89.0345112050282, 21.877547969563125], [89.03438218379091, 21.877672009455807], [89.03425224974166, 21.877795140133742], [89.0341214037798, 21.877917360697722], [89.03398964590554, 21.87803867114775], [89.03385697611873, 21.878159072383426], [89.03372339351989, 21.87827856350492], [89.03358889900852, 21.878397145412066], [89.03345349258467, 21.87851481630571], [89.03331717424834, 21.87863157888438], [89.03330162227206, 21.878644708086995], [89.03322314023592, 21.8787119351079], [89.0331607398764, 21.87875678969425], [89.03313369546379, 21.878776526215802], [89.0330148482567, 21.87886197619929], [89.0329901996381, 21.878879968036074], [89.03286895663723, 21.878967163603818], [89.03284670471174, 21.878983410755893], [89.03272306501754, 21.879072351008233], [89.03270320888606, 21.879086852576336], [89.03257717429722, 21.879177538412762], [89.0325597130605, 21.879190294396608], [89.03243128357695, 21.879282726716553], [89.03241621723481, 21.879293735317674], [89.03228539285664, 21.87938791502029], [89.0322727205097, 21.87939717623874], [89.03213950213649, 21.87949310332425], [89.0321292237848, 21.879500617159806], [89.03199361231555, 21.879598292527362], [89.03198572705975, 21.87960405808093], [89.03184772249443, 21.879703481730473], [89.03184223033486, 21.87970749810262], [89.03170183267349, 21.879808670933414], [89.03169873360974, 21.87981093812448], [89.0315559428526, 21.879913860136583], [89.03155523598548, 21.87991437724685], [89.03141174735435, 21.880017828959808], [89.03141004493767, 21.88001903854797], [89.03126826232057, 21.880121285169253], [89.03126414342563, 21.880124211563157], [89.0311247763874, 21.880224741378754], [89.03111824191342, 21.88022938547789], [89.03098129045418, 21.88032819758837], [89.03097234040126, 21.880334559392452], [89.03083780452118, 21.880431652898494], [89.03082643978843, 21.880439733307185], [89.0307813562689, 21.88047227794209], [89.03069431858802, 21.880535108208733], [89.03068053917559, 21.880544907221747], [89.03055083175565, 21.88063856261965], [89.03053463856276, 21.88065008203563], [89.03040734582248, 21.880742017929947], [89.03038873884924, 21.88075525684974], [89.03026385898994, 21.88084547234081], [89.0302428382364, 21.880860432563054], [89.03012037215757, 21.88094892585235], [89.03009693852295, 21.880965608276313], [89.02997688442582, 21.88105238026327], [89.02995103880949, 21.881070783989628], [89.02983339759328, 21.881155833774812], [89.02980513909603, 21.881175959702944], [89.02968990986153, 21.88125928638715], [89.02965924028177, 21.88128113631558], [89.02954642212978, 21.88136273989869], [89.02951334146763, 21.8813863129281], [89.02940293439804, 21.881466192510857], [89.02936744265355, 21.881491490440112], [89.02925944576691, 21.881569644223816], [89.0292215438393, 21.881596667052577], [89.02911595713584, 21.881673096835982], [89.02907564502499, 21.881701844564645], [89.02897246850472, 21.88177654854894], [89.02892974711028, 21.881807022975863], [89.0288289798736, 21.88188000026196], [89.0287838491954, 21.881912200487704], [89.02868549124247, 21.88198345107554], [89.02863795128047, 21.882017378898922], [89.0285420017122, 21.882086901889124], [89.02849205336577, 21.88212255731014], [89.0283985121817, 21.882190352702764], [89.02834615635021, 21.882227736620735], [89.02825502265125, 21.882293803516347], [89.02820025933448, 21.88233291593133], [89.02805465459875, 21.8824384981383], [89.02790981068927, 21.88254512625656], [89.027765726707, 21.882652802085204], [89.02762240445054, 21.88276152562395], [89.02747984212112, 21.88287129507438], [89.02733804061819, 21.8829821122348], [89.0271969999418, 21.883093976206226], [89.02705672009165, 21.88320688698832], [89.02603709843345, 21.884039705068403], [89.02589802727226, 21.88415493969876], [89.02575961621346, 21.884271278696588], [89.02562186525705, 21.884388722062], [89.02548477350365, 21.88450726979471], [89.02534834185258, 21.88462692099563], [89.02521256940474, 21.884747676564018], [89.02507745705907, 21.884869536500048], [89.02494300391658, 21.88499250080332], [89.02480921087647, 21.885116569474235], [89.02475671385145, 21.88516592696601], [89.02467568763296, 21.885241090503996], [89.02462637330865, 21.885287470340643], [89.02454216528889, 21.885365611533928], [89.0244960327658, 21.88540901191641], [89.02440864294459, 21.88549013346301], [89.0243656904243, 21.885530553492288], [89.02427512060046, 21.885614656291523], [89.02423534808293, 21.885652095068224], [89.02414159915554, 21.88573917911981], [89.02410500574155, 21.88577363664416], [89.02400807771079, 21.8858637028477], [89.02397466250079, 21.885895176421286], [89.02387455716524, 21.885988226575364], [89.02384431836072, 21.886016717097846], [89.0237410366197, 21.88611275120263], [89.02371397422058, 21.8861382568752], [89.02360751607415, 21.886237276729048], [89.0235836291813, 21.886259796652382], [89.02347399642792, 21.88636180315484], [89.02345328324247, 21.88638133553036], [89.02334047678175, 21.886486329580634], [89.02332293730382, 21.886502874408166], [89.02320695803479, 21.886610856905634], [89.02319259046578, 21.886624412386766], [89.02307343838856, 21.886735384230576], [89.02306224362775, 21.886745950365423], [89.02293992054098, 21.886859912455122], [89.02293189589034, 21.886867487444647], [89.02280640179413, 21.886984440679498], [89.02280154725372, 21.886989025423247], [89.02267288394654, 21.887108969803194], [89.02267119861699, 21.887110561603322], [89.02254086077227, 21.88723210587716], [89.02253935980366, 21.887233488135053], [89.02241053551785, 21.887353659144196], [89.02240582756701, 21.887357994775755], [89.0222802084649, 21.8874752115118], [89.02227229622957, 21.887482501416287], [89.02214988141208, 21.88759676298025], [89.02213876489213, 21.887607008057046], [89.02201955345976, 21.88771831534808], [89.02200523445401, 21.88773151649633], [89.02188922550744, 21.887839865917158], [89.02187170401612, 21.887856024935616], [89.02175889665585, 21.887961416486235], [89.02173817447726, 21.8879805333749], [89.02162856690495, 21.88808296705531], [89.02160464493852, 21.88810504361294], [89.02150972779185, 21.88819377522259], [89.02147097330692, 21.888229314631303], [89.02146245492838, 21.888237227766012], [89.02133696712741, 21.888353027170524], [89.02120355270193, 21.888477729863325], [89.02107074981541, 21.888603455984764], [89.0209385593671, 21.888730207333197], [89.0208069804579, 21.888857982110267], [89.02067601308767, 21.88898678121501], [89.02054565815564, 21.88911660464771], [89.02041591476274, 21.88924745150871], [89.0202867838081, 21.88937932359704], [89.0201874177153, 21.889482072939416], [89.02124968972146, 21.892650849457254], [89.021319817056, 21.892855161936154], [89.02139104516067, 21.893057878118668], [89.02146337403565, 21.893258997105193], [89.02153680278138, 21.89345852069431], [89.02161133229725, 21.893656447986814], [89.0216869634827, 21.893852778982534], [89.02176369363968, 21.894047512782663], [89.02184152546619, 21.894240651185157], [89.02269320143023, 21.896307386776584], [89.02276581269228, 21.89648815320578], [89.02283653267983, 21.89666888905799], [89.02290536139344, 21.896849595232823], [89.0229722970339, 21.897030271729705], [89.02303734140025, 21.89721091854915], [89.02310049359306, 21.897391534791666], [89.02316175361216, 21.897572121356404], [89.02322112145777, 21.89775267734433], [89.02327859802898, 21.89793320455385], [89.02333418242671, 21.898113701186446], [89.02338787555021, 21.898294167242057], [89.02343967560068, 21.898474604519436], [89.02348958437682, 21.89865501121983], [89.02353760097964, 21.898835388242674], [89.02358372540868, 21.89901573558791], [89.02362795856362, 21.89919605235599], [89.02367029954485, 21.89937633944669], [89.02371074835253, 21.89955659685961], [89.0237493049865, 21.899736823695548], [89.0237859703463, 21.899917020853877], [89.02382074353255, 21.900097188334655], [89.02385362454532, 21.900277326137825], [89.02388461428359, 21.90045743336401], [89.02391371184848, 21.900637510912418], [89.02394091723966, 21.900817558783444], [89.02396623045729, 21.900997576077316], [89.02398965150127, 21.901177564592956], [89.02401118127102, 21.901357521632463], [89.02403081886729, 21.901537449893567], [89.02404856518922, 21.901717347577687], [89.02406441843823, 21.9018972155842], [89.02407838041296, 21.90207705391299], [89.02409045021426, 21.902256861664966], [89.02410062874111, 21.90243664063854], [89.02410891419521, 21.902616388135925], [89.02411530837497, 21.902796106854964], [89.02411981038102, 21.90297579499702], [89.0241224211129, 21.903155453461466], [89.0241231396713, 21.90333508224836], [89.02412196605593, 21.903514680458272], [89.02411890026707, 21.903694249889725], [89.02411394230467, 21.9038737878451], [89.02410709306793, 21.904053297022017], [89.0240983516577, 21.904232775622177], [89.02409280823667, 21.904326324000692], [89.02408860840262, 21.904412238933787], [89.0240832295575, 21.904502748503035], [89.02407886424834, 21.904591702245398], [89.02407365087834, 21.90467917390481], [89.02406912009383, 21.904771164657575], [89.02406651475798, 21.90481475299856], [89.02411723112544, 21.904951543479], [89.02418204616464, 21.90513218580179], [89.02424468664304, 21.905312793950316], [89.02430515435958, 21.90549336792475], [89.02436344751516, 21.905673907724747], [89.0244195670096, 21.905854413350653], [89.02447351284246, 21.90603488390275], [89.02452528501408, 21.906215320280978], [89.02457488352411, 21.90639572158534], [89.02462230837284, 21.906576089614816], [89.02466755956038, 21.90675642257088], [89.02471063618708, 21.906936721352622], [89.02475154005157, 21.907116985960158], [89.0247532469649, 21.90712492877259], [89.024792348588, 21.90729724876911], [89.02479405819929, 21.907305207769298], [89.02483315622527, 21.90747751157801], [89.02483486943368, 21.90748548586663], [89.02487396476175, 21.90765777438679], [89.02487568066829, 21.90766576486334], [89.02491477329818, 21.907838037195745], [89.02491649190267, 21.907846043859877], [89.02495558183483, 21.9080183000047], [89.02495730313723, 21.90802632195721], [89.02499639037131, 21.90819856281348], [89.02499811437161, 21.908206600953918], [89.02503719800842, 21.908378825622435], [89.025038925606, 21.908386879950626], [89.02507800654485, 21.90855908843116], [89.02507973684038, 21.90856715804796], [89.02511881508133, 21.90873935213949], [89.025120548075, 21.908747437044667], [89.02515962361775, 21.908919614948445], [89.02516135930938, 21.908927716041376], [89.0252004321544, 21.909099877757228], [89.02520217054393, 21.909107995037914], [89.02524124069089, 21.90928014056618], [89.02524298177832, 21.909288273135417], [89.02528204922731, 21.909460403374908], [89.0252837930127, 21.909468552131955], [89.02532285686442, 21.90964066618386], [89.02532460424709, 21.909648831128663], [89.0253636654009, 21.909820928992815], [89.0253654154817, 21.909829109225996], [89.02540447393733, 21.910001191801598], [89.02540622671609, 21.910009388222704], [89.02544528247398, 21.91018145461055], [89.02544703795047, 21.910189667219413], [89.02548609101046, 21.910361717419505], [89.02548784828565, 21.910369945316802], [89.02552689954689, 21.91054198022823], [89.02552865952003, 21.91055022431351], [89.02556770808337, 21.910722243037185], [89.02556947075465, 21.91073050331022], [89.02560851661985, 21.91090250584614], [89.02561028198903, 21.91091078140755], [89.02564932515628, 21.91108276865492], [89.02565109322342, 21.91109106040426], [89.02569013279356, 21.911263032363024], [89.02569190445797, 21.91127133940097], [89.02573094133004, 21.911443295171978], [89.02573271569236, 21.911451618397507], [89.02577174986646, 21.91162355798093], [89.02577352692674, 21.91163189649501], [89.02581255840295, 21.911803820789885], [89.02581433816135, 21.911812175491548], [89.02585336693943, 21.911984083598668], [89.02585514939574, 21.911992454488256], [89.02589417547586, 21.91216434640762], [89.02589596063012, 21.91217273258559], [89.02593498401234, 21.912344609216348], [89.02593677186468, 21.912353011582297], [89.02597579254882, 21.9125248720253], [89.02597758219969, 21.912533290579006], [89.02601660108542, 21.912705134834255], [89.0260183934343, 21.912713569575715], [89.0260574096219, 21.912885397643038], [89.02605920466868, 21.912893847673047], [89.02609821815838, 21.91306566045199], [89.02610001590307, 21.913074126669756], [89.0261390266948, 21.913245923260774], [89.02614082713762, 21.913254405666464], [89.02617983523129, 21.91342618606967], [89.02621807170675, 21.913606408409123], [89.02652836389302, 21.915179631135118], [89.02656545013554, 21.915354207530754], [89.02660510034525, 21.915528328869414], [89.02664731362273, 21.915701995150982], [89.02669209176679, 21.915875206375688], [89.02673943297862, 21.916047962543473], [89.02675832863395, 21.916113200264135], [89.02678778053178, 21.91622053974612], [89.02680565006074, 21.916282171185287], [89.02683612898431, 21.9163931178482], [89.02685297058832, 21.916451143005816], [89.02688447833606, 21.91656569505085], [89.02690028931698, 21.91662011482657], [89.02693282948667, 21.916738272253497], [89.02694760804587, 21.9167890866471], [89.02698118063711, 21.916910848556995], [89.02699492497595, 21.916958059367005], [89.02702953358613, 21.917083425759643], [89.02704224100671, 21.91712703208691], [89.02707788653538, 21.917256002062913], [89.02708955613826, 21.91729600570619], [89.0271262412831, 21.91742857836624], [89.02713687037044, 21.917464979325416], [89.02717459693025, 21.917601154669683], [89.02718418370324, 21.917633953844074], [89.02722295437593, 21.917773730073634], [89.02723149613684, 21.917802928362562], [89.02725663541418, 21.917893455994715], [89.02727131182161, 21.917946306377075], [89.02727880767088, 21.917971902880993], [89.02731967016672, 21.918118881781027], [89.02732611830578, 21.918140878299027], [89.02736803031047, 21.91829145718509], [89.0273734280413, 21.91830985371689], [89.0274163904541, 21.918464032589213], [89.02742073687762, 21.9184788291347], [89.0274647523965, 21.918636607993108], [89.02746804481455, 21.918647805451883], [89.02751311523821, 21.918809182497853], [89.02751535095274, 21.9188167826685], [89.02756147897912, 21.918981757002598], [89.02756265709098, 21.91898575988506], [89.02760984272004, 21.919154331507343], [89.02760996232996, 21.91915473710162], [89.0276573089377, 21.919323698130256], [89.0276581641931, 21.919326914105852], [89.02770466094142, 21.919492657360365], [89.02770648116928, 21.91949949760391], [89.02775201114645, 21.919661616590417], [89.02775479904489, 21.919672080202417], [89.02779935955289, 21.919830577619223], [89.02784465480715, 21.9200003354473], [89.02788111602075, 21.920144662246514], [89.02791688745458, 21.92015962876394], [89.02814464705796, 21.92025849933026], [89.02836796760772, 21.920359093897105], [89.02858684910393, 21.920461414262945], [89.02880129244579, 21.920565457729765], [89.02901129673404, 21.920671226995637], [89.02921686196873, 21.920778720261865], [89.0294179881497, 21.92088793752839], [89.02961467527712, 21.920998879694594], [89.03114153075717, 21.92189368894259], [89.03130909334004, 21.92198734164259], [89.03147725127417, 21.922076796307238], [89.03164600455966, 21.922162052936585], [89.03181535229675, 21.92224311153035], [89.03198529448593, 21.92231997118978], [89.03215583112677, 21.92239263281391], [89.03232696311886, 21.922461096402458], [89.03249868956294, 21.922525361956048], [89.03267101135822, 21.922585428574735], [89.03284392760537, 21.922641297158293], [89.03301743830417, 21.922692967706325], [89.03314378855515, 21.922727418036004], [89.03319138067775, 21.922741591351325], [89.03331699168592, 21.922775821347045], [89.0333653239507, 21.922790214996553], [89.03349019391749, 21.922824224658314], [89.03353926632406, 21.922838838641553], [89.03366339614888, 21.922872627969525], [89.03371320869763, 21.922887462286553], [89.0338365983805, 21.92292103038136], [89.03388715107121, 21.92293608593178], [89.0340098006119, 21.9229694336924], [89.03406109434417, 21.922984710476157], [89.03418300284346, 21.92301783700367], [89.03423503671775, 21.923033334121214], [89.03435620507486, 21.92306624031488], [89.03440897909115, 21.923081957766215], [89.03452940730642, 21.923114642726716], [89.03458292146468, 21.923130581411215], [89.03470260953782, 21.923163046037757], [89.03475686473763, 21.923179205056442], [89.03487581176944, 21.923211449349026], [89.03493080711121, 21.92322782960082], [89.03504901400083, 21.92325985176086], [89.03510474948479, 21.92327645324582], [89.0352222162324, 21.923308255072072], [89.0352786918582, 21.923325076890876], [89.03539541936317, 21.923356658383113], [89.03545263423177, 21.923373700535876], [89.03556862159473, 21.923405060795005], [89.03562657750467, 21.923422325080253], [89.03574182382613, 21.923453464106217], [89.03580051987825, 21.92347094872548], [89.03591502605775, 21.92350186741743], [89.03597446225183, 21.92351957237048], [89.03608822828915, 21.923550269829093], [89.03614840462524, 21.923568196015538], [89.03626143052071, 21.92359867314036], [89.03632234789819, 21.923616820559914], [89.03643463275228, 21.923647076451573], [89.03649629027171, 21.923665444204914], [89.03660783498367, 21.923695478863237], [89.03667023264529, 21.923714067850142], [89.03678103721529, 21.92374388217445], [89.0368441750187, 21.923762691495142], [89.03695424034606, 21.923792285485717], [89.03701811829166, 21.92381131603952], [89.03712744257746, 21.923840687897552], [89.03719206066523, 21.923859939684576], [89.03730064480902, 21.923889091208594], [89.03736600303858, 21.923908563329576], [89.03747384704059, 21.923937493620485], [89.03753994541216, 21.923957187873953], [89.03764704927198, 21.923985896931697], [89.03771388778574, 21.92400581151901], [89.0378202515036, 21.92403430024291], [89.0378878310587, 21.92405443516418], [89.037993453735, 21.924082702654573], [89.03806177343228, 21.924103059708614], [89.03816665686577, 21.92413110596584], [89.03823571580568, 21.924151683353614], [89.03840995225761, 21.92419823585999], [89.03858491716022, 21.924239642445514], [89.03876061141318, 21.924275900412454], [89.0389370350162, 21.92430701245877], [89.03903188471389, 21.92432091417885], [89.03911385342178, 21.924335338405115], [89.0392064044521, 21.92434886600745], [89.03929067182702, 21.92436366345231], [89.03938092419048, 21.924376818735254], [89.03946749023265, 21.92439198760013], [89.03955544302931, 21.92440477236238], [89.03964430863806, 21.924420310848802], [89.03972996186837, 21.92443272688888], [89.03982112704352, 21.92444863319787], [89.03990448070738, 21.92446068231476], [89.03999794634831, 21.924476954647787], [89.04007899954621, 21.92448863953922], [89.04017476565309, 21.924505276097648], [89.04025351838527, 21.92451659676368], [89.04035158405856, 21.924533595748812], [89.04042803722427, 21.92454455488729], [89.04052840336317, 21.92456191450077], [89.04060255516396, 21.924572513011128], [89.04070522266795, 21.92459023235341], [89.04077707310358, 21.92460047293349], [89.04088204287211, 21.92461855020599], [89.04095159104327, 21.92462843375523], [89.0410588621769, 21.924646866260048], [89.0411261089829, 21.924656395476347], [89.04123568148151, 21.9246751814145], [89.04130062692258, 21.92468435809667], [89.04141250168573, 21.924703495669974], [89.04147514396283, 21.92471232161654], [89.04158932188989, 21.924731809925277], [89.04164966100313, 21.924740286035387], [89.04176614209388, 21.924760122381826], [89.04182417894276, 21.92476825135384], [89.04194296229804, 21.924788433939227], [89.04199869598307, 21.92479621757144], [89.04211978250203, 21.924816744597194], [89.04217321212417, 21.92482418468842], [89.04229660270619, 21.92484505525522], [89.04234772916448, 21.924852152704773], [89.04247342380955, 21.924873364114433], [89.04252224530552, 21.924880121620447], [89.04265024401371, 21.924901672074498], [89.04269676144645, 21.924908091435384], [89.04282706511708, 21.924929979135413], [89.04287127848676, 21.92493606214964], [89.04300388622045, 21.924958285296725], [89.04304579372848, 21.92496403376333], [89.04318070732398, 21.92498659055883], [89.04322030986958, 21.92499200627617], [89.04335752842735, 21.925014894921617], [89.04339482601046, 21.92501997968833], [89.04353435043004, 21.925043198385026], [89.04356934125218, 21.925047953999922], [89.0437111715334, 21.92507150094906], [89.0437438564939, 21.92507592921089], [89.04388799353615, 21.925099802613886], [89.04391837173546, 21.92510390532101], [89.04406481553889, 21.925128103379336], [89.04409288697718, 21.92513188322988], [89.04424163754157, 21.92515640324541], [89.04426740131953, 21.925159861138752], [89.04441845954432, 21.925184702212334], [89.04444191656125, 21.92518783994683], [89.04459528154706, 21.925213000279882], [89.04461643090366, 21.92521582055383], [89.0447721035498, 21.925241296548677], [89.044790945246, 21.92524380116066], [89.04494892645187, 21.925269592817642], [89.04496545868915, 21.925271783566018], [89.04512574935399, 21.925297887287854], [89.0451399730315, 21.925299765971545], [89.04530257135673, 21.925326181757896], [89.04531448737384, 21.925327750175654], [89.04547939425879, 21.925354474429582], [89.04548900081687, 21.92535573527914], [89.04565621806012, 21.92538276620172], [89.04566351425984, 21.925383720382456], [89.04583304096218, 21.92541105797403], [89.04583802770298, 21.925411707284468], [89.0460098638643, 21.925439347947588], [89.04601254024664, 21.925439695085913], [89.04618668766557, 21.92546763702194], [89.04618705368961, 21.925467683786678], [89.04636157702527, 21.92549561493081], [89.04636350337307, 21.925495982753432], [89.04653610215956, 21.925523536182254], [89.04654031728182, 21.925524339276933], [89.04671715906983, 21.925552497949468], [89.04689476438193, 21.925575263387714], [89.04707313501717, 21.925592636491047], [89.04725226917697, 21.925604615460657], [89.04736383367418, 21.925608699282122], [89.04754110983447, 21.92562046151511], [89.04771862521449, 21.925637505466625], [89.0478963780156, 21.92565982933769], [89.0480743700362, 21.925687434027964], [89.0482405593545, 21.925718097312313], [89.04825258508885, 21.92571997599623], [89.04841421034763, 21.925749914427115], [89.04843080014132, 21.925752522461096], [89.0485878640389, 21.925781726145715], [89.04860901519402, 21.92578507432188], [89.0487615186293, 21.925813534267377], [89.04878723024649, 21.925817629779942], [89.0489351750183, 21.925845337892156], [89.04896544529919, 21.92585018973466], [89.04910883320622, 21.925877137919656], [89.04914366125104, 21.925882754185864], [89.04928249319255, 21.925908934349877], [89.04932187720289, 21.925915322234403], [89.04945615407837, 21.925940727182933], [89.04950009315496, 21.92594789388022], [89.04962981676277, 21.92597251641854], [89.04967830910681, 21.92598047002275], [89.04980348124576, 21.926004302057038], [89.04985652595803, 21.926013048863183], [89.0499771475275, 21.92603608409803], [89.05003474190988, 21.926045631300894], [89.05015081380918, 21.926067864340496], [89.05021295876111, 21.926078217335885], [89.05032448278882, 21.92609964008642], [89.05039117561239, 21.92611080606889], [89.05049815176847, 21.926131414033648], [89.05056939246361, 21.92614339839929], [89.05074769295175, 21.926177840634864], [89.05092619578738, 21.92621676329304], [89.05110490097047, 21.926260168172348], [89.05120229664885, 21.926286236820374], [89.05128255484607, 21.92628027971125], [89.05145889391298, 21.92627127929609], [89.05163541644151, 21.92626635191067], [89.05181212333099, 21.926265497554823], [89.05198901458141, 21.926268717127698], [89.05216608929362, 21.926276010629465], [89.052343348367, 21.92628737716086], [89.05252079090184, 21.926302817620922], [89.05392959957152, 21.9264575855492], [89.05412112009367, 21.926474776090117], [89.05431486284084, 21.926488362148234], [89.05443442500882, 21.926494452357133], [89.05450994108094, 21.926499780840345], [89.05463641903566, 21.92650632610622], [89.05470502201922, 21.92651119503563], [89.0548384139617, 21.926518203452417], [89.0549001047562, 21.926522606533183], [89.05504041068644, 21.92653008439595], [89.05509518929159, 21.926534015332606], [89.05509973626397, 21.92653426084746], [89.05515949261655, 21.926524730731785], [89.05522865767654, 21.926512392932693], [89.05534333922384, 21.926494077339953], [89.05541100241601, 21.92648200574007], [89.05552718673044, 21.92646342394795], [89.05559334625593, 21.926451617648183], [89.05571103333756, 21.926432770555948], [89.05577569099546, 21.926421230455503], [89.05589487994484, 21.926402117164116], [89.05595803573493, 21.926390843262823], [89.05607872745145, 21.926371463772114], [89.05614037957503, 21.926360456070313], [89.05626257405874, 21.92634081038028], [89.05632272431433, 21.92633006887769], [89.05644642066585, 21.92631015698828], [89.05650506905386, 21.92629968168501], [89.05663026817246, 21.926279503596277], [89.05668741379316, 21.9262692944925], [89.05681411477974, 21.92624884930507], [89.05686975853263, 21.92623890729982], [89.05699796138686, 21.926218195913066], [89.0570521032721, 21.92620852010714], [89.05718180889346, 21.926187541621914], [89.05723444711208, 21.92617813291463], [89.05736565550075, 21.92615688822991], [89.05741679185155, 21.926147746621325], [89.05754950210803, 21.926126233938703], [89.05759913659102, 21.9261173594287], [89.05767939960396, 21.92610433453126], [89.05773334961447, 21.926095579647324], [89.0577814813305, 21.92608697223602], [89.05791719622175, 21.926064925356116], [89.0579638260698, 21.926056585942717], [89.05810104372819, 21.926034271964113], [89.05814617080932, 21.926026198750208], [89.05828489033547, 21.926003617672905], [89.05832851554862, 21.925995812456904], [89.05846873694276, 21.925972963381582], [89.05851086118747, 21.9259654261636], [89.05865258444919, 21.925942309090374], [89.05869320592677, 21.92593503897092], [89.05883643105665, 21.925911654799165], [89.05887555066624, 21.925904652677616], [89.05902027856314, 21.92588099960858], [89.05905789540554, 21.925874266384312], [89.05920412517042, 21.925850345317258], [89.05924024014507, 21.92584388009118], [89.05938797177765, 21.92581969102605], [89.05942258488454, 21.9258134928985], [89.05957181928414, 21.92578903673484], [89.05960493052322, 21.925783106605195], [89.05975566589143, 21.925758381544085], [89.05978727526269, 21.92575272031189], [89.05993951339786, 21.925727727252934], [89.059969620002, 21.925722334018587], [89.06012336000515, 21.925697072961725], [89.06015196474152, 21.925691947725284], [89.06030720751176, 21.92566641777114], [89.0603343103802, 21.92566156143198], [89.06049105411904, 21.92563576347976], [89.06051665511967, 21.925631175138676], [89.06067490162553, 21.925605108289233], [89.06069899985914, 21.92560078974475], [89.06085874823276, 21.925574453098648], [89.06088134549782, 21.925570403451445], [89.06106382063894, 21.925540296847316], [89.06124741093942, 21.9255125905338], [89.06424121625918, 21.92510242503704], [89.06443196696188, 21.925078149637045], [89.06462435443046, 21.92505550740583], [89.06511206487, 21.925002701013852], [89.06534412323276, 21.924975129598693], [89.06557797124657, 21.924944920471717], [89.06581360891096, 21.924912071834683], [89.0660510362265, 21.924876584586684], [89.06731543535909, 21.924675065402084], [89.06757001274599, 21.924632242384234], [89.06782663788914, 21.924586842808594], [89.0680853107886, 21.924538867574825], [89.06834603144432, 21.92448831668264], [89.06860879895697, 21.924435190132044], [89.06887361422605, 21.924379487923147], [89.06914047725127, 21.92432121005578], [89.0694093871337, 21.924260356530397], [89.06968034567143, 21.924196926447166], [89.06973128237291, 21.924184611130897], [89.06978151130784, 21.924249024173093], [89.06981981253438, 21.92429890866788], [89.06989437712394, 21.924394577647774], [89.06992872043418, 21.92443933330867], [89.07000724114124, 21.92454013202149], [89.0700376292333, 21.924579757050253], [89.07012010336018, 21.924685686395378], [89.070146539831, 21.92472017899314], [89.0701785724367, 21.924761344152955], [89.07023296378043, 21.924831242567848], [89.07025545132808, 21.924860599137446], [89.07034582330124, 21.924976798740317], [89.07036436372448, 21.92500101838243], [89.07045868012415, 21.925122355812107], [89.07047327702031, 21.925141435828778], [89.07057153514836, 21.925267913783273], [89.07058219211467, 21.925281852375633], [89.07068438927331, 21.9254134726537], [89.07069110810824, 21.925422267124077], [89.07079724070019, 21.92555903242345], [89.07090882678102, 21.9257051578669], [89.07101906837534, 21.925851883158032], [89.07112796638256, 21.925999208296957], [89.0712355208027, 21.926147134182884], [89.0713417316357, 21.926295659916832], [89.07144659888144, 21.92644478639795], [89.07155012164088, 21.926594512726695], [89.07165230171239, 21.92674483890329], [89.0717531372976, 21.926895765827055], [89.07185262839619, 21.927047292598616], [89.07185564562155, 21.92705196907309], [89.0726322263962, 21.928938061442523], [89.07268172598106, 21.92905628002336], [89.07273188117148, 21.92917408941281], [89.07306467889185, 21.929943031345886], [89.07313465873762, 21.930108584843367], [89.07320317988302, 21.93027462757209], [89.07327024052927, 21.93044115953205], [89.07333584247522, 21.93060818162246], [89.07339998482155, 21.930775692944053], [89.07341293056243, 21.93081038968785], [89.07346382589498, 21.930943304989512], [89.07347679142089, 21.93097805389408], [89.07352766786755, 21.931110916135992], [89.07354065227935, 21.931145718999915], [89.07359150894115, 21.93127852818168], [89.07360451313781, 21.931313383206145], [89.07365535001458, 21.931446140227365], [89.07366837399644, 21.931481048311753], [89.07371919198715, 21.931613752272995], [89.0737322348549, 21.93164871251821], [89.07378303306058, 21.93178136431868], [89.07379609661274, 21.931816377623818], [89.07384687413395, 21.93194897636414], [89.0738599574712, 21.93198404183005], [89.07391071610675, 21.932116588409997], [89.07392381832972, 21.932151706935883], [89.07397455718012, 21.932284200455513], [89.07398767918818, 21.932319371142114], [89.07403839825355, 21.932451812501142], [89.07405154004664, 21.93248703624772], [89.07410224022635, 21.93261942454683], [89.0741154009051, 21.93265470045418], [89.07416608129972, 21.932787036592458], [89.07417926176356, 21.932822365559787], [89.07422992237315, 21.932954648638315], [89.07424312262219, 21.932990029766245], [89.0742937643459, 21.93312226068383], [89.07430698348048, 21.933157694871852], [89.07435760541932, 21.93328987272946], [89.07437084433917, 21.933325359078083], [89.07442144649275, 21.933457484775147], [89.07443470609701, 21.93349302418369], [89.07448528846533, 21.933625096820833], [89.07449856695547, 21.933660688390148], [89.07454912953875, 21.933792707967086], [89.07456242781393, 21.93382835259638], [89.0746129715115, 21.933960320012943], [89.07462628867239, 21.933996017702214], [89.07467681258493, 21.93412793205846], [89.07469014953085, 21.934163681908444], [89.0747406536583, 21.93429554410409], [89.07475401038931, 21.93433134701405], [89.0748044956311, 21.934463156149775], [89.07481787124777, 21.93449901122051], [89.07486833670447, 21.934630768195404], [89.07488173210623, 21.934666676326117], [89.0749321777779, 21.93479838024109], [89.07494559296492, 21.934834340532575], [89.0749960197507, 21.934965992286777], [89.07500945382338, 21.935002005638182], [89.07505986082407, 21.935133604332407], [89.07507331558122, 21.935169669844413], [89.0751237018975, 21.935301216378093], [89.07513717643968, 21.93533733495002], [89.07518754387024, 21.93546882842378], [89.07520103729814, 21.93550499915648], [89.0752513849435, 21.93563644046941], [89.0752648981566, 21.935672664262086], [89.07531522601687, 21.935804052515095], [89.07532875901506, 21.935840328468544], [89.07537906798967, 21.935971664560725], [89.07539261987353, 21.93600799357415], [89.0754429090631, 21.93613927660641], [89.07545648073204, 21.93617565778038], [89.07550675013647, 21.936306888652098], [89.07552034159067, 21.936343322886216], [89.07557059210927, 21.93647449979835], [89.07558420244914, 21.936510987092447], [89.07563443318264, 21.936642111844037], [89.0756480633076, 21.936678652198054], [89.07569827425607, 21.936809723889724], [89.07571192506543, 21.936846316404512], [89.07576211622882, 21.936977335935353], [89.0757757859239, 21.93701398151012], [89.07582595730224, 21.93714494798104], [89.07583964678236, 21.93718164571635], [89.07588979927482, 21.937312560026726], [89.07590350764082, 21.937349310822185], [89.07595364034842, 21.937480172072355], [89.07596736849933, 21.937516975028416], [89.07601748142167, 21.93764778411804], [89.07608014977927, 21.93781578916736], [89.07614131626872, 21.937984298736524], [89.07620097999143, 21.93815331192593], [89.07625914184592, 21.938322827836373], [89.07628019677372, 21.938386007908036], [89.07631674252377, 21.93849253260447], [89.07633763377481, 21.938555226142853], [89.07637434410077, 21.938662237372398], [89.0763950707759, 21.93872444437767], [89.07643194477862, 21.938831942140496], [89.07645250777705, 21.93889366261243], [89.0764895454563, 21.939001646908594], [89.07650994567751, 21.939062881746622], [89.07654714613392, 21.93917135167652], [89.0765673826786, 21.93923209998161], [89.07660474771092, 21.939341056444675], [89.07662481967975, 21.939401318216426], [89.07666234838877, 21.939510761212773], [89.07668225668084, 21.939570536451185], [89.07671994906644, 21.93968046598087], [89.07673969368199, 21.93973975558538], [89.07677754974424, 21.93985017074897], [89.07679713158245, 21.939908973820195], [89.07683515132129, 21.940019875516896], [89.07685456858354, 21.940078192054955], [89.07689275199908, 21.940189580284994], [89.07691200558469, 21.94024741028977], [89.07695035267676, 21.94035928505309], [89.07696944348515, 21.940416629423964], [89.07700795335455, 21.94052898982102], [89.07702688048624, 21.94058584765878], [89.07706555403223, 21.940698694589116], [89.07708431748739, 21.94075506589371], [89.07712315560923, 21.940868399357214], [89.07714175538786, 21.940924284128528], [89.07718075628691, 21.94103810412537], [89.07719919238895, 21.941093502363344], [89.0772383569647, 21.941207808893296], [89.07725663028924, 21.941262721497537], [89.07729595764238, 21.941377513661394], [89.07731406729056, 21.941431939732297], [89.07735355832017, 21.94154721842949], [89.07737150429165, 21.941601157967114], [89.07741115899785, 21.94171692319759], [89.07742894219194, 21.94177037620193], [89.0774687596757, 21.941886627965687], [89.07748637919309, 21.941939594436917], [89.07752636035332, 21.942056332733614], [89.07754381709356, 21.942108812671677], [89.07758396103117, 21.94222603750171], [89.07760125409465, 21.94227803180587], [89.07764156170879, 21.94239574226981], [89.07765869199517, 21.942447250040686], [89.07769916238647, 21.942565447037737], [89.07771612899626, 21.942616468275503], [89.07775676306426, 21.942735151805834], [89.07777356689672, 21.942785686510263], [89.07781436374194, 21.94290485657399], [89.07783100389787, 21.94295490474525], [89.07787196441973, 21.943074561342087], [89.07788844179834, 21.943124122980066], [89.0779295650974, 21.943244266110185], [89.07794587879943, 21.943293341214883], [89.07798716577526, 21.94341397087811], [89.07800331669972, 21.94346256034885], [89.07804476645288, 21.94358367564621], [89.07806075370087, 21.943631778583836], [89.07810236713073, 21.943753380414307], [89.07811819160133, 21.943800996818652], [89.07815996780835, 21.943923085182405], [89.07821648300444, 21.94409315417579], [89.07827149363465, 21.944263727688963], [89.07832499790032, 21.944434805721755], [89.07837699760034, 21.9446063891736], [89.07842749183527, 21.944778477145178], [89.07847366842515, 21.944941162704595], [89.07847656694014, 21.94495104085803], [89.07852287573019, 21.945114176977768], [89.07852564204484, 21.945123604570824], [89.07857208303528, 21.945287190351678], [89.07857471804891, 21.945296168283676], [89.07862129034038, 21.945460204624794], [89.07862379315361, 21.945468731996527], [89.07867049764542, 21.945633218897967], [89.07867286825831, 21.945641295709322], [89.07871970495052, 21.945806233171254], [89.07872194426233, 21.945813859422174], [89.07876891315493, 21.94597924744437], [89.07877101936703, 21.945986423135025], [89.07881812046003, 21.946152261717486], [89.0788200944719, 21.94615898684782], [89.07886732776512, 21.946325275091453], [89.07886916957659, 21.94633155056067], [89.07891653507016, 21.94649828936457], [89.07891824558067, 21.946504114273466], [89.07896574237526, 21.946671303637913], [89.07896732068536, 21.94667667798649], [89.07899039732087, 21.946757900893658], [89.0790149496803, 21.94684431791103], [89.07901639579023, 21.94684924169917], [89.07906415788477, 21.947017332184316], [89.07906547089493, 21.947021805411964], [89.07911336518964, 21.947190345558113], [89.07911454689895, 21.947194369124986], [89.07916257249491, 21.94736335983123], [89.07916362200365, 21.947366932837838], [89.07921177979983, 21.947536374104516], [89.07921269710835, 21.947539496550633], [89.07926098710487, 21.947709388377632], [89.07926177221321, 21.947712060263484], [89.07931019530935, 21.947882402650805], [89.07931084731791, 21.947884623976336], [89.07935940261439, 21.948055416024715], [89.07935992242261, 21.948057188588507], [89.07940860991948, 21.94822843029783], [89.07940899842669, 21.94822975230136], [89.07945781722458, 21.948401444571175], [89.07945807353138, 21.948402316014153], [89.07950702452962, 21.94857445884429], [89.07950714863603, 21.948574879727005], [89.07955623273409, 21.948747473117407], [89.07960696259136, 21.948920129460532], [89.07965921859818, 21.94909242787338], [89.07971300075451, 21.949264367456692], [89.07976830906034, 21.949435949109898], [89.07982514351573, 21.94960717283294], [89.07988350322125, 21.94977803772639], [89.07994338997565, 21.949948544689562], [89.07997823870488, 21.950045095005237], [89.08000421382349, 21.950118831319173], [89.08003257394427, 21.950197182054296], [89.08006505475862, 21.95028911435128], [89.08008689389516, 21.950349277197574], [89.08012591368004, 21.950459392886728], [89.08014119765824, 21.950501379535012], [89.08018678878943, 21.95062966782507], [89.08019548523356, 21.950653490866046], [89.08024768188517, 21.950799938266528], [89.08024975752028, 21.95080560849209], [89.08030411614209, 21.950957684749426], [89.08030849224315, 21.950970227594098], [89.08035850534083, 21.95110974571827], [89.08036927562165, 21.951140524116056], [89.08043046189641, 21.951310726209158], [89.08049315363621, 21.951480573969377], [89.0805573499419, 21.95165006919541], [89.08062305171251, 21.95181921098788], [89.08069025894832, 21.951987998447464], [89.08075897074991, 21.952156433372863], [89.08082918801676, 21.952324514864472], [89.08090091074854, 21.9524922429228], [89.0809741380462, 21.952659616647964], [89.0810488708089, 21.952826637839166], [89.08112510903675, 21.952993305596635], [89.08120285183026, 21.95315961992071], [89.08128210008891, 21.953325580810883], [89.08136285381278, 21.953491189167096], [89.08144511300173, 21.95365644319037], [89.08152887675624, 21.953821343780078], [89.08161414507686, 21.953985890936224], [89.08170091976172, 21.95415008555807], [89.08178919901246, 21.95431392584709], [89.08188705154635, 21.954492103128246], [89.08190131479398, 21.95460958966089], [89.08192162328436, 21.954788799363598], [89.08194048746373, 21.954968041442044], [89.08195790913032, 21.955147316795376], [89.08197388558642, 21.95532662452422], [89.08198841863066, 21.955505965527948], [89.08200150736377, 21.95568534070594], [89.08200718478395, 21.955772803372213], [89.08201389192755, 21.95586473117254], [89.08201955495866, 21.955951993289887], [89.08202627649155, 21.95604412163908], [89.08203192603264, 21.95613118320773], [89.08203866195487, 21.956223512105453], [89.08204429620736, 21.956310373125348], [89.08205104651864, 21.95640290257205], [89.0820566672815, 21.95648956304302], [89.08206343108259, 21.956582293038423], [89.08206903745622, 21.956668752960695], [89.08207581564653, 21.95676168350502], [89.082081407631, 21.95684794287837], [89.08208820021031, 21.956941073971393], [89.08209377870492, 21.957027132795986], [89.08210058477425, 21.957120464437992], [89.08210614887986, 21.95720632271366], [89.0821129693382, 21.957299854904534], [89.08211851995384, 21.957385512631333], [89.08212535390214, 21.957479245370962], [89.08213089012855, 21.957564702549007], [89.08213773846592, 21.957658635837504], [89.0821432612027, 21.957743892466794], [89.08215012302986, 21.957838026303875], [89.08215563137742, 21.957923082384468], [89.08216250759364, 21.958017416770474], [89.08216800155219, 21.958102272302142], [89.08217489215758, 21.958196807236845], [89.08218037262611, 21.958281462219816], [89.08218727672158, 21.958376197703444], [89.08219274280088, 21.958460652137433], [89.08219966128553, 21.958555588169986], [89.08220511387498, 21.958639842055106], [89.0822120458493, 21.958734978636414], [89.08221748404975, 21.95881903197278], [89.08222443041325, 21.958914369102956], [89.08222985422452, 21.958998221890454], [89.0822368149772, 21.959093759569384], [89.08224222529861, 21.959177411808298], [89.08224919954097, 21.959273150035926], [89.08225459547339, 21.959356601725915], [89.08226158410491, 21.959452540502525], [89.08226696654731, 21.95953579164359], [89.08227396866886, 21.959631931868273], [89.08227933672208, 21.959714981561262], [89.0822863532328, 21.959811322334645], [89.08229170779617, 21.959894171478936], [89.08229873779658, 21.959990712801243], [89.08230407797095, 21.960073361396553], [89.08231112236052, 21.960170103267785], [89.08231644904487, 21.960252551314227], [89.0823235069243, 21.960349493734213], [89.08232881921981, 21.9604317412319], [89.0823358914883, 21.960528884200755], [89.08234118939441, 21.960610931149745], [89.08234827605224, 21.960708274667127], [89.0823535604685, 21.96079012106736], [89.08236066061619, 21.960887665133725], [89.08236593064328, 21.960969310985035], [89.08237304517996, 21.961067055600267], [89.08237830171737, 21.96114850090271], [89.08238542974391, 21.961246446066696], [89.08239067189214, 21.961327690820383], [89.08239781430785, 21.961425836533238], [89.08240304296623, 21.961506880738], [89.08241019887163, 21.961605226999666], [89.08241541314084, 21.961686070655674], [89.08242258343557, 21.961784617466208], [89.08242778421493, 21.961865260573347], [89.08243496799952, 21.961964007932806], [89.0824401543897, 21.96204445049102], [89.08244735256329, 21.962143398399178], [89.08245252456447, 21.962223640408865], [89.08245973712724, 21.962322788865777], [89.08246489563857, 21.962402830326482], [89.08247212169124, 21.962502179332148], [89.08247726581334, 21.962582020244156], [89.08248450625501, 21.96268156979869], [89.08248963688743, 21.96276121016183], [89.08249689081896, 21.96286096026529], [89.08250200706203, 21.962940400079503], [89.0825092753829, 21.96304035073166], [89.08251437813612, 21.96311958999712], [89.08252165994685, 21.96321974119826], [89.0825267483109, 21.963298779914794], [89.08253404451062, 21.96339913166463], [89.08253911938499, 21.963477969832468], [89.08254642817519, 21.96357852213123], [89.08255148955976, 21.963657159750312], [89.08255881273914, 21.963757913496977], [89.08256386063368, 21.96383634966793], [89.08257119730291, 21.96393730396352], [89.08257623080846, 21.964015539585603], [89.08258358186686, 21.964116694429947], [89.08258860188255, 21.964194730402653], [89.08259596643086, 21.96429608489649], [89.08260097205732, 21.964373920320327], [89.08260835099463, 21.964475475363088], [89.08261334313147, 21.964553110237944], [89.08262073555858, 21.96465486582946], [89.08262571330619, 21.964732300155617], [89.08263312012252, 21.964834256296058], [89.08263808438016, 21.96491149007329], [89.08264246857522, 21.96497185436766], [89.08265189436958, 21.96501350017303], [89.08269079004805, 21.96519228359699], [89.08272556143561, 21.96535881285905], [89.08272823511999, 21.965371100296068], [89.08276294715233, 21.96553735976147], [89.08276567929272, 21.965549916995087], [89.08280033286911, 21.96571590576451], [89.08280312436483, 21.96572873459354], [89.08283771948521, 21.96589445266693], [89.08284056943677, 21.96590755129256], [89.08287510520194, 21.96607299956935], [89.08287801450888, 21.966086367991636], [89.08291249091889, 21.96625154557256], [89.08291545868161, 21.966265184690656], [89.08294987663561, 21.96643009247498], [89.08295290375355, 21.966444001389732], [89.08298726235239, 21.96660863847802], [89.08299034882566, 21.96662281808875], [89.08302464806911, 21.96678718538044], [89.08302779389777, 21.9668016347876], [89.08306203468521, 21.966965731383482], [89.08306523896971, 21.966980451486677], [89.083099420402, 21.9671442782859], [89.08310268314244, 21.967159268185696], [89.08313680611889, 21.96732282518832], [89.08314012821438, 21.967338084884773], [89.08317419183561, 21.96750137119136], [89.08317757328649, 21.967516901583792], [89.08321157755239, 21.96767991809378], [89.0832150183586, 21.96769571828287], [89.08324896326911, 21.96785846409682], [89.08325246253116, 21.96787453498189], [89.08326984233986, 21.96795786627473], [89.0832863489859, 21.96803701099924], [89.08328990760327, 21.968053351680965], [89.083323735602, 21.968215557901658], [89.08332735267538, 21.968232168379984], [89.08336112131889, 21.968394103904927], [89.08336479774732, 21.96841098507906], [89.08339850703567, 21.968572650807346], [89.08340224281943, 21.96858980177791], [89.08343589275239, 21.968751197709764], [89.08343968789137, 21.968768619376362], [89.08347327846911, 21.968929743712806], [89.0834771320641, 21.968947436075382], [89.0835106641859, 21.969108290615225], [89.08351457713621, 21.96912625277446], [89.08354804990262, 21.969286836618267], [89.08355202220815, 21.969305069473478], [89.0835854356194, 21.969465383520685], [89.08358946728026, 21.969483886172554], [89.0836228222355, 21.969643930423103], [89.0836269123522, 21.969662702871574], [89.08366020795239, 21.969822476426316], [89.08366435742431, 21.96984151957065], [89.08369759366917, 21.970001023328734], [89.08370180159704, 21.97002033626967], [89.0837349793859, 21.970179570231153], [89.08373924666898, 21.970199152968576], [89.08377236510262, 21.970358116234195], [89.0837766917411, 21.970377969667595], [89.0838097508194, 21.970536663136613], [89.08381413681298, 21.97055678636667], [89.08384713653629, 21.970715209139655], [89.08388592879265, 21.970893177778066], [89.08392630745323, 21.97107049440791], [89.0839682707192, 21.97124715992851], [89.08401182038938, 21.971423173440712], [89.08405695556422, 21.97159853494452], [89.08408001867798, 21.971684779029488], [89.08410287045126, 21.971773576289706], [89.08412605497364, 21.971860278129327], [89.08414878533824, 21.971948617634666], [89.08417209036975, 21.972035776330017], [89.08419469932608, 21.972123658979797], [89.0842181266654, 21.972211275430084], [89.08424061421306, 21.972298700324814], [89.08426416206152, 21.972386773630774], [89.08428652910004, 21.972473741669944], [89.084310198357, 21.97256227273084], [89.08433244398725, 21.972648783014904], [89.08435623375334, 21.97273777093153], [89.08437835887423, 21.97282382436009], [89.08440227004883, 21.97291327003137], [89.08442427376127, 21.97299886570522], [89.08444830544511, 21.97308876823223], [89.08447018864842, 21.97317390705018], [89.0844943417406, 21.973264267332127], [89.08451610353546, 21.97334894839537], [89.08454037713688, 21.973439765532817], [89.08456201842245, 21.973523988841123], [89.08458641343236, 21.973615264632826], [89.0846079333096, 21.973699030186083], [89.08463244882864, 21.973790762833517], [89.08465384819664, 21.97387407153127], [89.08467848422475, 21.973966261933583], [89.08469976308379, 21.9740491128764], [89.08472452052024, 21.974141760134273], [89.08474567797083, 21.97422415422136], [89.08477055591658, 21.97431725923417], [89.08479159285781, 21.974399195566548], [89.08481659221206, 21.974492757434803], [89.0848375077448, 21.97457423691168], [89.08486262760835, 21.974668255635493], [89.084883422632, 21.97474927825664], [89.08490866300446, 21.97484375473556], [89.08492933751899, 21.974924319601826], [89.08495469930011, 21.97501925293625], [89.08497525240602, 21.975099360946786], [89.08500073469622, 21.975194752036316], [89.08502116729318, 21.97527440139254], [89.08504677099171, 21.975370250237006], [89.08506708218022, 21.975449442737727], [89.08509280638805, 21.975545749336845], [89.0851129970672, 21.975624484082857], [89.08513884178416, 21.975721247537706], [89.08515891195435, 21.975799525427817], [89.08518487718044, 21.975896746637602], [89.08520482684139, 21.975974566773004], [89.08523091347593, 21.976072244838292], [89.08525074172854, 21.976149608117964], [89.0852769488722, 21.976247743938302], [89.08529665751473, 21.976324649463095], [89.08532298426832, 21.976423242138992], [89.08534257240194, 21.976499689908906], [89.08536902056397, 21.97659874123906], [89.08538848728892, 21.976674731253866], [89.08541505596014, 21.97677423943975], [89.08543440217596, 21.976849772599053], [89.08546109135642, 21.976949738539645], [89.08548031706312, 21.977024813944183], [89.08550712675253, 21.977125236740278], [89.08552623195015, 21.977199855289143], [89.08555316304819, 21.977300735840345], [89.08557214773651, 21.97737489663433], [89.0855991984443, 21.977476234041035], [89.08561806262367, 21.977549937080084], [89.08564523384058, 21.9776517331411], [89.0856639775107, 21.977724978425044], [89.08569126923675, 21.97782723224094], [89.08570989239769, 21.97790001977023], [89.08573730463303, 21.97800273044163], [89.08575580728467, 21.978075061115362], [89.08578334002931, 21.978178229541697], [89.08580172307126, 21.978250102460322], [89.08584835471788, 21.978424848827785], [89.08589674094196, 21.978598873939063], [89.08594688174333, 21.978772178693248], [89.08646765935515, 21.980504117371254], [89.08646456658659, 21.980531939697357], [89.08644241178791, 21.980714175618857], [89.08641845205005, 21.98089561114358], [89.08639268737272, 21.98107624537255], [89.08617128507694, 21.98252039290196], [89.08614587563176, 21.982699319318215], [89.0861224761714, 21.982878323975513], [89.08610108669598, 21.98305740687391], [89.0860817072051, 21.98323656891256], [89.0860643367999, 21.983415808293046], [89.08604897637923, 21.983595126813782], [89.08603562594345, 21.983774524474768], [89.08603437318783, 21.98379435992183], [89.08602250033829, 21.983953930229745], [89.08602126466968, 21.983973500376806], [89.08600937473295, 21.984133335984666], [89.08600815525227, 21.984152640831837], [89.08599624912767, 21.984312741739643], [89.08599504673413, 21.984331781286812], [89.08598312262313, 21.98449214749479], [89.08598193821592, 21.984510920842467], [89.08596999701786, 21.98467155324977], [89.08596882969772, 21.98469006129727], [89.08595687141252, 21.984850959004746], [89.08595572117974, 21.984869201752304], [89.08594374580741, 21.985030364759496], [89.08594261266154, 21.98504834220728], [89.0859306193027, 21.985209770514643], [89.0859295041434, 21.98522748266231], [89.08591749369742, 21.98538917626962], [89.08591639562519, 21.985406623117285], [89.08590436809226, 21.985568582024598], [89.08590328710716, 21.985585763572317], [89.08589124248692, 21.98574798777952], [89.08589061048531, 21.9857580282781], [89.08589017768963, 21.98576490402712], [89.08587811688164, 21.985927393534496], [89.08587706917143, 21.985944044482153], [89.08586499127648, 21.986106799289473], [89.08586396065346, 21.986123184937128], [89.08585186477183, 21.98628620504445], [89.08585085213525, 21.986302324492783], [89.08583873916666, 21.986465611698748], [89.0858377436171, 21.986481464947758], [89.08582561356138, 21.986645017453725], [89.0858246350989, 21.98666060540279], [89.08581248795605, 21.986824423208702], [89.08581152568155, 21.986839745857594], [89.08579936235071, 21.987003828963623], [89.08579841716335, 21.987018886312626], [89.0857862367456, 21.9871832347186], [89.08578530864514, 21.9871980267676], [89.08577311114027, 21.987362640473577], [89.085772200127, 21.987377167222633], [89.08575998463562, 21.987542046228555], [89.08575909160896, 21.987556307677437], [89.08574685903045, 21.987721451983475], [89.08574598219144, 21.98773544813247], [89.08573271809047, 21.987914571500312], [89.08571742421981, 21.988093477232326], [89.08570010147866, 21.988272164428906], [89.08568074896743, 21.988450633989657], [89.08565936758578, 21.988628885015146], [89.08563595733375, 21.988806918404578], [89.08561051731158, 21.988984733258803], [89.08559818310982, 21.989064481540765], [89.08558414199473, 21.98916244828854], [89.08557237076843, 21.989238435605444], [89.08555776577828, 21.989340162418728], [89.08554656022574, 21.98941239056944], [89.08553138956205, 21.989517877448236], [89.08552074968304, 21.989586345533496], [89.08550501154707, 21.989695591578425], [89.08549494093893, 21.98976030139687], [89.08547863263294, 21.989873305708556], [89.08546913219482, 21.989934256360925], [89.08545225281938, 21.990051019838745], [89.0854433252494, 21.9901082122243], [89.0854258721065, 21.990228733968934], [89.08541751830387, 21.990282167188354], [89.08539949049424, 21.990406448099066], [89.08539171225783, 21.990456123051786], [89.0853731079826, 21.990584162229425], [89.08536590801043, 21.990630079814366], [89.08534672547114, 21.990761875460237], [89.08534010376297, 21.99080403567774], [89.08532034116092, 21.99093958959037], [89.08531430041472, 21.99097799244055], [89.0852939559515, 21.99111730282135], [89.08528849886517, 21.991151948303923], [89.08526756984259, 21.991295016052334], [89.08526269731567, 21.991325905066503], [89.08524118373379, 21.991472730182522], [89.08523689666549, 21.99149986182931], [89.08521479582629, 21.991650443413278], [89.08521109691475, 21.991673819491268], [89.08518840701942, 21.99182815664409], [89.08518529806315, 21.99184777625385], [89.08516201821271, 21.992005869875072], [89.08515950011093, 21.992021733915976], [89.08513562760731, 21.99218358220668], [89.08513370305809, 21.992195690678614], [89.08510923700186, 21.99236129543749], [89.0850809839003, 21.992538808119548], [89.08507106527759, 21.99259694479332], [89.08505206979737, 21.992716249755176], [89.08504228967013, 21.992773558153374], [89.08502315569427, 21.992893692290124], [89.08501351496182, 21.99295017151337], [89.08499424159118, 21.993071133925753], [89.0849847393543, 21.99312678397405], [89.0849653265887, 21.993248575561324], [89.08495596464616, 21.993303397334046], [89.08493641248555, 21.993426017197123], [89.0849271890387, 21.9934800106941], [89.08490749838245, 21.99360345883258], [89.08489841433055, 21.993656624053926], [89.08487858427935, 21.993780900468153], [89.08486963872303, 21.99383323741415], [89.08484967017625, 21.99395834210395], [89.08484086401472, 21.994009850773978], [89.08482075517378, 21.99413578463873], [89.08481208930664, 21.994186464134202], [89.08479184107063, 21.994313226274528], [89.08478331459833, 21.99436307749403], [89.08476292606832, 21.994490667910156], [89.08475453899098, 21.994539689954877], [89.08473401196522, 21.994668109545728], [89.08472576428267, 21.994716303314874], [89.08470509696275, 21.994845551181356], [89.08469698957458, 21.994892916674928], [89.08467618285965, 21.995022992816985], [89.08466821486627, 21.995069530034755], [89.08464726785718, 21.995200434452556], [89.08463944015813, 21.99524614339498], [89.08461835375402, 21.995377876088185], [89.08461066544999, 21.995422756754806], [89.08458943875172, 21.995555318623133], [89.08458189074167, 21.99559937011503], [89.08456052374925, 21.99573276025876], [89.08455311603359, 21.995775983474857], [89.08453160874694, 21.99591020189439], [89.08452434132545, 21.99595259683491], [89.08450269464367, 21.99608764352996], [89.08449556661714, 21.99612921019491], [89.08447377964137, 21.99626508516559], [89.084466791909, 21.996305823554962], [89.0844448646389, 21.99644252680116], [89.08443801810006, 21.99648243691496], [89.08441594963642, 21.99661996843696], [89.08440924339197, 21.996659050275014], [89.08438703463412, 21.99679741007259], [89.08438046868383, 21.99683566363501], [89.08435811963159, 21.99697485170816], [89.0843516948749, 21.997012276995065], [89.08432920462911, 21.997152293343788], [89.08432292016676, 21.997188890355062], [89.08430028962681, 21.997329734979417], [89.08429414545861, 21.997365503715116], [89.08427137462434, 21.997507176614988], [89.08426537164968, 21.997542117075113], [89.08424245962186, 21.997684619149993], [89.0842365969416, 21.997718730435167], [89.08421354372018, 21.997862060785565], [89.08420782313266, 21.99789534469454], [89.08418462871771, 21.998039502421193], [89.08417904842452, 21.998071958054595], [89.0841557137154, 21.99821694405682], [89.08415027461558, 21.998248571414592], [89.08412679871293, 21.998394385692393], [89.08412150080682, 21.998425184774646], [89.08409788281108, 21.99857182732802], [89.0840927260985, 21.998601798134644], [89.08406896780878, 21.99874926896365], [89.08406395228974, 21.998778411494527], [89.08404005190692, 21.99892671059922], [89.0840351784808, 21.998955024854695], [89.08401113690462, 21.99910415223502], [89.08400640467187, 21.99913163821458], [89.08398222100277, 21.99928159387065], [89.08397762996373, 21.999308251574575], [89.08395330600047, 21.99945903550622], [89.08394885615479, 21.99948486583395], [89.08392439009862, 21.99963647714185], [89.08392008234608, 21.999661479194003], [89.08389547509614, 21.99981391877742], [89.08389130853715, 21.999838092554], [89.08386655919446, 21.99999136041305], [89.08383600292939, 22.000168625781498], [89.08380354729599, 22.000345687003858], [89.08376919319386, 22.00052254408024], [89.08373294062278, 22.000699197010363], [89.0836947886836, 22.00087564579451], [89.08365473827558, 22.00105189133177], [89.08363308979546, 22.001142738146996], [89.083613700412, 22.001228029849756], [89.08359231903034, 22.0013177345258], [89.08357266254842, 22.00140416926712], [89.08355154826546, 22.001492730905], [89.08353162468484, 22.001580307785105], [89.08351077839978, 22.001667727283973], [89.0834905868212, 22.00175644630292], [89.08347000763484, 22.001842723662946], [89.08344954895762, 22.001932585720283], [89.08342923686996, 22.00201772004175], [89.08340851109404, 22.002108724238326], [89.08338846700428, 22.00219271642078], [89.08336747233108, 22.00228486365569], [89.08334769713855, 22.002367712799753], [89.0833264344675, 22.002461002173675], [89.08330692637367, 22.002542709178726], [89.08328539570448, 22.00263714069166], [89.08326615650793, 22.002717706457076], [89.0832443578409, 22.002813280108853], [89.08322538664243, 22.00289270283605], [89.08320331907811, 22.00298941862684], [89.08318461677675, 22.00306769921508], [89.08316228031515, 22.003165557144825], [89.08314384691118, 22.003242695594054], [89.08312124245157, 22.003341696562188], [89.08310307704551, 22.003417692872404], [89.08308020368861, 22.003517835080174], [89.08306230717977, 22.003592689251207], [89.08303916492565, 22.00369397359816], [89.08302153731427, 22.00376768563018], [89.08300782701627, 22.003827670290264], [89.08299812616264, 22.003870113015353], [89.08298076834791, 22.003942682908587], [89.08295708739968, 22.00404625153334], [89.08293999848223, 22.00411767928756], [89.08291604863689, 22.004222390051325], [89.08289922861667, 22.00429267656591], [89.08287500897455, 22.00439852856931], [89.08285845965037, 22.004467672944884], [89.0828339702116, 22.004574667986674], [89.08281769068401, 22.004642670223063], [89.08279293054943, 22.00475080650449], [89.08277692081833, 22.004817666602037], [89.08275189178647, 22.004926945022532], [89.08273615185198, 22.004992663880444], [89.08271085212431, 22.00510308354052], [89.08269538288562, 22.005167660259417], [89.08266981336135, 22.00527922295788], [89.08265461391949, 22.005342657537767], [89.08262877369901, 22.005455361475867], [89.08261384495313, 22.00551765391674], [89.08258773403685, 22.005631499993854], [89.08257307598683, 22.00569265119492], [89.08254669437451, 22.00580763851184], [89.08253230702047, 22.00586764847327], [89.08250898849911, 22.005969252079353], [89.0824866115679, 22.0060408426109], [89.08246486955812, 22.00611285222641], [89.08243404259719, 22.006211522243973], [89.08242150471006, 22.006253066858505], [89.08241300565578, 22.006281228695798], [89.08238147362619, 22.00638220277648], [89.08236114085406, 22.006449605165187], [89.08232890555468, 22.00655288240972], [89.0823092760524, 22.0066179807352], [89.08227633748317, 22.006723562042794], [89.08225741125068, 22.00678635720459], [89.08222376941148, 22.0068942425753], [89.08220554644896, 22.00695473367415], [89.08217120223935, 22.007064922208542], [89.08215368074792, 22.007123109244162], [89.08210126825901, 22.007291347217972], [89.08204722709792, 22.007459175100905], [89.08199155726459, 22.007626592893075], [89.08193425965845, 22.007793599694878], [89.08187533248065, 22.00796019640609], [89.08186378878293, 22.007991877723043], [89.08181610672796, 22.008126717573987], [89.08180403332949, 22.00815985938999], [89.08175688007611, 22.008293238742], [89.08174427877549, 22.008327841956373], [89.0816976534241, 22.008459759910068], [89.08168452422149, 22.008495824522868], [89.08163842677209, 22.008626281078136], [89.08162476966748, 22.00866380708902], [89.08157920012002, 22.008792802246205], [89.08156501511343, 22.00883179055478], [89.08151997346818, 22.008959323414047], [89.08150526055942, 22.008999773121104], [89.08146074681616, 22.009125844582115], [89.0814455069048, 22.00916775568743], [89.08140151926477, 22.009292365750184], [89.08138575235057, 22.00933573825381], [89.08134229261276, 22.009458886918196], [89.08132599869595, 22.00950372171951], [89.08130694702533, 22.009557719677616], [89.08128306506154, 22.009625408086265], [89.08126624504132, 22.009671704285836], [89.08122383751015, 22.009791928354957], [89.08120649138664, 22.009839687751423], [89.08116460995893, 22.009958449522856], [89.08114673773184, 22.01000767031792], [89.08110538150834, 22.010124970690867], [89.08108698497654, 22.01017565378345], [89.08104615395695, 22.01029149095956], [89.08102723132174, 22.01034363724915], [89.08098692640573, 22.01045801212763], [89.08096747856644, 22.01051161981553], [89.08092769795496, 22.01062453239632], [89.08090772491164, 22.010679603281233], [89.08086846950437, 22.01079105356439], [89.08084797215633, 22.010847586746763], [89.08080924105377, 22.010957573833082], [89.08078821940092, 22.011015570212464], [89.08075001260318, 22.011124095001094], [89.08072846664561, 22.011183553678222], [89.08066925258407, 22.011351788954073], [89.08061153409506, 22.011520721204477], [89.08055531027941, 22.011690352228015], [89.08050058293566, 22.011860680226278], [89.08044735026516, 22.012031706997675], [89.08039561316713, 22.012203430743853], [89.08034537164173, 22.01237585326311], [89.08029662568885, 22.01254897365635], [89.08024937530854, 22.012722791024146], [89.08020361960138, 22.012897307165076], [89.08015936036617, 22.013072521179936], [89.08011659580433, 22.01324843216952], [89.07974648521218, 22.014832310962447], [89.0797111463524, 22.014895994654523], [89.07964270524678, 22.015016911201542], [89.07962452365297, 22.015049680698326], [89.07955531992224, 22.01517196691293], [89.07953790095354, 22.015203366742128], [89.07946793369825, 22.015327022624092], [89.07945127735456, 22.01535705278593], [89.0793805483737, 22.015482079234687], [89.07936465375582, 22.015510738829562], [89.07929316214972, 22.01563713584528], [89.07927803105639, 22.015664424873364], [89.07920577682518, 22.015792191556443], [89.07919140745759, 22.015818110917166], [89.07911839150057, 22.015947248167038], [89.07910478385884, 22.01597179696097], [89.0790310061762, 22.016102304777633], [89.07901816026003, 22.01612548300477], [89.07894362085142, 22.01625736138817], [89.07893153666123, 22.016279169048573], [89.07885623552704, 22.01641241709956], [89.0788449121631, 22.016432854193], [89.07876885110164, 22.016567473709983], [89.0787582885643, 22.0165865402368], [89.0786814657771, 22.016722531219898], [89.07867166496555, 22.016740225381227], [89.07859408045249, 22.016877587830493], [89.07858504046737, 22.01689391142503], [89.07850669602732, 22.01703264444103], [89.07849841596925, 22.017047596569455], [89.07841931160209, 22.017187701051625], [89.07841179237045, 22.017201282613087], [89.07833192627749, 22.01734275766222], [89.07832516787232, 22.017354967757683], [89.07824454185231, 22.017497815172135], [89.07823854337414, 22.017508653801315], [89.07815715742692, 22.01765287178273], [89.07815191887602, 22.017662338945968], [89.07806977300169, 22.017807929292644], [89.07806529347863, 22.017816024090394], [89.07798238857652, 22.01796298590324], [89.0779786689805, 22.01796970923482], [89.07789500415129, 22.018118043412983], [89.07789204448233, 22.01812339527862], [89.07780762062526, 22.018273100023578], [89.077805419085, 22.018277080423047], [89.0777202362001, 22.018428157533492], [89.07771879458687, 22.018430765567473], [89.07763285267407, 22.018583215043463], [89.07763216918931, 22.0185844507119], [89.07754554559057, 22.018738135856324], [89.07754546734947, 22.018738271654], [89.07745893188428, 22.01889182639684], [89.07745807303172, 22.018893321969358], [89.07737231817805, 22.019045516937126], [89.07737067871403, 22.019048372284715], [89.07728570447176, 22.019199207477584], [89.07728328439612, 22.0192034225999], [89.07719909076553, 22.01935289801787], [89.07719589007837, 22.0193584729152], [89.07711247615993, 22.01950658855833], [89.07710849576063, 22.019513523230557], [89.07702586245364, 22.019660278199467], [89.0769380031864, 22.01981339317365], [89.0768488399022, 22.019965905602135], [89.07675837260098, 22.020117815484866], [89.07666660038342, 22.020269121922468], [89.0766577672423, 22.0202834247404], [89.0765816863958, 22.020389315414604], [89.07654225202339, 22.020443338589303], [89.07647714020788, 22.020526882010017], [89.07636535627626, 22.020667898404838], [89.07625238164218, 22.020808032564787], [89.07623913822584, 22.020824185288006], [89.07613925232471, 22.02094805251062], [89.07612770143237, 22.020962138591926], [89.07602612300724, 22.021088072456678], [89.07601626463907, 22.021100090996413], [89.07591299368977, 22.02122809240251], [89.07590482874497, 22.021238044300333], [89.0757998643723, 22.021368111449192], [89.07579339285087, 22.021375997604196], [89.07568673415562, 22.02150813139525], [89.07568195695688, 22.021513950908286], [89.07557360393878, 22.021648150441933], [89.07557052196216, 22.02165190421198], [89.07546047372193, 22.02178816948856], [89.07545908696744, 22.021789858415275], [89.07534764837538, 22.021927809920612], [89.07534734620322, 22.021928190333824], [89.07523619809223, 22.02206574973468], [89.07523423217413, 22.022068221970926], [89.07512474690958, 22.02220368954869], [89.07512111904447, 22.022208253608085], [89.07501329662642, 22.022341629362757], [89.07500800411617, 22.02234828434598], [89.07490184544395, 22.0224795700762], [89.07489489008725, 22.022488315083763], [89.07479039606, 22.022617510789644], [89.07478177515884, 22.022628345821545], [89.07467894577684, 22.02275545150286], [89.07466866023054, 22.02276837655944], [89.07456749639289, 22.02289339311568], [89.0745555453023, 22.022908406397846], [89.07445604700894, 22.0230313347285], [89.07444242947463, 22.0230484371358], [89.07434459762521, 22.023169276341093], [89.07432931364701, 22.023188466974204], [89.07423314914064, 22.023307217953914], [89.0742161978194, 22.023328495913404], [89.07412170065606, 22.023445159566506], [89.07410308199172, 22.02346852575198], [89.07401025217149, 22.023583102078533], [89.07398996526473, 22.02360855469118], [89.07389880368692, 22.023721044590673], [89.0738768485379, 22.023748584529528], [89.07378735610166, 22.0238589871027], [89.07376373091154, 22.02388861256958], [89.07367590851646, 22.023996930514045], [89.07365061328534, 22.024028641508778], [89.07356446093127, 22.024134873026014], [89.07353749565897, 22.02416867044775], [89.07345301424527, 22.02427281643736], [89.07342437803277, 22.0243086984878], [89.07334156755945, 22.024410759848763], [89.0733112604064, 22.024448726527623], [89.07323012087357, 22.024548704159486], [89.07319814188082, 22.024588754567446], [89.07311867418758, 22.02468664757083], [89.07308502335525, 22.02472878260727], [89.07300722840091, 22.024824591881554], [89.0729719039303, 22.024868809747886], [89.07289578261447, 22.024962536192106], [89.07285878450534, 22.02500883688839], [89.07278433682785, 22.025100481402205], [89.07274566508045, 22.025148864029006], [89.07267289104118, 22.025238425712757], [89.0726325456555, 22.025288891169453], [89.07256144615388, 22.025376370922856], [89.07251942533134, 22.025428918309956], [89.0724058598426, 22.025568614500003], [89.07229112973204, 22.025707449139645], [89.0721752358985, 22.025845421329223], [89.07213569720477, 22.02589173371672], [89.07205894456479, 22.025983099440623], [89.07201999402758, 22.02602872024943], [89.07194265413023, 22.026120777552023], [89.0719042908504, 22.02616570588276], [89.07182636279651, 22.026258456562573], [89.07178858857259, 22.026302691516094], [89.0717100714628, 22.026396134673973], [89.0716728853954, 22.026439678048746], [89.07159378012892, 22.026533812785203], [89.07155718311765, 22.02657666368208], [89.07147748879521, 22.026671490896604], [89.07144147994046, 22.02671365021496], [89.07136119746127, 22.026809169008004], [89.07132577676327, 22.02685063584829], [89.07124490612756, 22.026946847119405], [89.07121007448546, 22.026987622381], [89.07112861479385, 22.02708452433143], [89.07109437130828, 22.027124608014333], [89.07101232346014, 22.02722220244266], [89.07097866903052, 22.027261594546985], [89.07089603212626, 22.02735988055406], [89.07086296675271, 22.027398581079694], [89.07077974079255, 22.02749755866546], [89.07074726357553, 22.027535566713198], [89.07066344855946, 22.02763523677686], [89.07063156129755, 22.027672553245907], [89.07054715722552, 22.02777291488809], [89.07051585812053, 22.027809539778616], [89.07043086589181, 22.02791059299949], [89.07040015584255, 22.02794652541195], [89.0703145745581, 22.028048270211514], [89.07028445356474, 22.0280835119446], [89.07019828232501, 22.028185948322914], [89.07016875128699, 22.02822049847731], [89.07008199099113, 22.028323626434315], [89.0700530481098, 22.02835748501002], [89.06996569965742, 22.028461304545544], [89.06993734583199, 22.028494470643352], [89.06984940742433, 22.02859898175757], [89.06982164355418, 22.028631457176004], [89.06973311609062, 22.02873665986897], [89.06970594127637, 22.028768443708714], [89.06961682475668, 22.02887433798037], [89.06959023899839, 22.028905430241593], [89.06950053252359, 22.029012015192393], [89.06947453672058, 22.029042416774303], [89.06938424118988, 22.029149693303793], [89.06935883354345, 22.029179403306784], [89.06926794895679, 22.029287370515874], [89.06924313126564, 22.029316389839494], [89.06915165762308, 22.029425048627274], [89.06912742898783, 22.029453376372373], [89.06903536539, 22.029562726738448], [89.06901172671002, 22.029590362905083], [89.06891907315674, 22.029700403950528], [89.06889602443204, 22.029727349437792], [89.06880278182302, 22.02983808206193], [89.06878032215423, 22.029864335970444], [89.06868648958994, 22.029975759273952], [89.06866461987642, 22.030001322503153], [89.06857019735685, 22.030113437385353], [89.06854891849798, 22.030138309035863], [89.06845390602314, 22.030251114597377], [89.06843321622, 22.030275295568572], [89.06833761378988, 22.0303887918094], [89.06831751394219, 22.030412282101224], [89.06822132155679, 22.0305264699208], [89.06820181166438, 22.030549268633933], [89.0681050293237, 22.030664147132825], [89.06808610938663, 22.03068625606602], [89.06798873798999, 22.030801825244225], [89.06797040710865, 22.03082324259867], [89.0678724457569, 22.03093950245625], [89.06785470573021, 22.03096022913138], [89.06775615352382, 22.031077179668102], [89.0677390034524, 22.03109721566409], [89.06763986129073, 22.031214857779503], [89.06762330117459, 22.031234203096176], [89.06752356905764, 22.031352534991527], [89.06750759889661, 22.03137118962883], [89.06750357648787, 22.031375961833533], [89.06740727682455, 22.03149021220355], [89.06739189751818, 22.031508176161537], [89.06729098459147, 22.03162788941563], [89.06727619524037, 22.031645163593453], [89.06717469235815, 22.03176556752703], [89.06716049296256, 22.031782150126105], [89.06705840012506, 22.031903244739055], [89.06704479158395, 22.031919136658985], [89.06694210789198, 22.03204092195108], [89.06692908930614, 22.0320561240909], [89.06682581565889, 22.032178599163103], [89.06681338792771, 22.032193110623552], [89.0667095234258, 22.032316276375127], [89.06669768564973, 22.03233009805564], [89.06659323119271, 22.03245395358715], [89.0665819842713, 22.032467084588347], [89.0664769380603, 22.03259163169855], [89.06646628199348, 22.032604072020376], [89.06636064582722, 22.032729308910575], [89.06635058061488, 22.032741058553086], [89.06624435359413, 22.0328669861226], [89.06623487833707, 22.03287804598517], [89.06612806136104, 22.03300466333468], [89.06611917695864, 22.03301503251788], [89.06601176822858, 22.033142340546704], [89.06600347558003, 22.03315201994991], [89.06589547599549, 22.033280017758727], [89.06588777330222, 22.033289007381825], [89.0657791837624, 22.03341769497075], [89.06577207192362, 22.033425993914477], [89.06566289062994, 22.033555372182775], [89.06565637054518, 22.033562981346563], [89.06554659839685, 22.0336930493948], [89.06554066826737, 22.03369996877865], [89.06543030616376, 22.033830726606823], [89.06542496688877, 22.0338369553113], [89.06531401303147, 22.033968403818847], [89.06530926551034, 22.033973942743387], [89.06519772079821, 22.03410608013155], [89.06519356413173, 22.034110930175473], [89.06508142766592, 22.034243757343575], [89.06507786185392, 22.03424791760733], [89.06496513543283, 22.0343814345556], [89.06496216047549, 22.03438490414004], [89.06484884230036, 22.034519111767622], [89.06484645909688, 22.034521891572126], [89.06473255006728, 22.034656788979646], [89.06473075771845, 22.034658879004155], [89.06461625693481, 22.03479446619167], [89.06461505633985, 22.03479586643624], [89.06449996470172, 22.034932142504545], [89.06449935496141, 22.0349328538681], [89.06438367156932, 22.03506981971657], [89.06438365358281, 22.035069841300185], [89.06426794680834, 22.03520682423556], [89.06426738383288, 22.0352075005257], [89.0641522409332, 22.035343806271783], [89.06415109609628, 22.03534518133523], [89.0640365341589, 22.035480789207156], [89.06403480925923, 22.03548286304374], [89.06392082828364, 22.035617772142587], [89.06391852152262, 22.0356205438531], [89.06380512240855, 22.03575475507796], [89.06380223378619, 22.035758224662402], [89.06368941563409, 22.035891738013333], [89.06368594694897, 22.03589590547176], [89.06357370975894, 22.036028720049558], [89.06356965921259, 22.036033586281064], [89.06345800388385, 22.03616570298493], [89.06345337147599, 22.036171267090424], [89.06334229710939, 22.03630268592036], [89.06333708373955, 22.036308947899727], [89.0632265912343, 22.036439668855735], [89.06322079600312, 22.036446628709086], [89.06311088535915, 22.036576651791165], [89.06310450826652, 22.03658430951839], [89.06299517948406, 22.03671363472654], [89.06298822053014, 22.03672199032775], [89.06287947360897, 22.036850617661912], [89.06287193279354, 22.03685967113705], [89.06276376773388, 22.036987600597342], [89.0626489530868, 22.037125440586692], [89.0625350944191, 22.03726419788461], [89.06242218993225, 22.0374038724907], [89.06231024142454, 22.037544464405528], [89.06219924709757, 22.037685973628925], [89.0620892078507, 22.037828400160606], [89.06198012368395, 22.037971744000913], [89.06187199459691, 22.038116005149504], [89.06176482059004, 22.03826118450604], [89.06165860166323, 22.03840728027194], [89.06155333781635, 22.03855429334601], [89.06151337374337, 22.03861097131943], [89.06144844269159, 22.038701661652397], [89.06140896964843, 22.038757645349165], [89.06134354756682, 22.038849029958897], [89.06130456555343, 22.0389043193789], [89.0612386533412, 22.038996398265283], [89.0612001623577, 22.039050994307956], [89.06113375821644, 22.039143766571613], [89.0610957582627, 22.039197668337863], [89.06102886309168, 22.039291133978793], [89.06099135416775, 22.0393443423676], [89.06092396886612, 22.039438502285122], [89.06088695097213, 22.03949101729671], [89.06081907374136, 22.03958587059151], [89.06078254687714, 22.03963769132639], [89.06071417861659, 22.03973323889784], [89.0606781427822, 22.039784365356297], [89.06060928439103, 22.039880607204395], [89.0605737386872, 22.03993104028541], [89.06050438926627, 22.04002797551078], [89.06046933549163, 22.040077714315146], [89.0603994941415, 22.04017534381711], [89.06036493139663, 22.040224388344825], [89.06029459991595, 22.040322712123498], [89.0602605273017, 22.040371063274108], [89.06018970479118, 22.040470080429998], [89.0601561232067, 22.040517737303844], [89.06008481056557, 22.040617448736384], [89.06005171911158, 22.04066441133358], [89.0599799154408, 22.040764817042714], [89.05994731501676, 22.04081108536343], [89.05987502121542, 22.0409121853491], [89.05984291092165, 22.040957759393166], [89.05977012609048, 22.0410595536556], [89.05973850682682, 22.04110443432228], [89.0596652318651, 22.041206921961987], [89.0596341027317, 22.041251108352014], [89.05959267389409, 22.041309057913566], [89.05956033674033, 22.041354290268316], [89.05952969863688, 22.041397782381864], [89.05945544251477, 22.041501658574873], [89.05942529454177, 22.0415444564116], [89.05935054828916, 22.041649026881203], [89.05932089044677, 22.041691130441507], [89.0592456531644, 22.04179639518759], [89.05921648635183, 22.04183780537045], [89.05914075893901, 22.04194376349392], [89.05911208225683, 22.0419844794003], [89.05903586471345, 22.042091131800476], [89.05900767816189, 22.042131153430034], [89.05893096958869, 22.04223850100601], [89.05890327406689, 22.04227782745994], [89.05884397816715, 22.04236081330089], [89.05880991454609, 22.042430138440295], [89.05877356844553, 22.04250285222497], [89.0587308740308, 22.0425897564121], [89.05869378598953, 22.042663964870144], [89.05865183261614, 22.042749375283506], [89.05861400353353, 22.042825077515374], [89.05857279120147, 22.04290899325548], [89.05853422197686, 22.042986191059924], [89.05849375068618, 22.043068611227454], [89.05845443952086, 22.04314730370527], [89.05841470927152, 22.043228229199485], [89.05837465796418, 22.04330841724982], [89.05833566785685, 22.043387848070836], [89.05829487640756, 22.043469529894992], [89.05825662554287, 22.04354746604281], [89.05821509485088, 22.043630643439542], [89.05817758412837, 22.04370708401484], [89.05813531329426, 22.043791756984092], [89.05809854271371, 22.043866701986815], [89.05805553173758, 22.043952869629265], [89.05801950039967, 22.044026319958846], [89.05797575018079, 22.044113983173816], [89.057940458985, 22.044185937031443], [89.05789596952349, 22.044275096718366], [89.05786141667119, 22.044345555003417], [89.05781618796681, 22.044436210262916], [89.05778237435715, 22.044505172975448], [89.05776896520973, 22.04453205449522], [89.05773640730939, 22.044597323807636], [89.05770333204327, 22.044664790947422], [89.05765662575271, 22.044758437352186], [89.05762428972929, 22.044824408020077], [89.05757684509547, 22.044919550896736], [89.05754524741542, 22.04498402599205], [89.05749706443817, 22.045080664441286], [89.05746620510138, 22.045143643064705], [89.0574172837807, 22.045241777985837], [89.05738716278734, 22.04530326103685], [89.05733750312345, 22.045402891530387], [89.05730811957415, 22.045462878109504], [89.05725772246598, 22.045564005074937], [89.05722907726027, 22.045622496081478], [89.05717794270805, 22.045725119518693], [89.05715003404691, 22.045782113154075], [89.05709816205058, 22.045886233063243], [89.05707099083367, 22.04594173022673], [89.05701838229248, 22.046047346607793], [89.05699194762047, 22.046101348198704], [89.05693860163524, 22.04620846105172], [89.05691290440706, 22.046260965271358], [89.05685882187731, 22.04636957459627], [89.05683386119387, 22.046420582344126], [89.05677904211922, 22.046530689040196], [89.05675481798062, 22.04658019941678], [89.05669926236112, 22.046691802584746], [89.0566757747672, 22.046739816489378], [89.05661948260303, 22.046852917028673], [89.05659673155401, 22.046899433562032], [89.05653970284516, 22.047014031472372], [89.05651768744144, 22.047059050634857], [89.05645992308706, 22.047175145016922], [89.05643864332882, 22.047218666808078], [89.05638014422834, 22.04733625946085], [89.05635960011563, 22.047378283880732], [89.0563323956236, 22.04743297794971], [89.05627801451885, 22.047486641395494], [89.0561433428411, 22.04762139581095], [89.0560099383082, 22.04775675816802], [89.05587780002048, 22.047892729366026], [89.05574692797842, 22.048029308505875], [89.0556173230811, 22.048166496486658], [89.0554889853284, 22.048304292409227], [89.05536191382134, 22.048442696273412], [89.05523610855965, 22.04858170897876], [89.05511157134214, 22.04872132962572], [89.0549882994705, 22.04886155821447], [89.0548662956432, 22.04900239564421], [89.05474555716177, 22.049143841015507], [89.05462608582525, 22.049285895228024], [89.05450788163358, 22.0494285573821], [89.05439094458654, 22.049571827477962], [89.05427527288566, 22.049715706414815], [89.05416086922884, 22.049860193293455], [89.05404773181755, 22.050005289012915], [89.05402075485415, 22.050040424625877], [89.05393491186686, 22.05015053671798], [89.05390947724072, 22.050183672238802], [89.0538220928155, 22.05029578532242], [89.05379820052667, 22.050326918952294], [89.05370927376396, 22.05044103392663], [89.05368692291319, 22.050470166564992], [89.05359645471265, 22.050586281631695], [89.05357564529993, 22.050613413278484], [89.05348363656066, 22.050731530235964], [89.05346436678713, 22.050756659092656], [89.05337081840867, 22.050876778840404], [89.05335308917387, 22.050899905805977], [89.0532580002565, 22.05102202834405], [89.05324181066106, 22.05104315162032], [89.05318774173787, 22.051112607126356], [89.05314518300395, 22.051167276948263], [89.05313053214849, 22.051186397434265], [89.05303236575116, 22.05131252645208], [89.05301925363568, 22.051329643248607], [89.05291954849855, 22.05145777505635], [89.05290797422367, 22.051472888163346], [89.05280673124577, 22.051603024559938], [89.05279669571104, 22.05161613307814], [89.05269391489236, 22.051748274063755], [89.05268541629903, 22.051759377992937], [89.0525810985389, 22.0518935235674], [89.05257413688702, 22.051902622907846], [89.05246828308486, 22.052038773970366], [89.05246285657569, 22.052045866923265], [89.05235546763083, 22.052184023474013], [89.05235157716368, 22.052189110938855], [89.05224027616788, 22.052332330672698], [89.0521280515685, 22.052474446938334], [89.05201490066725, 22.052615459735648], [89.05190082526298, 22.052755369065096], [89.05178582445643, 22.05289417402696], [89.05166989824733, 22.05303187552073], [89.05155304753515, 22.053168474445613], [89.05143527142076, 22.053303969003025], [89.05131656990386, 22.0534383600924], [89.05119694388401, 22.05357164771351], [89.05107639246165, 22.05370383096721], [89.05095491563696, 22.053834911652018], [89.05083251430915, 22.053964887969357], [89.050709187579, 22.05409376171781], [89.05058493544652, 22.054221531098847], [89.05045975881086, 22.05434819701179], [89.05033365587371, 22.054473759456528], [89.05020662933259, 22.05459821843317], [89.05007867648976, 22.054721573042343], [89.04994979914403, 22.054843825082457], [89.04981999639591, 22.05496497275533], [89.04975875526247, 22.05502121006083], [89.04968976467097, 22.055085608714023], [89.04965090316671, 22.055121298309302], [89.04963496448221, 22.05515486730343], [89.04959267116493, 22.055245776171773], [89.04955439152201, 22.055326336541384], [89.04950956751259, 22.05542263234878], [89.04947382036067, 22.055497805779282], [89.04942646206172, 22.055599485827656], [89.04939325099775, 22.055669275916387], [89.04934335571147, 22.055776339306703], [89.04931268343358, 22.055840745154285], [89.04926024846185, 22.055953190987054], [89.04923211766817, 22.056012215291616], [89.04917713941353, 22.056130040868823], [89.04915155370128, 22.056183684529515], [89.04909403036532, 22.056306889851214], [89.04907099153314, 22.056355153767413], [89.04901091861905, 22.05648373793423], [89.04899043116359, 22.056526623904745], [89.04892780687294, 22.056660583319285], [89.04890987349194, 22.056698093142643], [89.04884469332808, 22.05683742780502], [89.04882931671966, 22.056869563279747], [89.0487615788839, 22.05701427139155], [89.04874876264529, 22.057041032517702], [89.04867846264108, 22.05719111228018], [89.04866821036973, 22.057212502654977], [89.04859534549894, 22.057367952269203], [89.04858765989269, 22.057383971892875], [89.04851222655805, 22.057544790459872], [89.04842797087423, 22.057720272472636], [89.04834246783082, 22.057894267006986], [89.04755134052209, 22.059467491531677], [89.04747025135117, 22.059632782427116], [89.04739099050187, 22.059798477118136], [89.04731355617571, 22.05996457740349], [89.04723794927207, 22.060131082383634], [89.0471641688913, 22.06029799205885], [89.04687518524167, 22.060969979880667], [89.04680582412965, 22.061135909294876], [89.04678859042116, 22.06117834740286], [89.0467370089059, 22.06130199519106], [89.04672465042239, 22.061332495698252], [89.04666820357488, 22.061468083785144], [89.04660087942716, 22.061634597758598], [89.0465353377358, 22.06180162344623], [89.04647157939996, 22.061969161747527], [89.04640960441981, 22.062137212662208], [89.04634941279534, 22.06230577529135], [89.04629100452632, 22.06247484963467], [89.04623437961305, 22.062644436591597], [89.04617953715609, 22.06281453616208], [89.04612647895397, 22.062985147446682], [89.04607520410758, 22.063156271345008], [89.04602571171728, 22.063327906957397], [89.0459915419761, 22.06345120221124], [89.04597749546514, 22.063499909493316], [89.04594318542979, 22.063623696676302], [89.045929279213, 22.063671912029292], [89.04589482888326, 22.063796190242044], [89.04588106296086, 22.06384391456504], [89.04584647233696, 22.063968684707163], [89.04583284670849, 22.06401591620164], [89.04579811579049, 22.064141178272735], [89.04578463045635, 22.06418791873756], [89.04574975924413, 22.064313672737853], [89.04573641510359, 22.064359921273535], [89.04570140269766, 22.064486166303595], [89.04568819885145, 22.064531923809284], [89.0456530461513, 22.064658660768714], [89.04563998259931, 22.06470392634526], [89.04560468960483, 22.064831154334456], [89.045591766347, 22.064875927981802], [89.0455563330583, 22.065003648799404], [89.0455435500948, 22.065047930517608], [89.045507976512, 22.065176142365146], [89.04549533474204, 22.065219933053527], [89.04545961996547, 22.065348636830265], [89.0454471184899, 22.065391935589503], [89.04541126341917, 22.065521130396007], [89.0453989022376, 22.065563938125422], [89.0453629068727, 22.0656936248609], [89.04535068598545, 22.065735940661227], [89.04531455032634, 22.06586611842664], [89.04530247063263, 22.06590794229777], [89.04526619377987, 22.066038611992383], [89.0452542543805, 22.066079944833746], [89.04521783633413, 22.0662111064575], [89.04520603812836, 22.066251947369665], [89.04516947978783, 22.066383600023244], [89.04515782277542, 22.06642394990547], [89.04512112324136, 22.066556094488362], [89.04510960652328, 22.06659595244139], [89.045072766695, 22.066728588053934], [89.04506139027114, 22.066767954977138], [89.04502441014853, 22.066901082519053], [89.04501317491815, 22.066939956613737], [89.0449760527028, 22.067073576084795], [89.04496495866601, 22.067111959149713], [89.04492769615632, 22.067246070549743], [89.04491674331325, 22.067283961685632], [89.04487933961002, 22.067418564115485], [89.04486852706094, 22.06745596422138], [89.04483098216429, 22.067591057681227], [89.04482031080875, 22.067627966757357], [89.04478262561781, 22.06776355214629], [89.04477209545598, 22.067799969293276], [89.04473426907128, 22.06793604571203], [89.04472387920384, 22.06797197182908], [89.0446859116256, 22.06810854017698], [89.04467566385091, 22.068143973465624], [89.04463755507913, 22.06828103374272], [89.04462744759877, 22.0683159760016], [89.04458919853278, 22.06845352820784], [89.04457923224595, 22.06848797853735], [89.0445408410871, 22.068626021773582], [89.04453101599364, 22.068659981073324], [89.0444831477792, 22.06883208343396], [89.04443705572561, 22.069004695710248], [89.04439273893382, 22.069177817902016], [89.04435019830305, 22.069351450908812], [89.0443094338334, 22.06952559293194], [89.04427044552477, 22.069700245769752], [89.04423323247778, 22.069875408523387], [89.04419779649118, 22.07005108209188], [89.04416413576627, 22.070227264676646], [89.04413225030311, 22.070403958076326], [89.04410214190045, 22.0705811613916], [89.04407380875944, 22.070758874622413], [89.04404725177938, 22.070937097768876], [89.04402247096039, 22.07111583083099], [89.04399946630247, 22.07129507470796], [89.04397823690624, 22.07147482850064], [89.04395878457035, 22.0716550922088], [89.04394110749615, 22.071835865832554], [89.04392726872851, 22.0719936365972], [89.04392497545729, 22.07201708372162], [89.04391107733449, 22.072175466024987], [89.04390884431785, 22.072198301610513], [89.04389488594029, 22.072357295452946], [89.04389271317825, 22.07237951949935], [89.0438786945461, 22.072539124880734], [89.04387658113944, 22.072560737388244], [89.04386250315213, 22.072720954308693], [89.04386044999978, 22.072741955277138], [89.04384631265731, 22.07290278373665], [89.04384431886035, 22.072923173165975], [89.04383012126328, 22.07308461316444], [89.04382818682154, 22.073104390155663], [89.04381392986915, 22.0732664425924], [89.04381205568194, 22.073285608044557], [89.04379773847495, 22.073448272020187], [89.04379592454245, 22.073466825933394], [89.04378154708093, 22.073630101448146], [89.04377979250347, 22.07364804382229], [89.04376535568673, 22.073811930875934], [89.04376366136404, 22.073829261711182], [89.04374916429259, 22.073993760303892], [89.04374753022438, 22.07401047960002], [89.04373297379777, 22.07417558973185], [89.04373139818557, 22.074191697488914], [89.04371678240375, 22.074357419159583], [89.04371526704597, 22.074372915377808], [89.04370059100955, 22.07453924858754], [89.04369913590654, 22.074554133266645], [89.0436966987437, 22.074581741554198], [89.04368585022195, 22.074620207356872], [89.04365458619026, 22.074727188009433], [89.04363623552399, 22.0747922512615], [89.04360508750494, 22.074898822722673], [89.04358662082609, 22.074964295166126], [89.04355558971878, 22.07507045653648], [89.04353700522876, 22.075136339070923], [89.04350609193267, 22.075242091249493], [89.0434873905308, 22.07530838297555], [89.04345659414668, 22.075413725063527], [89.04343777583284, 22.075480426880176], [89.04340709636057, 22.07558535977671], [89.04338816023551, 22.07565247078503], [89.0433575985744, 22.075756993590517], [89.04333854553755, 22.075824514689657], [89.0433081007883, 22.07592862740438], [89.04328892994027, 22.075996558594454], [89.0432586030023, 22.076100262117563], [89.04323931524232, 22.07616860249908], [89.04320910521619, 22.07627189593137], [89.04318970054436, 22.076340646403708], [89.04315960743003, 22.07644353064461], [89.04314008494703, 22.07651269030856], [89.04311010964392, 22.076615164458417], [89.04309047024907, 22.076684734213188], [89.04306061185775, 22.0767867991716], [89.04304085465179, 22.076856778117985], [89.04301111407182, 22.076958432985464], [89.04299123995384, 22.077028822022612], [89.04296161628565, 22.077130067698647], [89.04295311393696, 22.07716017741035], [89.04294162435667, 22.07720086592724], [89.04291211849954, 22.077301701512454], [89.04289200965871, 22.077372909832036], [89.04286262071338, 22.077473335326317], [89.04284239406121, 22.07754495373672], [89.04281312292744, 22.0776449700395], [89.04279277936325, 22.077716997641517], [89.04276362514133, 22.077816603853307], [89.04274316376615, 22.077889041546143], [89.04271412735517, 22.07798823856649], [89.04269354906819, 22.07806108545077], [89.04266462956906, 22.078159872380354], [89.04264393347086, 22.078233129355567], [89.04261513178307, 22.078331507093537], [89.0425943187729, 22.078405173260194], [89.0425656348961, 22.078503140907344], [89.04254470317562, 22.078577217164877], [89.04251613711017, 22.078674775620584], [89.04249508757829, 22.078749261069675], [89.04246663932406, 22.07884640943439], [89.04244547288033, 22.0789213049743], [89.0424171415379, 22.079018044147404], [89.04239585728317, 22.0790933488791], [89.04236764375179, 22.079189677961438], [89.04234624258504, 22.079265392783725], [89.0423181459658, 22.07936131267462], [89.04229662698793, 22.079437435789202], [89.04226864817969, 22.079532946488257], [89.0422470113906, 22.07960947969383], [89.0422191512929, 22.07970458120144], [89.04219739669264, 22.079781523598626], [89.04216965350679, 22.079876215015474], [89.04214778109531, 22.079953567503253], [89.0421201557208, 22.080047849728658], [89.04209816549803, 22.08012561140788], [89.04207065793469, 22.08021948354252], [89.04204855080008, 22.080297655312734], [89.04202116014852, 22.080391118255534], [89.04199893520274, 22.08046969921736], [89.04197166326179, 22.08056275206951], [89.04194931960558, 22.080641743121987], [89.04192216547563, 22.080734386782524], [89.04190767200146, 22.080785620260258], [89.0419018309048, 22.080814402163014], [89.04189650691842, 22.08083941320848], [89.04186586162035, 22.08099039768888], [89.04186056011679, 22.08101530351348], [89.04182989233573, 22.081166392315197], [89.04182461241612, 22.08119119471803], [89.0417939230511, 22.081342387840948], [89.04178866471511, 22.081367085922352], [89.0417579537667, 22.081518383366813], [89.04175271791371, 22.08154297712673], [89.04172198538146, 22.08169437799313], [89.04171677021287, 22.08171886833128], [89.04168601609683, 22.081870373519052], [89.04168082251203, 22.0818947595356], [89.04165004681238, 22.08204636814537], [89.04164487571063, 22.08207065073998], [89.04161407752775, 22.082222363671292], [89.0416089280098, 22.082246541944528], [89.04157810824313, 22.082398359196986], [89.04157298030879, 22.08242243314885], [89.04154213985788, 22.082574353823475], [89.04153703350738, 22.082598324353228], [89.04150617057348, 22.082750349349226], [89.04150108580654, 22.082774215557777], [89.04147020128886, 22.082926343975714], [89.0414651381057, 22.08295010586278], [89.04143423200424, 22.08310233950141], [89.0414291913043, 22.0831259970671], [89.04139826271978, 22.08327833502733], [89.04139324360347, 22.08330188827165], [89.04136229433453, 22.083454329653648], [89.04135729590263, 22.083477779476027], [89.04132632504991, 22.083630325179342], [89.041321349101, 22.08365367068035], [89.04129035576528, 22.083806319805888], [89.04128540140022, 22.083829561884897], [89.04125438648089, 22.083982315331752], [89.04124945369938, 22.084005453089276], [89.04121841719626, 22.084158310857447], [89.04121350689792, 22.084181344293597], [89.04118244881101, 22.084334305483992], [89.04117755919714, 22.084357235498146], [89.04114647952656, 22.084510301009686], [89.0411416114963, 22.084533126702524], [89.04111051024194, 22.08468629563606], [89.04110566469467, 22.08470901700764], [89.04107454095748, 22.084862291161926], [89.04106971699389, 22.084884908212018], [89.04103857167286, 22.085038285788244], [89.04103376929305, 22.085060799416397], [89.04100260328761, 22.085214281314165], [89.04099782249159, 22.08523669062089], [89.04096663400304, 22.08539027683986], [89.04096187479081, 22.085412581825267], [89.04093066471859, 22.085566271466348], [89.04092592798935, 22.085588473029645], [89.04089469543396, 22.0857422669921], [89.04088998028851, 22.085764364234137], [89.04085872614934, 22.085918261618588], [89.04085403258773, 22.085940255438516], [89.04082275776409, 22.086094257144282], [89.0408180857861, 22.086116146642894], [89.04078678847964, 22.086270252670204], [89.04078213808526, 22.086292037847386], [89.04075081919501, 22.08644624729652], [89.04074619038448, 22.086467929051764], [89.04071484991044, 22.086622242822216], [89.04071024358302, 22.086643819356937], [89.04067888062599, 22.08679823744876], [89.04067429588218, 22.086819710561315], [89.04064291134137, 22.086974232974455], [89.0406383481814, 22.086995601765636], [89.04060694295612, 22.087150228500377], [89.04060240137977, 22.087171492970185], [89.04059257358853, 22.08721988009347], [89.04058397517042, 22.08726701805847], [89.04057365185253, 22.08732699834229], [89.04055244314077, 22.0874432348175], [89.04054194265655, 22.087504227737895], [89.04052091111134, 22.08761945067721], [89.04051023346057, 22.08768145623435], [89.04048937908175, 22.087795666536863], [89.04047852426459, 22.087858684730577], [89.04045784705215, 22.08797188329595], [89.04044681506844, 22.088035913226975], [89.0404263150225, 22.088148099155603], [89.04041510587246, 22.0882131417232], [89.04039478389228, 22.088324315015313], [89.04038339667648, 22.08839037021943], [89.04036325186269, 22.088500530874967], [89.0403516874805, 22.088567599615033], [89.04033171983309, 22.088676747633826], [89.04031997828451, 22.088744828111487], [89.04030018870282, 22.088852963493537], [89.04028826818916, 22.088922056607714], [89.04026865667322, 22.089029180252567], [89.04025655899301, 22.089099285104112], [89.040237125543, 22.089205396112277], [89.04022484889765, 22.08927651360034], [89.04020559351335, 22.08938161197193], [89.04019313970167, 22.089453742096566], [89.04017406238313, 22.089557828730847], [89.04016142960637, 22.089630970592793], [89.04014253125291, 22.08973404459067], [89.04012972041039, 22.089808199089248], [89.04011099922326, 22.08991026045021], [89.04009801031503, 22.089985427585475], [89.04007946809304, 22.09008647720924], [89.04006630021968, 22.090162656081873], [89.04004793696282, 22.090262693068894], [89.0400345910237, 22.0903398845781], [89.04001640583255, 22.090438908928604], [89.04000288092834, 22.09051711217512], [89.03998487470233, 22.090615125687634], [89.03997117083298, 22.090694340671405], [89.03995334357205, 22.090791341547344], [89.03993946073763, 22.090871569167632], [89.03992181244183, 22.090967558306204], [89.03990775064227, 22.09104879766403], [89.03989028131161, 22.091143774165914], [89.03987604054691, 22.091226026160257], [89.03985875108054, 22.091319990025568], [89.03984433045161, 22.091403254656484], [89.03982721995033, 22.091496206784598], [89.03981261945688, 22.09158048315288], [89.03979568882005, 22.091672422644308], [89.03978090936153, 22.09175771074979], [89.03976415858921, 22.091848639403167], [89.03974919926617, 22.091934939246187], [89.03973262745893, 22.09202485526305], [89.0397174882716, 22.092112167742414], [89.03970109722792, 22.09220107112253], [89.0396857781763, 22.09228939623864], [89.03967098972458, 22.09236957079918], [89.03967377042824, 22.092472329134864], [89.03967496742592, 22.092545575318013], [89.03967669302426, 22.0926094631389], [89.03967805749653, 22.092659980773647], [89.03967922391712, 22.09273191574539], [89.03968234366528, 22.092847632412372], [89.03968348040843, 22.09291825527339], [89.0396866307334, 22.09303528315195], [89.03968773779894, 22.093104594801332], [89.03969091690237, 22.09322293479073], [89.03969199518951, 22.09329093432933], [89.03969520397067, 22.093410586429457], [89.03969625258003, 22.09347727385716], [89.03969949013941, 22.093598237169033], [89.03970050907134, 22.093663613385104], [89.03970377630833, 22.093785888807815], [89.03970476736129, 22.093849952913104], [89.03970806247725, 22.09397354044654], [89.0397090247518, 22.094036292441103], [89.03971234864599, 22.094161191186117], [89.03971328214232, 22.094222631968933], [89.03971663391559, 22.0943488428249], [89.0397175404322, 22.0944089705975], [89.0397209200845, 22.094536493564476], [89.03972179782272, 22.0945953101255], [89.03972672071171, 22.094781423923678], [89.03973377679256, 22.094966811968845], [89.03974296696441, 22.09515147605981], [89.03975429122767, 22.095335414397937], [89.03976774868278, 22.09551862788254], [89.03978334022912, 22.095701116513283], [89.03980106496726, 22.095882880290844], [89.03982092379664, 22.0960639192146], [89.03984291671742, 22.096244232385573], [89.03986704282988, 22.096423821602116], [89.03989330213432, 22.096602685065932], [89.03992169642919, 22.096780823676113], [89.03993090908438, 22.096834367512145], [89.03995091989907, 22.096958680798537], [89.03995634191176, 22.09698989896475], [89.03998017754321, 22.097136526229747], [89.03998173876636, 22.097145430417356], [89.04000727051925, 22.097300961869962], [89.0400093272687, 22.097314408533293], [89.0400328814124, 22.097456494221888], [89.0400384158404, 22.097492310621703], [89.04005845633287, 22.097612025674493], [89.04006753858607, 22.097670201918447], [89.04009755885534, 22.097847788344893], [89.04012975998052, 22.09802463372995], [89.04016414106229, 22.09820073807373], [89.04020070300015, 22.09837610137606], [89.04023944579399, 22.09855072363706], [89.04028036944351, 22.098724605756104], [89.04032347394929, 22.09889774593438], [89.04036875931087, 22.099070145970472], [89.0404162246291, 22.099241804965402], [89.04046587080342, 22.099412722919], [89.04051769783354, 22.099582899831034], [89.04057170571969, 22.09975233570185], [89.04062789446186, 22.099921030531164], [89.04068626405996, 22.100088985218463], [89.04074681361465, 22.100256197965223], [89.04080954402536, 22.100422670569856], [89.04087445529194, 22.10058840213304], [89.04094154741455, 22.100753392655122], [89.04101082039318, 22.100917642135585], [89.04108227422768, 22.10108115057477], [89.04115590801888, 22.10124391797251], [89.04120704616838, 22.101353206285523], [89.04123101669813, 22.101406185347173], [89.04128193091657, 22.10151498892577], [89.04130612537739, 22.10156845182263], [89.04133178219007, 22.101623276270004], [89.04135681656396, 22.101676770666472], [89.0413812331575, 22.101730718298086], [89.04143170131215, 22.101838553306777], [89.04145634183675, 22.10189298567292], [89.04150658695949, 22.102000335047478], [89.04158018387847, 22.102162888406667], [89.04165183916103, 22.10232660368996], [89.04172155370685, 22.102491481796505], [89.04178932661625, 22.102657522726474], [89.0418551578893, 22.102824725580717], [89.04191904752616, 22.102993090358837], [89.04198099642588, 22.103162617960606], [89.0420410036894, 22.103333308385572], [89.04204158645024, 22.103335033285248], [89.04210099386597, 22.103504008703112], [89.04210164227703, 22.103505926957098], [89.04216098404231, 22.103674709020652], [89.04216169720468, 22.103676820628948], [89.04222097331933, 22.103845409338305], [89.04222175303164, 22.10384771430057], [89.04228096349573, 22.104016109655845], [89.04228180795923, 22.104018607073044], [89.04234095367212, 22.104186809973385], [89.04234186378602, 22.104189500744894], [89.04240094294931, 22.104357510290924], [89.04240191871367, 22.104360394416744], [89.04246093312565, 22.104528210608407], [89.04246197454063, 22.104531288088594], [89.04252092240267, 22.104698910926118], [89.04252203036759, 22.104702181760388], [89.04258091257924, 22.104869612143034], [89.04258208529507, 22.104873075432238], [89.04264090275564, 22.105040312460574], [89.04264214112203, 22.105043969103917], [89.04270089203266, 22.105211012778057], [89.04270219604962, 22.10521486277571], [89.04276088220905, 22.105381713095596], [89.04276225187641, 22.10538575644756], [89.04282087148601, 22.105552413413307], [89.04282230770343, 22.10555665011941], [89.04288086166258, 22.105723113730846], [89.04288236263102, 22.105727542891884], [89.0429408509396, 22.105893814048386], [89.04294241845798, 22.105898436563734], [89.043000841116, 22.106064515265246], [89.04300247428478, 22.106069330235528], [89.04306083039319, 22.106235215582785], [89.04306252921242, 22.106240223907378], [89.04312082056958, 22.106405915900325], [89.04312258503938, 22.106411117579057], [89.0431808098466, 22.106576616218035], [89.04318264086635, 22.10658201125085], [89.04324080002294, 22.106747316535518], [89.04324269669314, 22.1067529049227], [89.04330078930013, 22.106918017752434], [89.04330275162079, 22.10692379859455], [89.04336077947653, 22.107088718069974], [89.04336280744775, 22.107094691367024], [89.04342076875355, 22.107259418387457], [89.04342286327471, 22.107265585038874], [89.043457461093, 22.107363909716696], [89.04349713378588, 22.107420314296178], [89.0434971706581, 22.1074203673561], [89.04359941458148, 22.107565694201412], [89.04360058370014, 22.10756739481957], [89.04370169447782, 22.107711074106874], [89.04370399674218, 22.107714422282868], [89.04378335958626, 22.107827167921982], [89.04380397437404, 22.107856454012335], [89.04380740978422, 22.10786144974628], [89.04390625427038, 22.108001833917626], [89.04391082282626, 22.108008476310204], [89.04400853416661, 22.10814721382286], [89.04401423586847, 22.108155502874297], [89.04411081316363, 22.1082925946277], [89.04411764980989, 22.10830253033754], [89.04421309216059, 22.108437974532933], [89.04422106375108, 22.108449556901633], [89.04431537115761, 22.10858335533777], [89.0443244776925, 22.108596583465726], [89.04441765015463, 22.108728735243062], [89.04442789163409, 22.108743609130386], [89.04451992825227, 22.108874116047673], [89.04453130557533, 22.10889063569431], [89.04462220724906, 22.10901949685234], [89.04463472041613, 22.109037661359025], [89.04472448534688, 22.109164878556328], [89.04473813435754, 22.10918468792312], [89.04482676344452, 22.109310259361166], [89.04484154919811, 22.109331713587835], [89.04492904154216, 22.109455640165777], [89.0449449640389, 22.109478739252495], [89.04503131874043, 22.10960102186982], [89.04504837977908, 22.10962576491721], [89.04515207340961, 22.10977256125483], [89.04525734984696, 22.10991806166936], [89.0453642081917, 22.110062265261377], [89.04547264754467, 22.110205172031158], [89.04558266880525, 22.11034678287774], [89.04569427197316, 22.110487097801354], [89.04580745704857, 22.110626115902562], [89.0459222231321, 22.110763838080743], [89.04603857202261, 22.110900263436577], [89.04609904783297, 22.11096955799883], [89.04615574199397, 22.1110360152], [89.0462146601784, 22.111103505722326], [89.04627291196545, 22.111171766963594], [89.04633027252424, 22.111237453445824], [89.0463900819368, 22.111307517827868], [89.04644588486974, 22.111371401169322], [89.04650725280766, 22.11144326959129], [89.0465614963162, 22.111505349792196], [89.04662442457771, 22.11157902045551], [89.04667710866164, 22.111639297515637], [89.0467415954484, 22.111714771319782], [89.04679272010793, 22.11177324613851], [89.04685876721851, 22.111850521284623], [89.04690833065501, 22.111907195660592], [89.04697593898857, 22.11198627214884], [89.0470239421013, 22.11204114428341], [89.04709311075862, 22.112122022113738], [89.04713955264822, 22.11217509380566], [89.04721028342789, 22.11225777207858], [89.04725516229598, 22.11230904332774], [89.04732745609732, 22.112393522043476], [89.04737077284307, 22.112442992849935], [89.04744462876675, 22.112529271108997], [89.0474863824906, 22.112576943271392], [89.04756180233534, 22.11266502017463], [89.04760199213831, 22.112710893692963], [89.04767897590415, 22.112800769240152], [89.04771760178602, 22.112844844114363], [89.04779614947279, 22.112936518305844], [89.0478332105344, 22.11297879453582], [89.0479133239408, 22.11307226647193], [89.04794881928274, 22.113112745856597], [89.04803049840876, 22.113208014638246], [89.04806442803107, 22.113246697177374], [89.04814767287695, 22.11334376280456], [89.04818003588008, 22.113380648498207], [89.04826484734497, 22.113479510970706], [89.04829564372903, 22.11351460071836], [89.0483820227123, 22.113615258237644], [89.04841125157805, 22.113648552039137], [89.0484991980797, 22.113751005504582], [89.048526859427, 22.11378250425929], [89.04861637434624, 22.11388675277152], [89.0486424663768, 22.113916456479444], [89.04873354971357, 22.11402250003846], [89.04875807332661, 22.114050409598804], [89.04885072598034, 22.11415824640602], [89.04887368027624, 22.114184362718333], [89.04896790224706, 22.11429399367296], [89.04898928632662, 22.114318315837693], [89.04908507941298, 22.11442974004052], [89.04910489237704, 22.114452268957223], [89.0492022565789, 22.114565485508933], [89.0492204984273, 22.114586222076582], [89.04931943374504, 22.114701231876495], [89.04933610447773, 22.114720176095318], [89.04943661091096, 22.11483697734468], [89.04945170962878, 22.114854130113997], [89.04955378897625, 22.114972722813036], [89.04956731477984, 22.11498808503228], [89.04967096704155, 22.115108468281278], [89.04968291993089, 22.115122039051016], [89.04978814600622, 22.115244212850257], [89.04979852418273, 22.115255993969072], [89.04990532407152, 22.115379957419066], [89.04991412843441, 22.115389948887184], [89.05002250303619, 22.1155157019881], [89.05002973268608, 22.115523903805297], [89.0501396820008, 22.11565144655708], [89.05014533693782, 22.11565785962256], [89.05025686186485, 22.115787191126117], [89.05026094029029, 22.115791815440048], [89.05037404172873, 22.115922934795776], [89.05037654364276, 22.11592577125748], [89.05049122159278, 22.11605867846538], [89.05049214699511, 22.11605972707474], [89.05060775754202, 22.116193676596993], [89.05060839336284, 22.116194428430276], [89.05072337978021, 22.116327614427973], [89.05072555344162, 22.116330188287634], [89.05083900201839, 22.11646155405765], [89.05084271352058, 22.11646594814505], [89.05095462425658, 22.11659549278778], [89.05095987449874, 22.116601708002463], [89.05107024559555, 22.116729432417515], [89.05107703547691, 22.11673746696067], [89.05118586693436, 22.11686337204702], [89.05119419735445, 22.11687322591871], [89.05130148737379, 22.116997312575904], [89.05131135833261, 22.117008984876918], [89.0514171087126, 22.11713125220564], [89.05142852021015, 22.11714474293558], [89.05153272915226, 22.11726519273452], [89.05154568298707, 22.117280501893788], [89.05164834869248, 22.117399133263575], [89.05166284486438, 22.11741625995262], [89.05178021808274, 22.11755184534138], [89.05189912914153, 22.117686169880983], [89.05201957894047, 22.1178192335708], [89.0521415674794, 22.117951036411284], [89.05226509475847, 22.118081577502835], [89.05239015987814, 22.118210858644375], [89.0524182771818, 22.118239290710846], [89.05251558022991, 22.11833984840547], [89.05254239441615, 22.118366958468414], [89.05264099968252, 22.118468839065713], [89.0526665125497, 22.118494627125415], [89.05276642003429, 22.118597828826807], [89.05279062978389, 22.11862229488304], [89.05289184038628, 22.118726818587902], [89.05291474701806, 22.118749963539983], [89.0530172607381, 22.118855808348997], [89.05303886425224, 22.118877632197155], [89.05314268198924, 22.11898479810992], [89.0531629814866, 22.119005300853985], [89.05326810234124, 22.11911378697181], [89.05328709872077, 22.119132970410305], [89.05339352359238, 22.119242776732733], [89.05341121595495, 22.119260639067306], [89.05351894394414, 22.11937176559468], [89.05353533228975, 22.119388308623627], [89.05364436519534, 22.119500755355546], [89.05365944862478, 22.119515978180004], [89.05376978644665, 22.11962974421749], [89.05378356585896, 22.119643647736154], [89.053895208597, 22.11975873307921], [89.05390768219394, 22.119771317292532], [89.05402062984837, 22.119887721940927], [89.05403179852874, 22.119898986848852], [89.05414605199888, 22.120016710802645], [89.05415591396434, 22.12002665730438], [89.05427147325008, 22.120145698764986], [89.0542800302992, 22.120154326860757], [89.0543968954006, 22.120274687626704], [89.05440414663417, 22.120281997316454], [89.05452231755095, 22.120403675589273], [89.05452826206977, 22.120409667772037], [89.05464773970147, 22.12053266445099], [89.05465237840457, 22.120537338227734], [89.05477316275136, 22.120661652413332], [89.05477649384022, 22.12066500868326], [89.05489858490193, 22.1207906403759], [89.05490060927582, 22.120792679139015], [89.05502471751686, 22.120920358587682], [89.05514759638464, 22.121049453569526], [89.05526924677838, 22.121179965882845], [89.05538966689971, 22.121311894628263], [89.05550885854706, 22.121445239806008], [89.05562682082132, 22.121580001416078], [89.05574355372215, 22.121716179458247], [89.05585905814917, 22.121853773932514], [89.0559336766978, 22.121944545204656], [89.05601498350478, 22.121944787122402], [89.05624720464488, 22.121947877192838], [89.05647734925032, 22.121953361258647], [89.05670541642189, 22.12196123842051], [89.05693140705893, 22.121971509577577], [89.05715532026193, 22.121984173830697], [89.05737715693044, 22.12199923207902], [89.05759691616487, 22.122016683423226], [89.05781459796543, 22.122036528762806], [89.05803020323134, 22.12205876719844], [89.05824373196276, 22.122083399629275], [89.05845518236094, 22.12211042605537], [89.05866455712379, 22.122139845577465], [89.05887185355323, 22.12217165819561], [89.05907707344835, 22.12220586480879], [89.05928021680865, 22.12224246541757], [89.0594076336555, 22.12226717608928], [89.0594819644212, 22.122280673114687], [89.05958676961382, 22.122301170462833], [89.05968368595347, 22.12231891138873], [89.05976589298172, 22.122335127963822], [89.0598853805061, 22.12235718023976], [89.06008569100192, 22.122397044488196], [89.06028383413172, 22.12243940615383], [89.06047981079473, 22.122484265236665], [89.0606736200915, 22.12253162083772], [89.06086526382103, 22.122581472956767], [89.06105474018415, 22.122633822493015], [89.06124204918126, 22.122688668547312], [89.06142719261095, 22.12274601201898], [89.0616101686744, 22.12280585200864], [89.06179097827118, 22.1228681894155], [89.0619696205016, 22.12293302334041], [89.06214609716477, 22.12300035378331], [89.06232040646171, 22.12307018164364], [89.06249254839247, 22.123142506021907], [89.06264692781355, 22.123210462392933], [89.06266271900944, 22.12321710388636], [89.06283262162816, 22.12329200931896], [89.06300033619664, 22.12336943734971], [89.06316586091589, 22.123449388878328], [89.06332919668517, 22.123531862105835], [89.06347843378268, 22.123610576167266], [89.06362599274541, 22.12369531838442], [89.06378282731566, 22.12378921839786], [89.06393731915205, 22.123885602338703], [89.06408946825445, 22.123984472005816], [89.06423927372362, 22.124085826499822], [89.06438673735818, 22.124189665820438], [89.0645318582587, 22.124295989968005], [89.06467166506536, 22.12440253534885], [89.06467468588824, 22.124404747681012], [89.0648152067564, 22.124511816467248], [89.06481751261822, 22.124513505394077], [89.06495874844768, 22.12462109758559], [89.06496033934826, 22.124622262207765], [89.06510228923935, 22.124730378704157], [89.06510316697762, 22.12473101992066], [89.06524583093045, 22.12483965892318], [89.06524599370778, 22.124839777633724], [89.06538882943113, 22.124948525454272], [89.06538936542688, 22.12494895083347], [89.06553166785238, 22.12505727147601], [89.06553289812479, 22.12505824634104], [89.06567450627347, 22.125166016598428], [89.06567643172207, 22.12516754184861], [89.06581734469478, 22.125274761720846], [89.06581996441997, 22.125276836456976], [89.06596018311603, 22.12538350684349], [89.06596349711788, 22.125386131964547], [89.06610302243666, 22.12549225196591], [89.06610702981561, 22.125495427472117], [89.06624586085792, 22.125600997987647], [89.06625056251352, 22.125604722080368], [89.06638869927917, 22.125709743110292], [89.06639409521142, 22.12571401758794], [89.06653153770048, 22.12581848823271], [89.06653762790933, 22.125823312196133], [89.06667437612174, 22.1259272333553], [89.06668116060723, 22.125932607703703], [89.066817214543, 22.126035978477717], [89.06682469330514, 22.126041903211274], [89.06696005296408, 22.12614472449951], [89.06696822600287, 22.126151197819695], [89.06710289138539, 22.1262534696221], [89.06711175870078, 22.126260493327266], [89.06724572980664, 22.126362214744518], [89.06725529139868, 22.12636978793546], [89.0673885682279, 22.126470960766312], [89.06739882499596, 22.12647908344303], [89.06753140664915, 22.1265797058889], [89.0675423576937, 22.126588378051224], [89.06767424507046, 22.12668845101132], [89.0676858903916, 22.12669767355885], [89.06781708349172, 22.126797197033113], [89.0678294230895, 22.126806968167216], [89.06795992191297, 22.12690594215553], [89.06797295578741, 22.12691626277541], [89.06810276033423, 22.12701468727812], [89.06811648848532, 22.12702555828298], [89.06824559875554, 22.127123433299914], [89.06826002208243, 22.12713485289123], [89.0683884371768, 22.127232178422332], [89.06840355478033, 22.127244148398802], [89.06853127559805, 22.127340924444297], [89.06854708747824, 22.127353443007166], [89.0686741140193, 22.127449669566715], [89.06869062017614, 22.12746273761536], [89.06881695154124, 22.127558415588453], [89.0688341537732, 22.12757203312293], [89.06895978996249, 22.12766716071087], [89.0689776864711, 22.12768132773118], [89.06910262838375, 22.127775906732836], [89.069121219169, 22.127790622339376], [89.06924546680483, 22.127884651855254], [89.06926475186691, 22.127899917847117], [89.06938830522614, 22.12799339787705], [89.06940828546419, 22.12800921245531], [89.0695311436474, 22.128102142999467], [89.06955181816193, 22.12811850706356], [89.06967398116944, 22.12821088902143], [89.06969535085983, 22.128227801671756], [89.06981681959053, 22.12831963414385], [89.06983888445711, 22.12833709627995], [89.06995965801184, 22.128428380165644], [89.06998241715502, 22.12844639178752], [89.0701024964331, 22.128537125288233], [89.07012594985275, 22.12855568639594], [89.07024533395497, 22.128645871310027], [89.07026948345003, 22.128664981004135], [89.07038817237645, 22.128754617331822], [89.07041301614794, 22.12877427561233], [89.07053101079771, 22.12886336245424], [89.07055654974499, 22.12888357022075], [89.07067384831959, 22.128972108476205], [89.0707000824429, 22.128992864828945], [89.0708166867409, 22.129080854498], [89.0708436151408, 22.12910215943714], [89.07095952516215, 22.129189599620418], [89.07098714873808, 22.129211454045503], [89.07110236268403, 22.129298345642212], [89.07113068143599, 22.129320748653754], [89.07124520110528, 22.129407091664007], [89.0712742150331, 22.129430043261948], [89.07138803862722, 22.1295158376858], [89.071417747731, 22.129539337870142], [89.07153087704847, 22.12962458370754], [89.07156128132812, 22.129648632478563], [89.07167371457035, 22.129733328830184], [89.07170481402602, 22.129757927086757], [89.07181655299166, 22.129842074851922], [89.0718483476233, 22.12986722169495], [89.07195939051354, 22.129950820873717], [89.0719918803212, 22.129976516303316], [89.0721022289348, 22.13005956689551], [89.07213541391826, 22.13008581001219], [89.07224506645673, 22.130168312917476], [89.07227894661617, 22.130195104620555], [89.07238790487798, 22.13027705893927], [89.07242248021345, 22.13030439922875], [89.07253074239986, 22.130385804961065], [89.07256601381056, 22.130413693837], [89.07267357992197, 22.13049455098286], [89.07270954650846, 22.130522987545987], [89.07281641834322, 22.130603297004654], [89.07285308010574, 22.13063228215418], [89.0729592558651, 22.13071204302645], [89.07299661370286, 22.130741576762432], [89.07310209338704, 22.130820789048187], [89.07314014640076, 22.13085087047142], [89.07324493180829, 22.13092953506998], [89.07328367999781, 22.130960165079614], [89.07338776933017, 22.131038281091776], [89.0734272135951, 22.131069459687865], [89.0735306068521, 22.13114702711374], [89.073570746293, 22.131178753396853], [89.07367344437415, 22.131255773135535], [89.07371427989028, 22.131288048005047], [89.07381628279524, 22.131364520056707], [89.0738578134874, 22.13139734171409], [89.07395912031734, 22.1314732660785], [89.07400134708467, 22.13150663542291], [89.07410195783922, 22.131582012100296], [89.07414488068179, 22.13161593003133], [89.07424479536115, 22.131690758122033], [89.07428841337969, 22.131725223740148], [89.07438763288303, 22.131799505043205], [89.07443194697674, 22.13183451834834], [89.07453047040491, 22.131908251065], [89.07457548057403, 22.131943812057386], [89.07467330792701, 22.132016997086794], [89.07471901417131, 22.132053105766204], [89.07481614544889, 22.132125744007965], [89.07486254776842, 22.13216239947525], [89.07495898297083, 22.13223449002976], [89.0750060813657, 22.132271694083443], [89.0751018204927, 22.132343236051497], [89.07514961496275, 22.13238098779243], [89.07524465801458, 22.13245198297267], [89.07529314856004, 22.132490281501475], [89.07538749553669, 22.132560728994633], [89.07543668215732, 22.132599575210293], [89.07553033305857, 22.132669475915634], [89.07558021575443, 22.132708868919337], [89.0756731705805, 22.132778222836805], [89.07572374935171, 22.132818162628155], [89.075816007203, 22.132886968858543], [89.07586728294882, 22.1329274563372], [89.07595884472494, 22.132995715779714], [89.07601081654605, 22.133036750046017], [89.07610168224699, 22.13310446180151], [89.07615435014333, 22.133146043755062], [89.07624451976886, 22.13321320872268], [89.07629788374044, 22.13325533746388], [89.07638735639142, 22.13332195564385], [89.07644141733772, 22.133364630273547], [89.0765301939133, 22.133430702564965], [89.0765849518342, 22.133473923982535], [89.07667303053603, 22.133539449486136], [89.07672848543126, 22.133583217691353], [89.0768158680579, 22.13364819550793], [89.07687201902854, 22.133692511400398], [89.07695870468064, 22.133756942429102], [89.07701555262582, 22.133801804210066], [89.07710154220251, 22.133865689350216], [89.07715908712231, 22.133911097918883], [89.07724437882507, 22.133974436271387], [89.07730262071937, 22.13402039072855], [89.07738721634712, 22.134083183192388], [89.07744615431665, 22.13412968443754], [89.07753005296968, 22.13419193011356], [89.07758968881313, 22.134238977247037], [89.07767288959218, 22.134300677034673], [89.07773322241042, 22.134348270956025], [89.07781572711428, 22.134409423955844], [89.07787675690685, 22.134457563765693], [89.07795856373679, 22.134518171776392], [89.07802029050413, 22.134566856575304], [89.07810140035951, 22.134626918697336], [89.07816382500062, 22.13467615028418], [89.07824423698202, 22.134735665618507], [89.0783073585979, 22.13478544309379], [89.07838707360474, 22.134844412539678], [89.07845089309433, 22.13489473590346], [89.07852991112662, 22.13495316036017], [89.07859442759082, 22.135004028713126], [89.07867274774918, 22.13506190728134], [89.0787379611881, 22.135113321522738], [89.07888286894928, 22.135220352537374], [89.07903073637937, 22.135322505629233], [89.079181565277, 22.135419781697692], [89.07933535564234, 22.135512178943998], [89.07944368258, 22.135572662848233], [89.07949119376377, 22.135601202833413], [89.07959932644792, 22.13566157432234], [89.0796470318852, 22.135690225823453], [89.07975497031566, 22.13575048579645], [89.07980287000663, 22.13577924881332], [89.07991061418358, 22.13583939727056], [89.07995870812806, 22.135868272702737], [89.08006625805154, 22.13592830874444], [89.08011454624949, 22.135957295692776], [89.08022190191929, 22.13601722021872], [89.08027038437092, 22.13604631958202], [89.0803775457872, 22.136106132592033], [89.08042622339156, 22.13613534257206], [89.08053318965511, 22.136195044066085], [89.08058206151298, 22.1362243655621], [89.08068883352286, 22.136283955540193], [89.08073789963441, 22.136313389451516], [89.08084447739083, 22.136372867014302], [89.08089373775584, 22.136402412441555], [89.08100012125874, 22.13646177848841], [89.08104957587727, 22.136491435431424], [89.08115576512665, 22.136550689962462], [89.0812054139987, 22.136580458421463], [89.0813114089944, 22.136639602335947], [89.08136125301951, 22.13666948231088], [89.08146705286237, 22.136728513810056], [89.08151709114094, 22.136758505300747], [89.08162269673011, 22.136817425283937], [89.08167292926237, 22.136847528290787], [89.08177834059802, 22.136906336758045], [89.0818287673838, 22.136936552180202], [89.08193398446593, 22.13699524913153], [89.08198460550523, 22.13702557517024], [89.08208962833368, 22.13708416060564], [89.08214044452603, 22.137114598160338], [89.08224527220165, 22.13717307207969], [89.08229628264746, 22.137203621150377], [89.08240091606956, 22.137261984453176], [89.08245212076889, 22.137292645039622], [89.08255655993747, 22.137350895927284], [89.08260795889032, 22.13738166802966], [89.08271220380522, 22.137439807401165], [89.08276379791113, 22.1374706910197], [89.08286784767313, 22.137528718875444], [89.08291963603256, 22.13755971400974], [89.0830234915411, 22.13761763124876], [89.08307547415399, 22.13764873699978], [89.08317913540884, 22.13770654272281], [89.08323131227542, 22.137737760889024], [89.08333477927675, 22.13779545419692], [89.083387151296, 22.137826783879063], [89.08349042314467, 22.137884366570404], [89.08354298941742, 22.137915806869103], [89.08364606701241, 22.137973278044512], [89.08369882753885, 22.138004829859142], [89.083801709981, 22.13806219041794], [89.08385466566028, 22.13809385284901], [89.08395735384892, 22.13815110189188], [89.08401050468109, 22.138182876738426], [89.08411299771683, 22.138240013365987], [89.08416634280252, 22.138271899728466], [89.08426864158457, 22.138328925739415], [89.08432218092395, 22.13836092271856], [89.08442428545254, 22.138417837213524], [89.08447801994475, 22.1384499457086], [89.08457992932045, 22.13850674958701], [89.08463385806618, 22.13853896869847], [89.0847355731882, 22.13859566106089], [89.08478969618761, 22.13862799168851], [89.08489121705611, 22.13868457253517], [89.08494553430904, 22.138717014678548], [89.08504686092408, 22.138773484908484], [89.08510137332985, 22.138806037668587], [89.08520250479182, 22.138862396382535], [89.08525721145128, 22.138895060658626], [89.08535814776036, 22.13895130875602], [89.08541304957271, 22.138984083648666], [89.08551379162827, 22.13904022023013], [89.08556888859351, 22.13907310753791], [89.08562315933943, 22.139103347376476], [89.08566943549624, 22.139129132603387], [89.08572472671494, 22.13916213052795], [89.08582507936399, 22.139218044077495], [89.08588056483637, 22.13925115351799], [89.0859807232319, 22.13930695645098], [89.08603640385701, 22.139340176508085], [89.08613636709981, 22.139395867925032], [89.08619224197844, 22.139429199498124], [89.08629201096755, 22.139484780298517], [89.08634808009987, 22.139518222488164], [89.08644765393615, 22.139573691772625], [89.08650391912062, 22.139607245478032], [89.08660329780406, 22.139662604145883], [89.08665975724205, 22.13969626846807], [89.08675894167197, 22.13975151561999], [89.08681559536348, 22.13978529145811], [89.08691458553972, 22.139840427993477], [89.08697143438428, 22.13987431444815], [89.08707022940769, 22.13992933946753], [89.08712727250571, 22.13996333743819], [89.0872258732756, 22.140018251841013], [89.08728311152652, 22.140052360428058], [89.08738151624414, 22.140107163315122], [89.08743894964795, 22.140141383418097], [89.08753716011188, 22.14019607568838], [89.08759478776938, 22.140230406408193], [89.08769280397985, 22.140284987162488], [89.08775062679018, 22.140319429398232], [89.08784844784776, 22.140373899535973], [89.08790646491161, 22.14040845238827], [89.0880040917155, 22.1404628119094], [89.08806230393225, 22.14049747537831], [89.08815973468404, 22.14055172338351], [89.08821814205368, 22.14058649836835], [89.08831537855201, 22.140640635756768], [89.0883739801751, 22.14067552135839], [89.08847102241992, 22.140729547230876], [89.08852981919591, 22.140764543449052], [89.08862666628767, 22.14081845960436], [89.08868565731734, 22.14085356643892], [89.08878231015558, 22.14090737197762], [89.08884149633815, 22.140942589429017], [89.08893795312417, 22.140996283451898], [89.08899733445958, 22.141031612419056], [89.08909359699209, 22.141085195825212], [89.089153172581, 22.141120635409095], [89.08924924085983, 22.14117410819864], [89.08930901160159, 22.141209658399134], [89.08940488472774, 22.14126301967275], [89.08946484972302, 22.141298681389173], [89.08956052769634, 22.141351932046064], [89.08962068874382, 22.141387704379213], [89.08971617156425, 22.141440844419492], [89.08977652686542, 22.14147672736908], [89.08987181543199, 22.1415297558936], [89.08993236588606, 22.141565749459744], [89.0900274592999, 22.141618668267085], [89.09008820400749, 22.14165477244984], [89.0901831022685, 22.141707580640514], [89.09024404302829, 22.14174379543988], [89.09033874613641, 22.14179649211445], [89.09039988114972, 22.14183281842992], [89.09049439000415, 22.14188540448788], [89.09055572017053, 22.141921841419958], [89.09065003387207, 22.141974316861365], [89.09071155829196, 22.142010864409997], [89.09080567684066, 22.142063228335473], [89.09086739731259, 22.14209988650066], [89.09096132070857, 22.14215214070873], [89.09102323543402, 22.1421889094907], [89.09111696457632, 22.142241053082216], [89.09117907355545, 22.142277932480567], [89.09127260844423, 22.1423299654557], [89.0913349125762, 22.142366955470663], [89.09142825141282, 22.142418876929753], [89.09149075069763, 22.142455978460703], [89.09158389528073, 22.142507789303068], [89.09164658971844, 22.142545001450742], [89.09173953914848, 22.142596701676496], [89.09180242783987, 22.142634023541405], [89.09189518211701, 22.14268561404998], [89.0920494248412, 22.142777138054555], [89.0922012969524, 22.14287307862986], [89.09235080024939, 22.14297343577556], [89.09249793293338, 22.14307820949182], [89.09264269590375, 22.143187400678073], [89.09278508916071, 22.143301007535513], [89.09292511360326, 22.14341903186289], [89.0929739054215, 22.143462431346165], [89.0930642926831, 22.143538629104512], [89.09311327425831, 22.14358217697594], [89.09320347176288, 22.143658226346133], [89.09325264219575, 22.14370192170651], [89.09334265174209, 22.143777823587754], [89.09339201013324, 22.143821666436907], [89.09348183082187, 22.143897420829376], [89.09350626192474, 22.143919112335197], [89.09353137807068, 22.14394141206668], [89.09356429685499, 22.14396917953411], [89.09362186425778, 22.1440414985164], [89.09364904356863, 22.144077436324665], [89.09373067323202, 22.144179882595495], [89.09375993897015, 22.14421853905452], [89.09383948040778, 22.1443182684734], [89.09387083527099, 22.14435964088483], [89.09394828668428, 22.14445665525062], [89.09398173337041, 22.144500741815932], [89.09405709116186, 22.14459504292705], [89.09409263326859, 22.144641841847715], [89.09416589474029, 22.144733431502686], [89.0942035331667, 22.144782940980065], [89.09427469652013, 22.144871820977812], [89.09431443576278, 22.14492403831389], [89.09438349740066, 22.145010212251577], [89.09442533835869, 22.145065135647542], [89.09449229738175, 22.145148604424662], [89.0945362436529, 22.145206231182783], [89.09460109556414, 22.145286996597747], [89.09464714894693, 22.145347326717854], [89.09470989284728, 22.145425390569415], [89.09475805693887, 22.1454884204544], [89.09481868833194, 22.145563786339835], [89.09486896493098, 22.14562951329151], [89.09492748291717, 22.14570218211003], [89.0949798747215, 22.145770605229302], [89.09503627660308, 22.145840579678975], [89.09509078631072, 22.145911696267888], [89.09514506849018, 22.14597897724815], [89.09520169879954, 22.146052786407097], [89.09525385857876, 22.146117376615678], [89.09531261218734, 22.14619387564693], [89.09536264866739, 22.146255776882754], [89.09542352737407, 22.146334963088236], [89.09547143695738, 22.14639417804898], [89.09553444435915, 22.146476050529316], [89.09558022344868, 22.146532580114638], [89.09564536134445, 22.14661713617187], [89.0956890090406, 22.146670983978822], [89.09575628012828, 22.146758221814594], [89.09579779373331, 22.146809387843007], [89.09586720071087, 22.14689930565862], [89.09590657752665, 22.146947793505944], [89.09597812219266, 22.147040389502422], [89.09601535952129, 22.14708620006826], [89.09608904457383, 22.14718147154764], [89.09612413971729, 22.147224607529722], [89.0961999687537, 22.14732255269371], [89.09623291991335, 22.147363015890562], [89.09631089383277, 22.1474636329404], [89.09634169831088, 22.147501425150836], [89.09642182071059, 22.147604712287716], [89.0964504749096, 22.147639835310258], [89.09653274848762, 22.14774579163503], [89.09655925150838, 22.147778246369057], [89.09664367716414, 22.147886869183765], [89.09666802630835, 22.147916659226553], [89.09671295284056, 22.14797440469505], [89.09673440436944, 22.148011742747883], [89.09674652633123, 22.148034007263618], [89.09681830032434, 22.14815846354236], [89.09683612398794, 22.14819108644957], [89.09690217829291, 22.148305190632186], [89.09692573603394, 22.148348153944198], [89.09698604007372, 22.148451925815834], [89.09701536336848, 22.148505209747782], [89.09706988386824, 22.148598668194097], [89.09710500599141, 22.148662254759245], [89.09711936456722, 22.148686772077042], [89.09716623183624, 22.14880180346057], [89.0971776865012, 22.148832023379214], [89.0972333806161, 22.148968370493947], [89.09724702333148, 22.149004300208276], [89.097300526698, 22.149134938426755], [89.09731636285994, 22.149176574339606], [89.0973676673841, 22.149301506359507], [89.09738570598563, 22.149348845772806], [89.0974348044727, 22.14946807519169], [89.09745505360786, 22.149521114507934], [89.09748854892905, 22.149602224303237], [89.0975019370648, 22.14963464402365], [89.09752440392822, 22.149693380545102], [89.09756906516043, 22.149801213754984], [89.09759375784569, 22.14986564478386], [89.09763618875922, 22.149967784385865], [89.09766311625998, 22.15003790452579], [89.0977033069621, 22.150134355016576], [89.09773247827138, 22.150210162469193], [89.09777041976918, 22.150300926546663], [89.09780184567865, 22.150382415915885], [89.09783752807954, 22.150467498975956], [89.09787121668342, 22.150554666664675], [89.09790462919528, 22.15063407230457], [89.09794059218467, 22.15072691381613], [89.09797172491523, 22.15080064563341], [89.09800997398116, 22.150899157370304], [89.09803881433987, 22.150967220760776], [89.09806956755659, 22.151046237893695], [89.09809679363218, 22.151130875789363], [89.09814730675299, 22.15130601246267], [89.09819199586406, 22.151481148236485], [89.0982308609656, 22.151656282211718], [89.09826390115825, 22.151831415287745], [89.09829111644194, 22.152006547464225], [89.09831250771612, 22.15218167784235], [89.09832807498077, 22.152356807320928], [89.09833704841611, 22.152518107025173], [89.09833826699759, 22.1525319359003], [89.09834684293259, 22.15268859690127], [89.09834845541695, 22.1527070644795], [89.09835664014702, 22.152859085878163], [89.09835864023916, 22.152882193058872], [89.09836644095856, 22.153029574855054], [89.09836882146408, 22.153057321638244], [89.09837624626692, 22.153200063831946], [89.09837899909172, 22.153232450217445], [89.09838605517245, 22.15337055190963], [89.09838917222271, 22.153407578796816], [89.09839586767526, 22.153541039987147], [89.09839934175636, 22.153582707376188], [89.09840568377535, 22.153711527165285], [89.09840950769274, 22.153757835955332], [89.09841550347278, 22.153882013444274], [89.09841966913257, 22.153932963635555], [89.09842532766686, 22.154052499723207], [89.09842982697495, 22.154108092214756], [89.09843515635743, 22.154222986002026], [89.09843998122022, 22.154283220794127], [89.09844498774612, 22.15439347138158], [89.09845013096884, 22.1544583493735], [89.09845482453062, 22.154563956761365], [89.09846027622092, 22.154633477952643], [89.09846466401314, 22.1547344412416], [89.09847041787555, 22.154808606532015], [89.09847450889163, 22.15490492482246], [89.09848055503369, 22.154983735111387], [89.09848435736728, 22.15507540840349], [89.09849068769518, 22.155158863690588], [89.09849421033954, 22.155245891085144], [89.09850081675933, 22.155333991370583], [89.09850772804936, 22.155509119949954], [89.09850796906761, 22.155570360184015], [89.09849712054586, 22.155622799652633], [89.09845537851311, 22.15579397571156], [89.098407871826, 22.155962433119896], [89.09835459958515, 22.156128170978377], [89.09829556179074, 22.156291190186266], [89.09823075934219, 22.156451490743848], [89.0981601913399, 22.15660907175129], [89.09808385868325, 22.156763934108312], [89.09800176047293, 22.15691607691548], [89.09791389760835, 22.15706550107211], [89.09782026919027, 22.15721220657815], [89.09772087521827, 22.157356193433657], [89.0976667180446, 22.157428946788627], [89.0976184856047, 22.157498766554966], [89.09759324613145, 22.15753268088855], [89.0975555780276, 22.157561653447658], [89.09754817660712, 22.157567772434902], [89.097418477281, 22.157667371452135], [89.09740814227206, 22.157675906018426], [89.09728137833298, 22.157773090355988], [89.09726810703768, 22.157784037803196], [89.09714428028434, 22.15787881015899], [89.09712807000449, 22.157892166890008], [89.09700718403445, 22.15798453266018], [89.09698803297147, 22.15800029507767], [89.09687008868372, 22.158090256060518], [89.09684799413975, 22.15810842146658], [89.09673299603111, 22.158195980360233], [89.09670795440866, 22.158216545157586], [89.09659590337833, 22.158301707358078], [89.09656791287898, 22.15832466794916], [89.09645881342368, 22.158407436154278], [89.09642787044999, 22.15843278804283], [89.09632172526756, 22.158513165850025], [89.09628782712156, 22.158540906337805], [89.09618463801081, 22.158618897344354], [89.0961477819946, 22.15864902193499], [89.09604755345197, 22.158724631536586], [89.09600773596827, 22.158757135733254], [89.09591046979239, 22.158830366628194], [89.09586768904273, 22.158865247733104], [89.09577338793167, 22.158936104417762], [89.09572763941912, 22.15897335703488], [89.09563630876869, 22.159041844006026], [89.09558758889631, 22.159081463638756], [89.09549923050514, 22.159147585392873], [89.09544753747394, 22.159189568443878], [89.09536215493966, 22.159253328578302], [89.09530748425317, 22.15929767055121], [89.09522508117271, 22.159359074461804], [89.09516742923353, 22.159405769960472], [89.09508801010372, 22.15946482214389], [89.09502737241547, 22.159513866671773], [89.09488555562388, 22.159619081955213], [89.09473985825792, 22.159717946226294], [89.09459028121665, 22.159810460384563], [89.09443682360063, 22.159896624429734], [89.09427948630935, 22.159976437462717], [89.0941182693428, 22.160049900382717], [89.0939531718015, 22.160117012290357], [89.09378419458506, 22.16017777408507], [89.09361133679391, 22.1602321857668], [89.09343459932745, 22.1602802464364], [89.09329361081166, 22.160312804592422], [89.09315793279245, 22.16030353887726], [89.0929824399878, 22.160284908521874], [89.09280694808234, 22.160259634874365], [89.0926346955348, 22.160228306091597], [89.09263145527751, 22.160227840242726], [89.09245596247285, 22.160196049208366], [89.09245583926565, 22.160196022228718], [89.09228046966803, 22.16016437778393], [89.09227702436533, 22.160163628648604], [89.09210497776257, 22.160132701862892], [89.09209820856546, 22.160131238665826], [89.0919294849578, 22.160101022344293], [89.09191939096723, 22.160098852280328], [89.09175399215314, 22.16006934012796], [89.09174057246963, 22.160066469492165], [89.09157850024769, 22.160037653414975], [89.09156175217328, 22.160034089401734], [89.09140300744303, 22.16000596310488], [89.09138293187692, 22.160001712009432], [89.0912275146382, 22.159974270096484], [89.09120410978204, 22.15996933821441], [89.09105202273275, 22.159942574390357], [89.09102528678756, 22.15993696711746], [89.09087652992793, 22.159910875086894], [89.09084646199472, 22.1599045987183], [89.09070103712332, 22.15987917308553], [89.09052554521787, 22.1598427064759], [89.09035005241304, 22.159800454527442], [89.09017455960839, 22.159752419038966], [89.08999906680356, 22.15969859821189], [89.0898235748981, 22.159638993844567], [89.08964808209345, 22.159573604138643], [89.08958446045466, 22.15954780168977], [89.089532690981, 22.159511764056788], [89.08938958006513, 22.159406018173286], [89.08924873274287, 22.15929572172024], [89.0892467290534, 22.159294060672437], [89.08910787013224, 22.159185456743558], [89.0891028411234, 22.159181296479744], [89.08896700932019, 22.15907518816954], [89.08895895139466, 22.15906853408569], [89.08882614940745, 22.15896491599824], [89.08881505806858, 22.15895577438954], [89.08868529219268, 22.158854641128812], [89.08867116294397, 22.158843016492085], [89.08854443497773, 22.158744363561652], [89.08852726512123, 22.15873026039327], [89.08840358046103, 22.158634083296363], [89.08838336549996, 22.15861750609315], [89.08826272594422, 22.158523799433794], [89.08823946318074, 22.158504754490934], [89.0881218741253, 22.158413513772643], [89.08809555906299, 22.1583920046873], [89.08798102230634, 22.15830322541359], [89.08795165224711, 22.158279255783043], [89.08784017228618, 22.158192934356407], [89.08780774363265, 22.158166509576915], [89.08769932406454, 22.158082640601492], [89.08766383321944, 22.158053764269937], [89.08755847584314, 22.157972345047824], [89.08751992010832, 22.157941021660918], [89.08741762942026, 22.157862047695403], [89.08737600609783, 22.157828279951275], [89.08727678389653, 22.157751746745703], [89.0872320893896, 22.157715539140952], [89.0871359401716, 22.157641444896797], [89.08708817178183, 22.157602801028418], [89.08699509644663, 22.157531140349988], [89.0869442514761, 22.15749006381543], [89.08685425362108, 22.157420834004427], [89.08680033027122, 22.15737732750165], [89.08671757555578, 22.157313725647896], [89.086711466461, 22.157306618305824], [89.0866685652021, 22.157254280460847], [89.08659637482293, 22.15717030986201], [89.08655304278881, 22.157117455805917], [89.08648128408402, 22.157034002317403], [89.08643751947608, 22.156980630252008], [89.08636619244595, 22.15689769477291], [89.08632199706261, 22.156843805597305], [89.08625110170703, 22.1567613872283], [89.08620647374988, 22.1567069809426], [89.08613601096818, 22.156625078784487], [89.08609095043721, 22.156570156287728], [89.08602092022943, 22.15648877123982], [89.08597542802369, 22.15643333073382], [89.08590582949057, 22.156352463695384], [89.08585990471101, 22.15629650607889], [89.08579073785245, 22.1562161552514], [89.08574438139817, 22.156159681424185], [89.08567564711359, 22.156079847706962], [89.08562885808544, 22.156022856769482], [89.08556055637467, 22.15594353926292], [89.08551333477277, 22.155886032114722], [89.08544546653513, 22.155807231718484], [89.08539781145987, 22.15574920746002], [89.08533037579627, 22.15567092327467], [89.0852822881472, 22.155612382805316], [89.08521528505753, 22.155534615730062], [89.08516676483453, 22.15547555904999], [89.08510019431867, 22.15539830728602], [89.08505124152163, 22.15533873439506], [89.08498510357975, 22.155261998842207], [89.08493571820895, 22.155201909740526], [89.08487001374021, 22.155125690398393], [89.08482019489622, 22.155065085085653], [89.08475492300136, 22.154989382853785], [89.08470467158338, 22.15492826133027], [89.08463983226261, 22.15485307440997], [89.08458914737133, 22.154791436675566], [89.08452474242307, 22.154716765966157], [89.0844736240586, 22.154654612020863], [89.08440965168421, 22.154580457522115], [89.08435809984655, 22.15451778826531], [89.08429456184467, 22.1544441490783], [89.08426316977494, 22.154405993634555], [89.08424257653365, 22.154380963610606], [89.08417947200513, 22.154307840634488], [89.08412705232178, 22.15424413985528], [89.08406438126627, 22.154171532190503], [89.08401152900893, 22.154107316099726], [89.08394929142673, 22.15403522374669], [89.08389600479688, 22.153970491445193], [89.0838342015872, 22.153898915302875], [89.08378048148415, 22.153833667689696], [89.08371911174766, 22.153762605959685], [89.0836649572721, 22.153696843934313], [89.08360402190817, 22.153626297515643], [89.08354943306006, 22.15356001927961], [89.08348893116943, 22.15348998907183], [89.08343390884795, 22.153423195524056], [89.08337384132989, 22.153353680628015], [89.0833183846359, 22.15328637176873], [89.08325875238955, 22.153217371284825], [89.08320286042385, 22.153149548013403], [89.08314366255007, 22.15308106284084], [89.08308733621163, 22.15301272425785], [89.08302857271053, 22.15294475349765], [89.08297181199953, 22.152875900502522], [89.08291348287099, 22.152808445053836], [89.08285628778765, 22.15273907674697], [89.08279839303145, 22.152672135710645], [89.08274076357543, 22.15260225299164], [89.08268330319197, 22.152535827266604], [89.08262523936338, 22.152465429236315], [89.08256821425181, 22.152399517923413], [89.08250971515128, 22.152328605480932], [89.08245312441227, 22.1522632094796], [89.08239419093923, 22.152191781725435], [89.0823380354721, 22.15212690013641], [89.0822786658278, 22.152054958869428], [89.08222294563257, 22.15199059079322], [89.08216314161575, 22.15191813511393], [89.08210785669223, 22.151854281450028], [89.0820476165045, 22.151781311358548], [89.08199276685275, 22.151717972106837], [89.08193209229222, 22.15164448760305], [89.08187767791259, 22.151581663663023], [89.08181656718097, 22.151507664747044], [89.08176258897242, 22.151445354319833], [89.0817234531749, 22.151397972638506], [89.08163210723609, 22.1513219799254], [89.08161419993553, 22.15130635240621], [89.08149319885223, 22.151205689491064], [89.08147541385938, 22.15119016269591], [89.08135429046825, 22.151089398157353], [89.0813366286826, 22.151073972985614], [89.08121538118507, 22.15097310772279], [89.08119784350583, 22.150957784174523], [89.08107647280104, 22.15085681638908], [89.08105905832906, 22.150841594464055], [89.08093756351786, 22.150740525954575], [89.08092027225291, 22.150725405653134], [89.08079865513389, 22.15062423552024], [89.08078148707614, 22.150609215942666], [89.08065974675009, 22.1505079441863], [89.08064270189936, 22.15049302623214], [89.08052083746668, 22.150391653751967], [89.08050391672242, 22.15037683742122], [89.08038192908288, 22.150275362418085], [89.08036513154565, 22.150260647710752], [89.0802430197997, 22.15015907198375], [89.08023381844373, 22.1501510075841], [89.0802263454695, 22.150144458000455], [89.08010411141572, 22.150042780649812], [89.08008756029272, 22.150028269189363], [89.07996520303169, 22.149926490215478], [89.07994877511595, 22.149912079479066], [89.07982629374851, 22.149810198881596], [89.07980998993918, 22.149795889768598], [89.0796873853647, 22.14969390844726], [89.0796712047624, 22.149679700957506], [89.07954847608136, 22.1495776180127], [89.07953241958563, 22.14956351124721], [89.0794095676975, 22.14946132667899], [89.07939363350948, 22.149447321536684], [89.07927065841432, 22.149345036244483], [89.07925484833271, 22.149331131826386], [89.07913175003034, 22.149228744910772], [89.07911606315577, 22.149214943015295], [89.07899284074716, 22.14911245447621], [89.07897727797899, 22.149098753304997], [89.07885393236313, 22.148996164041876], [89.07883849280222, 22.14898256359453], [89.07871502307995, 22.148879872707994], [89.07869970762545, 22.148866373884232], [89.07857611469598, 22.14876358227366], [89.07856092244867, 22.14875018507314], [89.0784372054128, 22.148647291839097], [89.0784221372719, 22.148633995362673], [89.07829829612962, 22.148531000505386], [89.07828335119575, 22.148517805652375], [89.07814426744415, 22.1484021348507], [89.07800246324325, 22.14829119178512], [89.07785793949239, 22.14818497645564], [89.07771069619184, 22.14808348796265], [89.07766550705759, 22.148054331042545], [89.0776064521761, 22.148033867868833], [89.07742809952737, 22.147978178250412], [89.0772496200741, 22.147928554559257], [89.07707101561505, 22.147884998593895], [89.07689228525084, 22.1478475085558], [89.07671342898169, 22.1478160844448], [89.0765344477067, 22.147790727160384], [89.07635533962741, 22.14777143760182], [89.07617610654216, 22.147758213071143], [89.07599674755193, 22.14775105626626], [89.0758172626567, 22.14774996538864], [89.07563765185614, 22.147754941337553], [89.07551960414645, 22.14776219347044], [89.0754579574189, 22.147763957041093], [89.07534416530109, 22.14777103290703], [89.07527826298161, 22.14777297634197], [89.07516872645562, 22.147779867846737], [89.07509856854415, 22.147781999239953], [89.07499328671094, 22.14778870008854], [89.07491887320748, 22.147791025735387], [89.07481784696625, 22.147797528733008], [89.07473917877019, 22.147800055827986], [89.07464240722135, 22.147806353780368], [89.0745594843329, 22.147809088618658], [89.07446696657729, 22.14781517523022], [89.07437978899605, 22.147818125006495], [89.07429152503391, 22.147823993982172], [89.07420009455876, 22.14782716499178], [89.07411608349065, 22.147832809137014], [89.07402039922215, 22.147836207675027], [89.07394064194722, 22.147841621593557], [89.07384070478486, 22.14784525395538], [89.07376519950441, 22.14785043045316], [89.07366100944819, 22.14785430293381], [89.07358975706182, 22.147859236614465], [89.07348131411152, 22.14786335550957], [89.07341431371964, 22.14786803917883], [89.07330161877468, 22.147872410783236], [89.07323887037762, 22.147876839044898], [89.07312192343807, 22.14788146875486], [89.07311314965227, 22.147882093783778], [89.0731107061942, 22.1478830506623], [89.07294193042588, 22.1479552860078], [89.07277673036197, 22.148032305746483], [89.07261510780114, 22.14811410718039], [89.07245706094466, 22.148200693007766], [89.07230259069206, 22.148292061429572], [89.07215169704335, 22.14838821244615], [89.07200437999819, 22.14848914695665], [89.07186063955697, 22.148594864061806], [89.07172047571947, 22.148705364660884], [89.07158388758648, 22.148820648754054], [89.07145087695659, 22.148940715441654], [89.07141905444593, 22.148971410202535], [89.07131880252075, 22.14906203488505], [89.07128955926584, 22.1490902700001], [89.07118672988383, 22.149183356127025], [89.07116006228716, 22.14920912979767], [89.07105465814612, 22.1493046791677], [89.07103056440917, 22.149327986897106], [89.07092258730756, 22.14942600310775], [89.07090106473242, 22.14944684399677], [89.07079051736861, 22.149547328846154], [89.07077156415647, 22.149565699297625], [89.07065844922818, 22.14966865638354], [89.07064206178177, 22.14968455369933], [89.07052638198712, 22.149789984820075], [89.07051255850786, 22.14980340720166], [89.07044361456985, 22.149866325099595], [89.07039431564527, 22.149911315055135], [89.07038305343525, 22.149922258905235], [89.07026224930343, 22.1500326461898], [89.07025354746344, 22.150041110608868], [89.07013018476027, 22.15015397822367], [89.07012404059208, 22.15015996051386], [89.07002943281213, 22.150246628179445], [89.07000517449927, 22.150288281179257], [89.06995363705084, 22.15037090459367], [89.06991318824316, 22.150440523811255], [89.06985909851863, 22.15052737313988], [89.06984789917976, 22.150546695806554], [89.06982119838972, 22.15059276374518], [89.06976456358393, 22.150683842585295], [89.06972920583837, 22.150745000981146], [89.06967003314571, 22.150840314728782], [89.0696372087902, 22.150897235518983], [89.06957550720392, 22.150996787771646], [89.06954520904424, 22.151049466459767], [89.0694809848597, 22.151153262613093], [89.06945320480162, 22.151201693803216], [89.06938646881065, 22.151309738353916], [89.06936119696167, 22.151353918448706], [89.06929195635877, 22.15146621679247], [89.06926918552466, 22.15150613859754], [89.06919744930303, 22.15162269702995], [89.06910748382336, 22.15178088597918], [89.06902351951993, 22.151941331327407], [89.06894555729178, 22.152104034873503], [89.06887359713892, 22.152268995717577], [89.06880763906139, 22.1524362138602], [89.06880124218367, 22.152454295629354], [89.06874234738154, 22.152603682913764], [89.0687362598706, 22.152620903132288], [89.06867705660096, 22.152771152866535], [89.06867127665822, 22.152787510635164], [89.06861176582038, 22.15293862191993], [89.06860629434516, 22.152954118138098], [89.06854647503991, 22.153106091872644], [89.06854131113278, 22.15312072654035], [89.06848118425933, 22.15327356092621], [89.06847632792034, 22.153287334043284], [89.06841589347874, 22.15344103087898], [89.06841134470795, 22.15345394154633], [89.06835060359765, 22.153608500831695], [89.06834636059614, 22.15362054814989], [89.06828531371644, 22.15377596988526], [89.06828137738376, 22.153787155652765], [89.06822002383518, 22.15394343983803], [89.068216393272, 22.153953763155698], [89.06815473395397, 22.154110909790745], [89.06815140916035, 22.154120370658575], [89.06808944407271, 22.154278379743516], [89.06808642504859, 22.154286977262302], [89.06802415509088, 22.154445849696287], [89.06802144093683, 22.154453584765236], [89.06795886610882, 22.154613319649002], [89.06795645592581, 22.154620191368736], [89.06789357712694, 22.154780789601944], [89.06789147091484, 22.154786797972463], [89.06782828814511, 22.154948260453864], [89.06782648590371, 22.15495340547534], [89.06776299916322, 22.155115730406806], [89.06776150089274, 22.155120012079067], [89.06769771108054, 22.155283201258783], [89.06769651588161, 22.155286618682624], [89.06763242299803, 22.155450671211497], [89.06763152997127, 22.155453225286124], [89.06756713491541, 22.155618142063645], [89.06756654496007, 22.15561983188985], [89.0675018468329, 22.15578561201636], [89.06750155904973, 22.155786438493408], [89.06743657403877, 22.155953045097135], [89.06743655785101, 22.155953082868507], [89.06737161870541, 22.156119663391905], [89.0673712391914, 22.15612054113018], [89.06730666337182, 22.15628628258594], [89.06730592053191, 22.15628800029117], [89.06724170713926, 22.15645290088071], [89.06724060277168, 22.156455459452047], [89.06717675180573, 22.156619520074912], [89.06717528501156, 22.156622918612868], [89.067111795573, 22.156786138369682], [89.06710996635195, 22.156790378673122], [89.06704683934021, 22.15695275666451], [89.06704464859183, 22.156957837834113], [89.06698188310747, 22.157119374959336], [89.0669793308316, 22.15712529699499], [89.06691692687474, 22.157285993254106], [89.06691401397069, 22.15729275615581], [89.066851970642, 22.157452611548933], [89.0668486962104, 22.157460216216066], [89.06678701440921, 22.157619229843704], [89.06678337845034, 22.157627675377057], [89.06672205727727, 22.15778584813853], [89.06671806158943, 22.157795134537935], [89.06665710104454, 22.157952466433358], [89.06665274472851, 22.157962594598132], [89.06659214391243, 22.158119084727957], [89.0665874278676, 22.15813005375901], [89.06652718678032, 22.158285703022955], [89.06652211100675, 22.158297513819377], [89.06646222964838, 22.158452321317554], [89.06645679414584, 22.158464973879575], [89.06639727161689, 22.158618938713175], [89.0663914781843, 22.158632433040452], [89.06633231448478, 22.158785557008002], [89.06632616132339, 22.15879989310065], [89.06626735645347, 22.158952174403453], [89.06626084536185, 22.158967353160904], [89.06620239932136, 22.159118792698223], [89.06619552940015, 22.1591348132211], [89.06613744129004, 22.159285410093673], [89.06613021343867, 22.1593022732813], [89.06607248325855, 22.159452027489124], [89.06606489747713, 22.159469733341552], [89.06600752432786, 22.159618645783894], [89.06599958241497, 22.15963719340175], [89.06594256629654, 22.159785263179344], [89.06593426645327, 22.159804653462174], [89.06587760826505, 22.159951880574965], [89.06586895139111, 22.15997211352237], [89.06581264933436, 22.160118497970416], [89.06580363632895, 22.16013957358257], [89.06574769040373, 22.160285115365866], [89.06573832126662, 22.1603070345422], [89.06568273147303, 22.16045173276126], [89.06567300620446, 22.160474494602397], [89.06561777254234, 22.16061835015688], [89.06560769114208, 22.1606419555618], [89.06555281361148, 22.16078496755233], [89.06554237607992, 22.160809415622225], [89.06548785378146, 22.16095158494778], [89.06547706191697, 22.16097687658163], [89.06542289485077, 22.161118201444026], [89.06541174775401, 22.161144336641826], [89.0653579350207, 22.16128481883942], [89.06534643359123, 22.1613117976014], [89.06529297519069, 22.161451435335493], [89.06528111942828, 22.161479257661654], [89.06522801536079, 22.161618052731114], [89.06521580526527, 22.161646718621228], [89.06516305553077, 22.16178466922719], [89.06515049110232, 22.1618141795808], [89.0650980957007, 22.16195128662264], [89.06508517783874, 22.161981640540432], [89.06503313497126, 22.162117903118883], [89.0650198645751, 22.162149101500006], [89.06496817424204, 22.162284519614957], [89.06495455131153, 22.16231656245958], [89.06490321351265, 22.16245113701035], [89.06488923804795, 22.162484023418983], [89.0648382527832, 22.162617753506595], [89.06482392478449, 22.162651484378557], [89.06477329205399, 22.16278437000267], [89.06475861152074, 22.162818945338188], [89.06470833132454, 22.162950986498913], [89.06469329915649, 22.162986407196968], [89.06464337059515, 22.163117602994987], [89.06462798589291, 22.16315386815654], [89.0645784089665, 22.163284218591855], [89.06456267352866, 22.163321329116116], [89.0644988126702, 22.163489336863563], [89.06444131271644, 22.163659736807517], [89.06439017366773, 22.16383252894809], [89.0643453946243, 22.16400771418472], [89.06431199830018, 22.164162085511805], [89.06430616349877, 22.164184984949202], [89.06427325730505, 22.16433735618409], [89.06426693237319, 22.164362256612833], [89.06423451630997, 22.16451262595706], [89.06422770394539, 22.16453952827669], [89.06419577351625, 22.16468789572997], [89.06418847551777, 22.1647168008397], [89.06415702892383, 22.16486316550271], [89.0641492488889, 22.16489407430214], [89.06411828433141, 22.165038434376413], [89.06411002315923, 22.165071347764524], [89.06407953794042, 22.165213704149153], [89.06407079832871, 22.165248621226908], [89.06404078975072, 22.165388973922063], [89.0640315743978, 22.16542589558867], [89.06400204066182, 22.165564242795597], [89.06399235226542, 22.16560316995043], [89.06396329157269, 22.165739512568564], [89.06395313013303, 22.165780445211396], [89.06392454068504, 22.165914781442098], [89.06391669945288, 22.165946452829928], [89.06391390979917, 22.165957720472534], [89.06388578799886, 22.16609005031563], [89.06387469036474, 22.166134996632877], [89.06384703531262, 22.16626532008854], [89.06383547093026, 22.16631227279322], [89.06380828172684, 22.166440588962075], [89.06379625329458, 22.166489548953564], [89.0637695263427, 22.166615857835666], [89.06375703655806, 22.166666826013227], [89.06373077095839, 22.1667911267092], [89.06371782072085, 22.166844103072947], [89.0636920137755, 22.166966394683357], [89.0636786048837, 22.16702138013261], [89.06366029378762, 22.16710826903136], [89.06366151236892, 22.167142288585865], [89.063661699428, 22.167181668099545], [89.06366665918915, 22.16732088135359], [89.06366682646302, 22.167359031494243], [89.06367180600921, 22.16749947412154], [89.06367195439736, 22.167536394888828], [89.06367695282921, 22.167678066889323], [89.06367708233148, 22.167713759182732], [89.06368209964927, 22.167856659657105], [89.06368221026582, 22.16789112257726], [89.06368724557012, 22.168035252425057], [89.06368733909954, 22.168068485972015], [89.06369239059143, 22.168213845192838], [89.06369246883247, 22.168245849366542], [89.0636975356129, 22.168392437061414], [89.0636975985654, 22.168423212761127], [89.06370268063438, 22.168571029829195], [89.06370272829844, 22.168600576155825], [89.06370782475648, 22.168749622597147], [89.06370785893074, 22.168777939550353], [89.0637129679792, 22.16892821536493], [89.06371298956299, 22.16895530204573], [89.0637181121013, 22.169106807233504], [89.0637181210945, 22.16913266544026], [89.06372100498953, 22.16921847142129], [89.0637232544247, 22.169285400001286], [89.06372325262612, 22.169310028834843], [89.06372839674822, 22.169463992769238], [89.06372838505712, 22.169487391330165], [89.06373353907156, 22.169642584637643], [89.06373351748795, 22.16966475472475], [89.06373868049576, 22.169821177405595], [89.06373865081815, 22.1698421172199], [89.06374382191996, 22.169999769274], [89.06374378504773, 22.170019480614656], [89.06374896244472, 22.170178361142575], [89.06374891927732, 22.170196843109807], [89.06375410207016, 22.170356953910357], [89.0637540535069, 22.170374205605185], [89.06375924169578, 22.170535545778932], [89.063759189535, 22.170551568100564], [89.06376438042184, 22.170714137647508], [89.06376432466396, 22.170728930595715], [89.06376951914808, 22.17089273041529], [89.0637694615915, 22.170906293091093], [89.063774656975, 22.171071322283865], [89.06377459851899, 22.171083655586244], [89.06377979390248, 22.17124991415227], [89.06377973544647, 22.171261018081623], [89.06378493082997, 22.171428506020845], [89.06378487417271, 22.171438380576774], [89.06379006685813, 22.17160709788925], [89.06379001289878, 22.171615742172946], [89.06379520198709, 22.171785689757826], [89.06379515162507, 22.171793104668154], [89.06380033711599, 22.171964281626458], [89.06380029214984, 22.1719704662641], [89.06380561973373, 22.172147803578355], [89.0638175879115, 22.17232424966437], [89.06383619668327, 22.17249980632107], [89.06386144514966, 22.172674471749474], [89.06389333421015, 22.172848247748618], [89.06393186386447, 22.173021133418672], [89.06397703321358, 22.1731931278606], [89.06398615233911, 22.17322324525668], [89.064023342903, 22.173364970317152], [89.06403280736833, 22.173396292804682], [89.0640696525926, 22.173536812773875], [89.06407946239733, 22.173569339453536], [89.06411596318122, 22.17370865433105], [89.06412611652712, 22.17374238700154], [89.06416227377002, 22.173880496787547], [89.06417277065691, 22.17391543454977], [89.06420858525814, 22.174052338344893], [89.06421942388732, 22.174088482097943], [89.06425489764553, 22.174224180801446], [89.06426607711796, 22.174261529646003], [89.06430121003285, 22.174396022358565], [89.06430557536652, 22.17441063208446], [89.06431273034838, 22.174434578093383], [89.06434752242035, 22.17456786391591], [89.0643593817801, 22.174607626540762], [89.06439383570711, 22.174739705473087], [89.06440603411136, 22.174780674988142], [89.06444014989319, 22.174911547030433], [89.06445268554319, 22.17495372343575], [89.0644864640791, 22.175083389486986], [89.0644993360757, 22.17512677188313], [89.06452626897232, 22.175230224495294], [89.06455784506858, 22.175294900139704], [89.06459264613386, 22.1753727166776], [89.06463332157057, 22.17545598850313], [89.06466843020394, 22.175534473237406], [89.06470879807262, 22.175617076866786], [89.06474421427413, 22.175696230696587], [89.06476337934316, 22.17573542862982], [89.06478427457466, 22.175778165230213], [89.06481999834438, 22.175857988155713], [89.06485975107682, 22.17593925359381], [89.06489578331394, 22.176019744715518], [89.06493522757887, 22.176100341957294], [89.06497156738396, 22.1761815021747], [89.06501070318154, 22.17626143032072], [89.06504735145421, 22.17634325873445], [89.06508617968353, 22.176422518684376], [89.06512313642378, 22.17650501619363], [89.06516165618558, 22.176583607047974], [89.06519892049386, 22.176666772753435], [89.06527751854281, 22.176827054425075], [89.06536160605344, 22.176984457366984], [89.06545118302574, 22.1771389806795], [89.06554624945994, 22.177290626161437], [89.06557955315401, 22.177339897318575], [89.06564315051105, 22.177441309369044], [89.0656761925024, 22.177490199213423], [89.06574005156233, 22.177591991677104], [89.06577283275021, 22.17764050110827], [89.06583695261344, 22.177742674884712], [89.06586947299786, 22.17779080300329], [89.06593385366449, 22.17789335809215], [89.06596611324568, 22.17794110489814], [89.0660307547156, 22.17804404040021], [89.06606275349344, 22.178091406793158], [89.06612765576688, 22.17819472360759], [89.06615939374109, 22.17824170868795], [89.06622455681799, 22.178345406815197], [89.0662560339889, 22.178392010582797], [89.0663214578691, 22.178496090022634], [89.06635267423667, 22.178542312477816], [89.06641835892015, 22.17864677323007], [89.06644931448432, 22.17869261347346], [89.06651525907205, 22.1787974555383], [89.06654595473213, 22.178842915368307], [89.06661216012316, 22.17894813874574], [89.0666425958791, 22.178993217263155], [89.06670906117427, 22.17909882195312], [89.06673923612692, 22.179143519158174], [89.06680596222554, 22.179249505160726], [89.06683587637474, 22.179293821053022], [89.06690286237728, 22.179400188368163], [89.06693251662233, 22.179444122048665], [89.06699976342833, 22.1795508715756], [89.06702915776953, 22.179594423943684], [89.06709666358023, 22.17970155478298], [89.06712579801734, 22.179744725838532], [89.06719356463134, 22.179852237990417], [89.06722243826493, 22.179895026834174], [89.06729046568262, 22.180002921198025], [89.06731907941213, 22.180045328729022], [89.06738736583435, 22.180153603506085], [89.06741571965978, 22.18019563062404], [89.06748426688546, 22.180304286713522], [89.06751235990754, 22.180345931619513], [89.06758116703736, 22.180454969920902], [89.06760900105473, 22.180496233514532], [89.06767806718904, 22.18060565312851], [89.06770564130238, 22.180646534510004], [89.06777496824031, 22.180756337235323], [89.06780228244952, 22.180796836405023], [89.06787186839205, 22.18090702044276], [89.06789892269717, 22.18094713829987], [89.06796876944333, 22.18105770365014], [89.06799556384436, 22.181097439295513], [89.06806566959506, 22.181208386857577], [89.06809220409212, 22.18124774119036], [89.06816256974696, 22.181359070065184], [89.06818884523915, 22.181398042186004], [89.06825946989869, 22.18150975327262], [89.06828548638612, 22.181548343181646], [89.0683563709498, 22.18166043648006], [89.06838212663394, 22.181698645076494], [89.0684532711017, 22.18181111968744], [89.06847876778096, 22.181848946072137], [89.06855017125338, 22.181961802895046], [89.0685754089281, 22.181999247966985], [89.06864707140528, 22.182112486102483], [89.06867204917592, 22.182149548962627], [89.06874397155718, 22.182263170209296], [89.06876869032288, 22.1822998499581], [89.06884087170891, 22.182413853416676], [89.06886533146991, 22.182450151853118], [89.06893777186082, 22.182564536624113], [89.0689619726171, 22.18260045284859], [89.06903467291193, 22.18271521983172], [89.06905861286486, 22.182750753844232], [89.06913157306383, 22.182865903039158], [89.06915525401189, 22.18290105573925], [89.06922847321556, 22.183016587145914], [89.06925189515886, 22.183051356734723], [89.06932537336746, 22.18316727035335], [89.06934853630605, 22.183201657730365], [89.0694222735192, 22.18331795356079], [89.06944517745302, 22.183351959625213], [89.0695191736711, 22.183468636768225], [89.06954181860021, 22.183502260620855], [89.06961607292362, 22.183619320874982], [89.06963845974724, 22.183652561616555], [89.06971297307535, 22.18377000408259], [89.069735099995, 22.183802862612197], [89.06980987322726, 22.183920687290026], [89.06983174114202, 22.18395316360767], [89.06990677337899, 22.184071371396783], [89.06992838228899, 22.184103465502687], [89.07000367353089, 22.18422205460422], [89.07002502343619, 22.18425376649816], [89.07010057368262, 22.184372737811657], [89.07012166458316, 22.1844040674938], [89.07019747383453, 22.18452342191847], [89.07021830573035, 22.184554368489444], [89.07029437308688, 22.18467410512585], [89.07031494687737, 22.184704669485086], [89.07039127323878, 22.184824788333458], [89.07041158802451, 22.184854970480558], [89.07048817339069, 22.18497547244027], [89.07050822917154, 22.1850052714762], [89.07058507354236, 22.18512615564771], [89.07060487121788, 22.18515557337105], [89.07068197279494, 22.18527683885509], [89.07070151236508, 22.18530587436669], [89.07077887294662, 22.185427522961902], [89.07079815351204, 22.185456175362333], [89.07083921925471, 22.185520736792682], [89.07085579915588, 22.185558115314848], [89.07086621150665, 22.18558322078917], [89.07092380229182, 22.185712533406843], [89.07093815007573, 22.185746994528245], [89.07099179103852, 22.1858669568947], [89.07101010213461, 22.185910761072932], [89.0710597662952, 22.18602138487904], [89.07108206678413, 22.18607452132221], [89.07111941562869, 22.186157378560267], [89.07111989856452, 22.186158950575134], [89.07114351566088, 22.186243796214285], [89.07117114463273, 22.186333815653086], [89.0711946888839, 22.186418459844162], [89.0712223898015, 22.186508680731095], [89.07124586210705, 22.186593123473983], [89.07127363586972, 22.186683545809046], [89.07129703533002, 22.18676778710369], [89.07132488193793, 22.18685840998768], [89.07134820855305, 22.186942450733568], [89.07136188838348, 22.186986952374184], [89.07137612800608, 22.18703327506563], [89.07139938177619, 22.187117114363446], [89.07142737407412, 22.187208140143582], [89.07145055499922, 22.187291777993323], [89.07147862104165, 22.187383004322214], [89.07150172822236, 22.18746644252235], [89.07152986800907, 22.187557869400166], [89.07155290054601, 22.187641106152228], [89.07158111407722, 22.18773273357897], [89.07160407286977, 22.187815769782105], [89.0716323610448, 22.18790759865692], [89.0716552451936, 22.18799043431119], [89.07168360891154, 22.188082462835553], [89.07170641751719, 22.188165098840216], [89.0717348558789, 22.188257327913504], [89.07178315127152, 22.188432450197467], [89.07182589424974, 22.188608057216186], [89.07186308571295, 22.18878414986881], [89.0718947238625, 22.18896072635647], [89.07192080959783, 22.189137787578886], [89.07194134381803, 22.189315334435207], [89.07195632472468, 22.189493365126737], [89.07196575411632, 22.189671880552964], [89.07196963109368, 22.189850881612983], [89.07196795565682, 22.19003036650838], [89.07196072690607, 22.190210337037513], [89.07194794664048, 22.19039079230123], [89.07194793315068, 22.190390924501628], [89.07193524191791, 22.19056920160739], [89.0719351573818, 22.190571247565117], [89.07192254798736, 22.190747477814], [89.07192236992142, 22.19075170372821], [89.071909854956, 22.190925754919817], [89.07190958156207, 22.190932158992098], [89.07189716372324, 22.191104032025578], [89.07189679230322, 22.19111261515519], [89.07188447428922, 22.191282309131395], [89.07188400124573, 22.191293070418908], [89.07187178485498, 22.191460586237156], [89.07187120838972, 22.191473526582115], [89.07185909721971, 22.19163886424235], [89.07185841553354, 22.19165398274521], [89.07185172710933, 22.19174488448698], [89.0718464104836, 22.191817142247487], [89.07184562087878, 22.1918344389083], [89.07183372554607, 22.19199542115183], [89.07183282442543, 22.192014895071395], [89.07182104150803, 22.192173699156967], [89.07182002797197, 22.19219535213381], [89.07180835836908, 22.192351978061367], [89.07180722971987, 22.192375808297072], [89.07179567612963, 22.192530257865258], [89.07179443056862, 22.192556265359542], [89.07178299478954, 22.1927085367696], [89.07178163051782, 22.192736721522635], [89.07177031434867, 22.19288681657349], [89.07176882956787, 22.19291717858505], [89.07175763570638, 22.19306509637721], [89.07175602771866, 22.19309763564752], [89.07174495706425, 22.19324337618093], [89.0717360169038, 22.193422527427856], [89.07173166328573, 22.19360274706918], [89.07173189710954, 22.193784035105125], [89.07173671747569, 22.193966392435073], [89.07174612438433, 22.194149818159644], [89.07176011873457, 22.19433431227884], [89.07177869872811, 22.19451987569181], [89.07180186706256, 22.194706507499404], [89.07182962104031, 22.19489420860083], [89.07186196245965, 22.19508297719767], [89.07189889132087, 22.19527281598772], [89.07194040582522, 22.19546372227296], [89.0719441092333, 22.195479143847592], [89.07198233941358, 22.195654726584394], [89.0719852244386, 22.19566674782226], [89.07185280646189, 22.19580578031264], [89.07171647913225, 22.195955250334634], [89.07158508818128, 22.196105871488896], [89.07145863360915, 22.19625764287599], [89.07133711721434, 22.19641056449609], [89.07122053719814, 22.19656463544959], [89.07110889356068, 22.19671985753547], [89.07100218720137, 22.196876229854297], [89.07090041722051, 22.1970337524059], [89.07080358451793, 22.197192425190337], [89.0707415079143, 22.19730038610396], [89.0707100469312, 22.197351865096607], [89.07064672926327, 22.197461933121872], [89.07061651024378, 22.197511305902196], [89.07055194881349, 22.197623480139555], [89.07052297535517, 22.197670746707672], [89.07045716836365, 22.19778502625809], [89.07042944046634, 22.197830188412638], [89.07036238701465, 22.19794657057787], [89.07033590737626, 22.197989629218114], [89.07030527717495, 22.198042763940293], [89.07026760476634, 22.19810811489765], [89.07024237518556, 22.19814907092291], [89.0701728216186, 22.19826965831811], [89.07014884479344, 22.19830851352708], [89.07007803847085, 22.198431199939932], [89.07005531530069, 22.198467955232104], [89.06998325352441, 22.19859274156181], [89.06996178670727, 22.198627397836276], [89.06988846767871, 22.198754281385106], [89.06986826081163, 22.198786841339825], [89.06979368093369, 22.198915820309026], [89.06969552442911, 22.19907365852265], [89.0695931563991, 22.19922687062359], [89.06948657414625, 22.19937545481355], [89.06937577946877, 22.199519411991446], [89.06926077236682, 22.19965874215734], [89.06914155194113, 22.199793444412023], [89.06901811819165, 22.19992352055408], [89.06889047201787, 22.200048969684246], [89.06875861341933, 22.20016979090326], [89.0687315788993, 22.20019287560075], [89.06862592204874, 22.200289698410984], [89.0685986959731, 22.200312949483134], [89.06849323067814, 22.20040960501933], [89.06846581394632, 22.2004330224662], [89.06836053930755, 22.200529512527112], [89.06833293101994, 22.200553096348415], [89.0682278479369, 22.200649420034836], [89.06820004809379, 22.200673169331424], [89.06809515566692, 22.200769327542616], [89.06806716516763, 22.20079324321364], [89.06796246429633, 22.200889234150964], [89.06793428224142, 22.200913316196647], [89.06782977292573, 22.201009141658687], [89.06780139931527, 22.201033390078862], [89.06769708155514, 22.201129049166468], [89.06766851638906, 22.201153463961248], [89.06756439018454, 22.201248956674192], [89.06753563346291, 22.201273536944313], [89.06743169881395, 22.201368863282596], [89.0674027514359, 22.20139361082653], [89.06729900654398, 22.20148877079032], [89.06726986850975, 22.201513683809537], [89.06716631517338, 22.201608678297873], [89.0671369855836, 22.201633757691923], [89.06703362380279, 22.201728584906448], [89.06700410265739, 22.201753831574138], [89.06690093243213, 22.201848492414], [89.06687121973107, 22.201873904557146], [89.06676824106154, 22.201968399921782], [89.06673833770424, 22.20199397843936], [89.06663554879157, 22.2020883065303], [89.06660545477808, 22.202114052321747], [89.06650285742097, 22.202208214037853], [89.0664725718517, 22.202234125304813], [89.06637016605038, 22.202328120646428], [89.06633968892555, 22.202354199187027], [89.06623747378057, 22.20244802815398], [89.06620680689878, 22.202474273069413], [89.06610478240998, 22.20256793566176], [89.06607392397257, 22.202594346951628], [89.06597209103921, 22.20268784227011], [89.06594104104624, 22.202714419934637], [89.06583939966862, 22.20280774977789], [89.06580815812003, 22.202834493817022], [89.06570670739882, 22.202927656386407], [89.06567527609326, 22.202954567699237], [89.06557401602805, 22.20304756389396], [89.06554239316705, 22.203074641581622], [89.0654413246574, 22.203167470502535], [89.0654095102409, 22.20319471456446], [89.06530863238766, 22.20328737801009], [89.0652766282139, 22.203314788446846], [89.065175941017, 22.203407284618663], [89.06514374528774, 22.20343486232906], [89.06504324964641, 22.203527192126217], [89.06501086236159, 22.203554936211503], [89.06491055737644, 22.20364709873479], [89.06487798033459, 22.20367501009372], [89.06477786600584, 22.203767006242515], [89.06474509740843, 22.203795083976104], [89.06464517373587, 22.20388691285092], [89.06461221448222, 22.203915156959113], [89.06451248236527, 22.204006820358643], [89.06447933245528, 22.204035230841328], [89.06437979099468, 22.204126726967047], [89.06434644952907, 22.204155304723713], [89.0642470987247, 22.204246633575394], [89.06421356750229, 22.204275378605928], [89.06411440735411, 22.204366541083118], [89.06408068457591, 22.204395452488313], [89.06398171508414, 22.204486447691522], [89.06394780254914, 22.20451552637053], [89.06384902371354, 22.204606355199246], [89.06381491962293, 22.204635600252743], [89.06371633144357, 22.20472626180765], [89.06368203669678, 22.20475567413513], [89.06358364007298, 22.204846168415997], [89.06354915466977, 22.204875748017344], [89.06345094780318, 22.204966075923778], [89.06341627174362, 22.20499582189973], [89.06331825643258, 22.205085982532125], [89.06328338971684, 22.205115895781944], [89.06318556416261, 22.20520588914053], [89.06315050679063, 22.205235969664386], [89.06305287279196, 22.205325796648253], [89.06301762476369, 22.2053560435466], [89.06292018052199, 22.205445703256657], [89.06288474183748, 22.205476117428987], [89.06278748915139, 22.205565609865175], [89.06275185981053, 22.205596191311372], [89.06265479688142, 22.20568551737273], [89.06261897688432, 22.205716265193587], [89.06252210551082, 22.205805423981303], [89.06248609485755, 22.205836339075972], [89.06238941324102, 22.205925330589707], [89.06235321193134, 22.205956412958187], [89.06225672187026, 22.206045237198055], [89.06222032990439, 22.206076486840573], [89.06212402960045, 22.20616514470578], [89.06208744787756, 22.206196560722788], [89.06199133733048, 22.206285051314183], [89.0619545649514, 22.206316634605173], [89.06185864595989, 22.20640495792253], [89.0618216829244, 22.206436708487388], [89.06172595368992, 22.206524864530934], [89.06168879999825, 22.206556782369603], [89.06159326231932, 22.20664477113928], [89.06155591797142, 22.20667685625199], [89.06146057004935, 22.206764678647062], [89.06142303594447, 22.206796930134203], [89.06132787777938, 22.20688458525541], [89.06129015301826, 22.20691700401659], [89.06119518640878, 22.207004491863984], [89.06115727099132, 22.20703707879818], [89.06106249413898, 22.20712439847233], [89.0610243880651, 22.207157152680566], [89.06092980186901, 22.207244305080735], [89.06089150603833, 22.20727722656278], [89.06084983738384, 22.20731562406735], [89.06079711049841, 22.207364211689082], [89.06075862401133, 22.207397300445223], [89.06066441822844, 22.207484119196863], [89.06062574108518, 22.207517374327438], [89.06053172595847, 22.20760402580521], [89.06049285905834, 22.207637448209823], [89.0603990336885, 22.207723932413614], [89.0603599770314, 22.207757522991415], [89.0602663423179, 22.20784383902196], [89.06022709500456, 22.20787759687363], [89.0601336500481, 22.207963745630536], [89.06009421207841, 22.207997670756015], [89.06000095777813, 22.208083652238884], [89.05996133005141, 22.20811774463823], [89.05986826550816, 22.208203558847288], [89.05982844802463, 22.208237819419992], [89.05973557413756, 22.208323465455635], [89.05969556599763, 22.208357893302207], [89.05960288186759, 22.20844337206404], [89.05956268307148, 22.208477967184592], [89.05947018959762, 22.208563278672386], [89.05942980104464, 22.208598041066807], [89.05933749732782, 22.20868318528096], [89.0592969190177, 22.2087181158484], [89.05920480595722, 22.208803091889365], [89.05916403699086, 22.208838189730784], [89.05907211368725, 22.208922998497712], [89.05903115406454, 22.208958263613], [89.05893942141728, 22.209042905106116], [89.05889827203771, 22.20907833839476], [89.0588067291473, 22.209162811714464], [89.05876539001093, 22.209198412276976], [89.05867403687733, 22.209282718322868], [89.05863250798393, 22.20931848615936], [89.05854134460753, 22.209402624931386], [89.0584996259571, 22.209438560940953], [89.05840865233756, 22.20952253153979], [89.05836674393015, 22.209558634823168], [89.05827596096697, 22.209642438148137], [89.05823386100394, 22.20967870960493], [89.058143268697, 22.20976234475654], [89.05810097897717, 22.209798783487145], [89.05801057642702, 22.20988225136489], [89.05796809695016, 22.20991885736953], [89.05787788415722, 22.210002157973292], [89.05783521492339, 22.21003893215112], [89.05774519188725, 22.210122063682263], [89.05770233289638, 22.210159006033336], [89.05761249961728, 22.210241970290838], [89.05756945086961, 22.2102790808151], [89.0574798073473, 22.210361876899185], [89.05743656884277, 22.210399154697313], [89.05734711507733, 22.21048178350759], [89.05730368681583, 22.210519229478905], [89.05721442280753, 22.210601690115936], [89.057170804789, 22.21063930336129], [89.05708173053756, 22.21072159672434], [89.05703792186267, 22.210759377243505], [89.05694903826759, 22.21084150243354], [89.05690503983584, 22.210879452025267], [89.05681634599762, 22.210961409041886], [89.05677215780884, 22.210999525907482], [89.05668365372782, 22.21108131565029], [89.05663927578206, 22.211119600689074], [89.05655096145784, 22.211201222258637], [89.05650639375506, 22.211239675470836], [89.05641826918787, 22.21132112886704], [89.05637351172828, 22.21135974935305], [89.0562855769179, 22.211441034576183], [89.05624062970145, 22.211479824134642], [89.0561528846481, 22.211560941184587], [89.0561077476745, 22.211599898017027], [89.05602019237813, 22.211680847792934], [89.05597486564767, 22.21171997279862], [89.05588750010816, 22.211800754401338], [89.05584198362072, 22.211840046680834], [89.05575480783818, 22.211920660110536], [89.05570910159389, 22.211960121462596], [89.05562211556821, 22.212040566718883], [89.05557621956689, 22.21208019534481], [89.05548942329841, 22.212160473327287], [89.05544333843949, 22.212200270126345], [89.05535673102844, 22.212280379036258], [89.05531045641249, 22.212320344908107], [89.05522403875847, 22.212400285644833], [89.05517757438571, 22.212440418790322], [89.0550913464885, 22.21252019225318], [89.0550446923587, 22.212560493571914], [89.05495865421852, 22.212640097962208], [89.05491181033193, 22.212680568353676], [89.0548259610494, 22.21276000457061], [89.0547789283051, 22.21280064223589], [89.05469326877943, 22.21287991117913], [89.0546460462781, 22.212920717017482], [89.05456057650946, 22.212999816888157], [89.05451316425132, 22.213040791799244], [89.05442788423966, 22.213119723496504], [89.05438028222432, 22.21316086568146], [89.05429519196969, 22.21323963010491], [89.05424740019754, 22.21328094046322], [89.05416249969971, 22.213359535814106], [89.05411451906991, 22.213401015244813], [89.05402980653054, 22.213479442422454], [89.05398163704291, 22.213521090026404], [89.05389711426056, 22.21359934813148], [89.05384875501613, 22.21364116390862], [89.05376442199059, 22.21371925473983], [89.05371587298913, 22.21376123869038], [89.05363172972062, 22.213839160449027], [89.05358299096235, 22.213881313471973], [89.05349903745065, 22.213959067057374], [89.0534501098349, 22.214001388253564], [89.05336634428147, 22.214078973665778], [89.05331722780795, 22.21412146213595], [89.0532336520115, 22.214198879374806], [89.05318434578112, 22.21424153691754], [89.0531009597417, 22.214318785983323], [89.05305146375412, 22.214361611699132], [89.05296826747173, 22.21443869169235], [89.05291858172734, 22.214481686480667], [89.05278719347433, 22.2146034259074], [89.052659867459, 22.214729695219376], [89.05265485104064, 22.214735018306612], [89.05253269882519, 22.21485614079836], [89.05252744408631, 22.21486171479637], [89.05240553109053, 22.214982586377346], [89.05240003713214, 22.21498841218545], [89.05227836245666, 22.21510903195633], [89.05227263017787, 22.215115108675377], [89.052151194722, 22.215235477535316], [89.05214522232433, 22.215241805165306], [89.05202402698734, 22.2153619231143], [89.05201781537, 22.21536850255444], [89.05189685835353, 22.215488368693286], [89.05189040841572, 22.21549519904437], [89.05176969061887, 22.21561481427227], [89.05176300146138, 22.21562189553407], [89.05164252288421, 22.215741260750633], [89.05163559360784, 22.215748592024], [89.05151535514972, 22.215867706329618], [89.05150818665356, 22.215875289413134], [89.05138818741506, 22.215994151908603], [89.05138077880002, 22.216001985903063], [89.05126101878108, 22.216120598386965], [89.05125337184569, 22.216128682392764], [89.05113385104659, 22.21624704396595], [89.05112596489141, 22.216255378882693], [89.05100668331193, 22.21637349044431], [89.05099855703787, 22.21638207537262], [89.05087951557726, 22.216499936023297], [89.05087114918416, 22.21650877186238], [89.0507523478426, 22.21662638250166], [89.05074374223005, 22.216635468352308], [89.05062518100732, 22.21675282898002], [89.05061633437651, 22.216762164842066], [89.05049801327289, 22.216879274559005], [89.05048892652286, 22.216888861331938], [89.05037084553823, 22.217005721037367], [89.05036151956853, 22.21701555692249], [89.05024367780356, 22.2171321675155], [89.05023411171499, 22.21714225341225], [89.05011651006907, 22.217258613094486], [89.05010670386133, 22.217268949902177], [89.04998934323379, 22.217385059572848], [89.04997929600779, 22.217395646392106], [89.04986217549913, 22.21751150605121], [89.04985188815431, 22.217522341982658], [89.04973500776447, 22.21763795252957], [89.0497244803006, 22.217649038472416], [89.04960784092918, 22.217764399007933], [89.04959707244711, 22.217775734962345], [89.04948067319452, 22.217890845486295], [89.0494696645934, 22.217902430552897], [89.04935350546009, 22.21801729196443], [89.04934225673992, 22.2180291270426], [89.0492263386248, 22.21814373844279], [89.04921484888621, 22.21815582263315], [89.04909917089014, 22.218270184921153], [89.04908744103267, 22.21828251912308], [89.04897200405486, 22.218396631399514], [89.04896003317918, 22.21840921471363], [89.04884483721958, 22.218523077877876], [89.04883262532547, 22.21853591120339], [89.04871766948492, 22.218649525255444], [89.04870521747199, 22.21866260679394], [89.04859050264963, 22.21877597173375], [89.0485778087189, 22.21878930328387], [89.04846333491514, 22.21890241821211], [89.04845040086542, 22.218915998874422], [89.04833616807986, 22.219028864690472], [89.04832299301188, 22.219042694464804], [89.04820900124457, 22.21915531206804], [89.04819558425885, 22.219169390954733], [89.04808183440929, 22.2192817585464], [89.04806817640531, 22.219296086545285], [89.04795466667463, 22.219408205924083], [89.04794076765245, 22.219422782135837], [89.04782749983934, 22.219534652402274], [89.04781335979874, 22.21954947772639], [89.04770033300406, 22.219661098880636], [89.04768595104588, 22.219676173316714], [89.04757316616877, 22.219787546258374], [89.04755854319234, 22.219802869806642], [89.04744599933349, 22.219913992736736], [89.04743113443948, 22.219929565397194], [89.0473188324982, 22.220040440114246], [89.04730372658577, 22.220056260987747], [89.04719166566292, 22.220166887491985], [89.0471763178329, 22.2201829565783], [89.04706449882764, 22.220293333970346], [89.0470489099792, 22.22030965216868], [89.04693733199235, 22.220419781347914], [89.04692150122634, 22.220436347759232], [89.04681016515707, 22.220546228725595], [89.04679409247348, 22.220563043349784], [89.04668299832178, 22.220672675203957], [89.04666668372056, 22.220689738940337], [89.0465558314865, 22.220799122581525], [89.04653927586708, 22.22081643453089], [89.04642866465122, 22.220925569959263], [89.04641186711399, 22.220943129222064], [89.04630149781593, 22.221052017336774], [89.04628445836113, 22.221069824812616], [89.04617433188002, 22.221178463815136], [89.04615704960827, 22.22119652040317], [89.04604716504474, 22.221304911192874], [89.04602964085535, 22.22132321599372], [89.04591999820946, 22.221431358570385], [89.04590223210249, 22.221449911584273], [89.04579283137417, 22.221557805948123], [89.0457748233494, 22.22157660627545], [89.04566566543826, 22.22168425332569], [89.04564741459654, 22.221703301866], [89.04553849860298, 22.22181070070343], [89.04552000584368, 22.221829997456553], [89.0454113317677, 22.22193714808094], [89.04539259709077, 22.221956693046934], [89.04528416583179, 22.22206359545868], [89.04526518833791, 22.222083387738337], [89.0451569989965, 22.222190042836246], [89.04513777958499, 22.22221008332866], [89.04502983216122, 22.222316490213927], [89.04501037083213, 22.222336778020065], [89.04490266622514, 22.222442937591666], [89.0448829620791, 22.222463473610446], [89.04477549938986, 22.22256938586861], [89.04475555332618, 22.222590169201], [89.04464833345395, 22.22269583324612], [89.04462814457332, 22.222716863892344], [89.04452116661867, 22.22282228062386], [89.04450073492109, 22.222843559482726], [89.0443940006827, 22.222948728001427], [89.04437332616817, 22.222970254174072], [89.04426683384742, 22.22307517537911], [89.04424591741531, 22.223096948865248], [89.04413966791151, 22.223201623656053], [89.04411850866222, 22.2232236444558], [89.04401250197543, 22.22332807103379], [89.04399109901016, 22.223350339146975], [89.04388533514015, 22.2234545184113], [89.0438636902573, 22.223477034737527], [89.04375816920424, 22.223580966688417], [89.04373628060506, 22.223603729428703], [89.04363100236895, 22.223707414065927], [89.04360887185214, 22.22373042411988], [89.04350383643305, 22.223833861443666], [89.04348146309911, 22.22385711971043], [89.04337667049714, 22.22396030972061], [89.04335405344682, 22.223983814401663], [89.043249504561, 22.22408675709829], [89.04322664469396, 22.22411050909284], [89.04312233772572, 22.224213205375236], [89.04309923504172, 22.22423720468339], [89.04299517178981, 22.224339652752803], [89.0429718262888, 22.224363899374566], [89.0428680058539, 22.22446610102986], [89.04284441663657, 22.224490594065742], [89.042740839918, 22.22459254840743], [89.04271700788371, 22.224617288756917], [89.04261367398192, 22.224718996684317], [89.04258959823147, 22.224743983448093], [89.04248650714663, 22.22484544496143], [89.04246218857918, 22.224870679038645], [89.04235934121073, 22.224971892339], [89.04233477982632, 22.22499737372982], [89.04223217527482, 22.225098340616057], [89.04222481792112, 22.225105971363462], [89.04220976327008, 22.22512623848513], [89.04212082031967, 22.22523960522375], [89.04209939846851, 22.225268394321063], [89.04201415173173, 22.22537684356655], [89.04191041223584, 22.22551601994843], [89.04181039863113, 22.225657659573415], [89.04171411001835, 22.225801761542186], [89.04162154639738, 22.225948326754065], [89.04156571288746, 22.226041988447037], [89.04153127874571, 22.22609641002134], [89.04147232638678, 22.226195103421446], [89.04144101559052, 22.22624449598686], [89.0413789344903, 22.22634821479835], [89.04135075603267, 22.226392583750794], [89.04128553899648, 22.226501324376727], [89.04126050097148, 22.226540675112176], [89.04119213900611, 22.226654431257145], [89.04117025040676, 22.226688770070666], [89.04109873451915, 22.22680753633881], [89.0410800034395, 22.226836866827966], [89.04100532553548, 22.226960637823368], [89.04098976096878, 22.22698496628334], [89.04091191205515, 22.22711373750917], [89.04089952209534, 22.227133068436444], [89.04082689531344, 22.227252967355298], [89.04081849497771, 22.22726683539628], [89.04080928771856, 22.22728117328768], [89.04072507250419, 22.22741992968605], [89.04071905783832, 22.227429280836816], [89.04063164643344, 22.22757302217724], [89.04062883155547, 22.227577391083912], [89.0405385935814, 22.227725494136394], [89.0405382320539, 22.227726121863043], [89.04044824678931, 22.22787352524307], [89.0404449273916, 22.22787928180344], [89.0403579044937, 22.228021559047818], [89.04035161823259, 22.228032439945252], [89.04026756669498, 22.228169595550526], [89.04025830457715, 22.228185595388936], [89.04023745019828, 22.228219560984087], [89.04020699016058, 22.228282660116747], [89.0401782990894, 22.228346211608482], [89.04013113594328, 22.228443846506366], [89.04010180275606, 22.228508793745902], [89.04005528352457, 22.2286050328961], [89.04002530642288, 22.228671376782756], [89.03997943020664, 22.228766220185037], [89.03994880919032, 22.228833958920177], [89.03990357778804, 22.2289274065746], [89.03987231195777, 22.228996541057597], [89.03982772536932, 22.229088593863708], [89.03979581382583, 22.229159123195075], [89.0397518738501, 22.229249781152646], [89.03971931659328, 22.22932170443312], [89.03967602143138, 22.229410968441584], [89.0396428184614, 22.229484286570596], [89.03960016991198, 22.229572155730523], [89.03956631943026, 22.22964686780881], [89.03952431929196, 22.22973334301946], [89.03948982129833, 22.229809449946288], [89.03944846867199, 22.2298945303084], [89.03941332226708, 22.22997203118433], [89.03937261805197, 22.230055717597338], [89.03933682233657, 22.230134611523226], [89.03929676743195, 22.230216905785653], [89.03926032330531, 22.23029719276127], [89.0392209177113, 22.230378093973968], [89.0391838233748, 22.23045977399954], [89.03914506799066, 22.230539282162283], [89.03910732344434, 22.230622354338266], [89.03906921916922, 22.230700470350598], [89.0390308226145, 22.230784934677104], [89.03899337034795, 22.230861658538686], [89.03895432178467, 22.230947515015828], [89.03891752152651, 22.231022846727], [89.03887782095478, 22.231110094455346], [89.03884167270508, 22.231184034915316], [89.03880131922557, 22.23127267479424], [89.03876582478318, 22.231345224003007], [89.03872481749653, 22.23143525423376], [89.03868997776027, 22.231506412191322], [89.03864831576732, 22.23159783367322], [89.03861413073759, 22.231667601278787], [89.03857181313873, 22.231760413112568], [89.0385382837149, 22.231828790366478], [89.03849531051031, 22.231922992552256], [89.03846243669216, 22.23198997945417], [89.03841880788173, 22.232085571991604], [89.03838659056885, 22.23215116944101], [89.03834230435393, 22.232248150531746], [89.03831074534469, 22.232312358528702], [89.0382658008262, 22.232410729072058], [89.03823489922132, 22.2324735485156], [89.03818929639903, 22.2325733076122], [89.03815905399722, 22.23263473850244], [89.03811279197186, 22.232735885252964], [89.03808320967244, 22.232795927590132], [89.03803628754474, 22.232898463793106], [89.03800736534782, 22.23295711847635], [89.0379597822182, 22.23306104143404], [89.03793152102304, 22.233118308463247], [89.03788327689188, 22.233223619074863], [89.03785567759763, 22.233279498450088], [89.03780677066601, 22.233386196715628], [89.03777983507143, 22.233440689336533], [89.03773026444026, 22.233548773457187], [89.03770399164603, 22.23360188022275], [89.03765375821456, 22.233711351097952], [89.0376281500192, 22.233763070209648], [89.03757725108932, 22.233873927839568], [89.03755230749312, 22.23392426199524], [89.03751071474773, 22.23401480034289], [89.03750450942562, 22.234038615289876], [89.03748189327484, 22.23411589223474], [89.03745563756775, 22.2342166828538], [89.03743323725416, 22.234293107241115], [89.03740676481033, 22.234394750417493], [89.0373845812336, 22.234470322247716], [89.03735789295251, 22.234572818880565], [89.03733592521286, 22.234647538153467], [89.03730902109464, 22.234750886444317], [89.03728726829297, 22.2348247531599], [89.03726014833723, 22.23492895490739], [89.03724833689193, 22.234968998997033], [89.03723861227223, 22.235001968166273], [89.03721127737862, 22.235107022471084], [89.03718995535229, 22.23517918407225], [89.03716240552075, 22.235285090934383], [89.03714129843223, 22.235356399078626], [89.0371135336627, 22.235463159397455], [89.03709264151229, 22.235533614085057], [89.03706466270404, 22.235641227860526], [89.0370439845924, 22.2357108290916], [89.03701579084623, 22.235819296323598], [89.03699532677291, 22.23588804499741], [89.03696691988756, 22.235997364786726], [89.03694666985302, 22.236065260003784], [89.0369180489289, 22.236175433249798], [89.0368980120337, 22.236242475010386], [89.03686917886961, 22.23635350171287], [89.03684935331506, 22.23641969001676], [89.03680332961005, 22.23659697067376], [89.036764328711, 22.236774426698616], [89.03673235241632, 22.236952057191843], [89.03670739892743, 22.23712986305287], [89.03668946824456, 22.237307843382382], [89.03667957929923, 22.23746937960823], [89.03667790296305, 22.23748598289194], [89.03666796545423, 22.237648036227995], [89.03666633768148, 22.23766412150212], [89.03665635160945, 22.23782669194827], [89.03665477239997, 22.23784226101168], [89.03664473776462, 22.238005347668718], [89.0366432071184, 22.238020399621803], [89.03663312302041, 22.238184003389165], [89.03663164183689, 22.238198538231984], [89.0366215091754, 22.238362660008818], [89.03662007745476, 22.23837667774154], [89.03660989443125, 22.238541315729208], [89.03660851217319, 22.238554816351723], [89.03659827968704, 22.238719971449655], [89.03659694779105, 22.23873295586128], [89.03658666494266, 22.23889862716993], [89.03658538250949, 22.23891109447146], [89.03657505019851, 22.239077282890378], [89.03657381812735, 22.239089233980962], [89.0365634354543, 22.23925593951003], [89.03656225374516, 22.239267372591144], [89.03655182071014, 22.23943459523042], [89.03655068936285, 22.239445512100872], [89.03654020506656, 22.239613250950867], [89.03653912588004, 22.239623650711053], [89.03652859032218, 22.239791906671314], [89.0365275614979, 22.23980179022061], [89.03651697467882, 22.23997056239159], [89.03651599801509, 22.239979928830792], [89.03650535903523, 22.240149218112037], [89.03650443363273, 22.240158068340293], [89.0364937433917, 22.240327873832484], [89.03649287014997, 22.240336206950474], [89.03648212774812, 22.240506529552704], [89.03648130666716, 22.240514345560655], [89.03647051210459, 22.24068518527315], [89.03646974318417, 22.240692485070213], [89.036458896461, 22.240863840993597], [89.03645817970141, 22.240870623680394], [89.0364472799181, 22.241042496714044], [89.0364466171178, 22.241048763189895], [89.03643566427456, 22.241221153333697], [89.03643505363499, 22.241226901800076], [89.03642404773177, 22.241399808154767], [89.03642349105138, 22.241405041309633], [89.03641243118886, 22.241578463874987], [89.03641192846777, 22.241583179919985], [89.03640081464596, 22.241757119595434], [89.03640036498501, 22.241761319429372], [89.03638919810317, 22.24193577531588], [89.03638880330078, 22.241939458938873], [89.03637791726914, 22.24210918297939], [89.03637758066088, 22.242114431036327], [89.03637724071717, 22.242117597549054], [89.03636596411815, 22.242293086756604], [89.03636567813373, 22.242295737058782], [89.03635434667586, 22.24247174247705], [89.0363541164495, 22.242473875668964], [89.0363427292337, 22.242650398197497], [89.0363425538659, 22.24265201517852], [89.03633111179141, 22.242829053917717], [89.03633099218166, 22.242830153788702], [89.0363194943493, 22.243007709638164], [89.03631943049743, 22.243008293298203], [89.03630787690719, 22.24318636535861], [89.0363078688132, 22.243186431908384], [89.0362962882433, 22.243364570518565], [89.03629627835056, 22.24336502287764], [89.03628470407591, 22.243542709128747], [89.03628468339161, 22.243543680396613], [89.03627311900931, 22.243720847739098], [89.03627308843232, 22.243722338814962], [89.03626153484208, 22.24389898634928], [89.0362614934732, 22.24390099633399], [89.03624995067486, 22.24407712495946], [89.03624989761488, 22.24407965475234], [89.03623836650746, 22.24425526356964], [89.03623830265559, 22.24425831227137], [89.03622678234024, 22.244433402179823], [89.03622670769647, 22.24443697068972], [89.03621519817301, 22.244611540789947], [89.03621511273735, 22.24461562820875], [89.03620361310641, 22.2447896794003], [89.03620351777818, 22.244794286627098], [89.03619202893918, 22.244967817111103], [89.03619192281906, 22.244972944146127], [89.03618044477179, 22.245145955721284], [89.03618032785994, 22.245151602564476], [89.03616885970519, 22.245324094331465], [89.03616873290082, 22.24533026008345], [89.03615727553796, 22.245502232941817], [89.0361571379417, 22.245508918501855], [89.03614569137073, 22.245680371551998], [89.03614554298258, 22.245687576020828], [89.03613410720334, 22.24585851016218], [89.03613394802346, 22.245866234439234], [89.03612252213674, 22.24603664877236], [89.03612235306434, 22.246044891958206], [89.03611093796951, 22.246214787382712], [89.036110758105, 22.246223550376612], [89.03609935290291, 22.246392925992893], [89.03609916314605, 22.246402207895756], [89.03608776873568, 22.246571064603074], [89.03608756818676, 22.246580866313934], [89.03607618456846, 22.2467492032132], [89.03607597322764, 22.246759523833134], [89.03606386835304, 22.246938128292015], [89.03604332693806, 22.2471158442209], [89.03603393262, 22.247173167907533], [89.03602005877872, 22.24729327416543], [89.03601060960199, 22.24735099715093], [89.03599679061944, 22.247470704109787], [89.0359872865842, 22.247528827293706], [89.03597352156095, 22.247648133154883], [89.03596396446557, 22.24770665653716], [89.03595025340161, 22.24782556309941], [89.03594064144755, 22.24788448578056], [89.03592698524233, 22.248002992144563], [89.03591731842954, 22.248062315023788], [89.03590371618361, 22.24818042208892], [89.0358939954117, 22.248240145166562], [89.03588044802433, 22.248357851134074], [89.03587067329306, 22.248417974410017], [89.03585717896561, 22.248535281078375], [89.03584735027505, 22.248595803653416], [89.0358339108065, 22.248712710123527], [89.03582402815641, 22.24877363379619], [89.03581064174784, 22.248890140068056], [89.03580070513863, 22.248951463039646], [89.03578737268913, 22.24906756911321], [89.03577738301999, 22.249129292283044], [89.03576410452985, 22.249244998158133], [89.03575406000198, 22.2493071215265], [89.03574083547136, 22.249422428102662], [89.03573073788334, 22.249484951669274], [89.03571756641264, 22.249599857147814], [89.0357074157647, 22.249662780912672], [89.03569429735398, 22.249777287092172], [89.03568409364607, 22.249840611055447], [89.0356710282955, 22.249954716137324], [89.03566077062823, 22.250018440298902], [89.03564775923678, 22.250132146081796], [89.03563744850959, 22.2501962695423], [89.03562449017812, 22.25030957512695], [89.03561412639095, 22.250374099685075], [89.03560122111963, 22.250487005071307], [89.03559080427232, 22.25055192892853], [89.03557795206092, 22.25066443411646], [89.03557337847354, 22.2506929697351], [89.03556748215368, 22.25072975817193], [89.03555468300226, 22.25084186316161], [89.03554416003504, 22.250907588314533], [89.03553141394377, 22.251019293105912], [89.03552083791641, 22.25108541755816], [89.03550814398568, 22.251196722151064], [89.03549751669715, 22.251263247700763], [89.03548487492719, 22.251374152095593], [89.03547419457851, 22.25144107694416], [89.03546160586853, 22.251551581140745], [89.03545087245988, 22.251618906187616], [89.03543833591067, 22.251729011085047], [89.03542755034124, 22.25179673633039], [89.03541506685195, 22.2519064401302], [89.03540422912198, 22.25197456557379], [89.03539179689409, 22.25208386917535], [89.03538090700334, 22.25215239571662], [89.03536852783543, 22.25226129911971], [89.03535758488471, 22.25233022496002], [89.03534525787734, 22.25243872816486], [89.03533426366545, 22.252508055102794], [89.03532198881885, 22.252616157209957], [89.03531094154681, 22.25268588434625], [89.03529871886099, 22.252793587154486], [89.0352876203275, 22.252863714489024], [89.03527544890295, 22.252971016199467], [89.03526429820886, 22.253041543732422], [89.03525217894509, 22.253148446143996], [89.0352409769896, 22.253219373875027], [89.03522890988637, 22.253325875189148], [89.03521765577034, 22.25339720311848], [89.0352056399285, 22.253503304234073], [89.0351943336517, 22.253575033261257], [89.03518236997047, 22.2536807341786], [89.03517101243244, 22.253752862504655], [89.0351591000126, 22.253858163223754], [89.03514769121301, 22.253930692647486], [89.03513682380543, 22.254026804093712], [89.03511357992784, 22.25410682576944], [89.03509513213464, 22.254182497424495], [89.0350666515049, 22.25428094351082], [89.03504953830571, 22.254351597848085], [89.03501973027642, 22.25445506215152], [89.0350039390807, 22.254520695573774], [89.03497281534328, 22.25462918259086], [89.03495833266106, 22.25468979060139], [89.03492590760465, 22.25480330392935], [89.03491271904682, 22.254858883830593], [89.03487900795994, 22.254977426167386], [89.03486709913739, 22.25502797346229], [89.03483211461048, 22.255151549304628], [89.03482147203334, 22.255197060396085], [89.03478522935495, 22.255325674240623], [89.03477583683548, 22.25536614463192], [89.03475053208393, 22.25545637139186], [89.03473835219324, 22.255499800075825], [89.03473019444306, 22.255535226169854], [89.0346914840249, 22.255673926810346], [89.03468454395664, 22.25570430411051], [89.03464462305095, 22.25584805534362], [89.03463888537641, 22.255873379353034], [89.03459777107031, 22.256022185675477], [89.03459321870224, 22.256042450998393], [89.03455092898224, 22.256196316906482], [89.03454754303476, 22.256211519046474], [89.03450409498816, 22.25637044993647], [89.03450185747488, 22.25638058439648], [89.03445727088638, 22.256544583865605], [89.034456163821, 22.256549645250004], [89.03441045847592, 22.256718711499502], [89.03436499774654, 22.256887854191177], [89.03436339515468, 22.256892816650236], [89.03431952892316, 22.25705700317826], [89.03431633902784, 22.257066914606582], [89.0342740556033, 22.25722615036659], [89.03422077436926, 22.257392262343046], [89.03415917800373, 22.257555143954903], [89.03408926740593, 22.257714795201764], [89.03401104257574, 22.25787121428516], [89.0339245026139, 22.258024403003958], [89.03386629039716, 22.258116433326848], [89.03376388999163, 22.25819039267253], [89.03361341992343, 22.258287814431185], [89.0334587752024, 22.258376995701894], [89.0332999558284, 22.258457937384094], [89.03313696270078, 22.258530638578293], [89.03296979402097, 22.258595100183754], [89.03279845158744, 22.2586513213015], [89.03274999161891, 22.258664568315282], [89.03262582492192, 22.258705008129596], [89.0325841944051, 22.258716327896252], [89.03245319375992, 22.258758685964608], [89.03241839899005, 22.258768097369966], [89.03228055810143, 22.258812353907047], [89.03225260447431, 22.258819877635347], [89.03210791794612, 22.25886601375572], [89.03208681175715, 22.258871665994718], [89.03193527329432, 22.258919665510177], [89.0319210199392, 22.258923464246664], [89.03190901532764, 22.258927241882077], [89.03176262504519, 22.25897330827172], [89.03175522902075, 22.258975270592316], [89.03158997319878, 22.259026943838478], [89.03158943990093, 22.259027085032017], [89.03143325464117, 22.25907561964425], [89.03142326587118, 22.259076075600433], [89.0312977313053, 22.259087176831827], [89.03125222381118, 22.259089264158206], [89.0311279860677, 22.25910029794045], [89.03108118175123, 22.25910245181683], [89.03095824083033, 22.259113418149752], [89.03091013969123, 22.259115640374603], [89.03078849559273, 22.25912653835917], [89.03075985427671, 22.259127866451138], [89.03073909763123, 22.259128828932432], [89.03061875035513, 22.259139658568472], [89.03056805557145, 22.25914201838941], [89.03044900511753, 22.259152778777718], [89.03039701351145, 22.259155207846618], [89.0302792598801, 22.259165898087815], [89.0302259714515, 22.259168397303768], [89.0301095146425, 22.259179017397912], [89.03005492939167, 22.259181586760917], [89.0299397694049, 22.259192135808462], [89.02988388733172, 22.259194777117273], [89.02977002416748, 22.259205254219125], [89.0297128461711, 22.259207967473856], [89.02964609219345, 22.259214137722324], [89.0294902729579, 22.259186274027513], [89.02931099850395, 22.259145269438818], [89.02913585283744, 22.259096057637066], [89.02896483685777, 22.259038638622258], [89.02879794966566, 22.258973013293996], [89.02863519126123, 22.2588991798533], [89.02847656164408, 22.25881713919972], [89.02836184232524, 22.258750128016118], [89.02832100231245, 22.258728997545234], [89.02820623443029, 22.258661971073195], [89.02816544208162, 22.25864085499154], [89.02805062743454, 22.258573813230953], [89.02800988274998, 22.258552713337224], [89.02789501953964, 22.258485655388654], [89.02785432251915, 22.25846457168268], [89.02773941164452, 22.25839749844596], [89.02769876318752, 22.258376430028363], [89.027583804649, 22.25830934060366], [89.02754320295651, 22.258288288373876], [89.02742819675404, 22.258221182761417], [89.02738764362505, 22.258200146719503], [89.0272725897583, 22.25813302491929], [89.02723208339404, 22.258112005065016], [89.0271169818634, 22.258044867077047], [89.02707652406235, 22.2580238634107], [89.02696137486765, 22.257956709234747], [89.02692096383157, 22.257935721756155], [89.02680576697276, 22.257868551392676], [89.02676540449988, 22.257847581001215], [89.02665015997701, 22.257780393550433], [89.02660984426888, 22.257759439346728], [89.02649455208206, 22.257692235708134], [89.0264542840381, 22.257671297692355], [89.02633894508637, 22.257604077866063], [89.02629872470641, 22.257583156037867], [89.02618333719141, 22.257515920023764], [89.02614316447563, 22.2574950152827], [89.02602773019566, 22.257427761282315], [89.02598760424462, 22.257406873628383], [89.02587212319997, 22.257339603440016], [89.02583204401378, 22.257318732873273], [89.02571651530502, 22.257251445597774], [89.02567648468215, 22.2572305912189], [89.02556090830927, 22.257163286856326], [89.02552092445114, 22.25714245046379], [89.02540530131375, 22.257075129014027], [89.0253653642203, 22.257054308809472], [89.025249694318, 22.256986971171955], [89.0252098039893, 22.256966168054305], [89.02509408642311, 22.25689881243028], [89.02505424375846, 22.25687802639999], [89.02493847942736, 22.256810654588207], [89.02489868442683, 22.25678988564482], [89.02478287243179, 22.25672249584659], [89.024743124196, 22.25670174488971], [89.02462726543604, 22.25663433800429], [89.02458756396499, 22.256613604134543], [89.02447165844035, 22.25654617926284], [89.02443200373415, 22.256525462480226], [89.02431605144477, 22.256458020521393], [89.02427644350314, 22.256437321725116], [89.0242190019311, 22.2564039166798], [89.02416044444902, 22.256369862679094], [89.0241208832723, 22.25634918096995], [89.02400483745333, 22.256281703937645], [89.0239653230413, 22.25626104021501], [89.02384922955838, 22.256193545196027], [89.02380976281046, 22.25617289945984], [89.02369362256263, 22.256105387353898], [89.02365420257945, 22.25608475870473], [89.02353801556711, 22.25601722861228], [89.02349864234861, 22.255996617949563], [89.02338240857136, 22.25592906987083], [89.0233430821176, 22.255908477194623], [89.02322680157579, 22.255840911129155], [89.02318752188677, 22.255820336439456], [89.0230711945801, 22.255752752387707], [89.02303196165576, 22.255732195684345], [89.02291558848373, 22.25566459364626], [89.02287640142498, 22.255644054929178], [89.02275998148815, 22.255576434904583], [89.02272084119397, 22.255555914174238], [89.0226043744924, 22.255488276163135], [89.02256528096314, 22.255467773419127], [89.02244876749671, 22.255400117421516], [89.02240972073213, 22.25537963266396], [89.02229316050114, 22.25531195868001], [89.02225415960191, 22.25529149280817], [89.02213755350539, 22.255223799938562], [89.0220985993709, 22.25520335205323], [89.02198194650964, 22.255135641196944], [89.02194303914007, 22.25511521129812], [89.02182634041333, 22.255047482455495], [89.02178747890906, 22.255027071442328], [89.02167073341775, 22.25495932371382], [89.02163191867822, 22.25493893068716], [89.021515126422, 22.25487116497237], [89.02147635754784, 22.25485078993205], [89.02135951942626, 22.254783006230923], [89.021320797317, 22.25476265007626], [89.02120391243074, 22.254694847489247], [89.02116523708622, 22.25467450932132], [89.02104830633436, 22.254606687848423], [89.02100967685521, 22.254586369465358], [89.02089269933879, 22.254518529106974], [89.02085411662438, 22.254498228710418], [89.0207370923431, 22.254430370365355], [89.020698555494, 22.254410088854627], [89.02058148624673, 22.25434221162385], [89.02054299526316, 22.254321948099516], [89.02042587925098, 22.254254051983025], [89.02038743503215, 22.254233808243725], [89.02027339020486, 22.25416769997946], [89.02022757154526, 22.254154220041414], [89.02011077389318, 22.254114632784194], [89.02005573358537, 22.254098434195384], [89.01994080202655, 22.254059400920653], [89.01977002077001, 22.254009121623653], [89.01959804431436, 22.253966156512888], [89.01942487265978, 22.253930506487734], [89.01925050580638, 22.25390217154802], [89.01907494375382, 22.253881151693918], [89.01903816957599, 22.25387829994378], [89.01889913348828, 22.253861654391983], [89.01886222621084, 22.25385878555454], [89.01872332232352, 22.253842157089935], [89.01868628194654, 22.25383927206491], [89.01854751115877, 22.253822658888623], [89.01851033858145, 22.253819757675842], [89.01837170089345, 22.253803161586745], [89.01833439431692, 22.253800243286662], [89.0181958897287, 22.25378366428481], [89.01815845095183, 22.253780728897596], [89.01802007856395, 22.253764166982762], [89.01798250668747, 22.253761215407735], [89.0178442682984, 22.25374466878145], [89.017806562423, 22.253741701018726], [89.01766845713365, 22.253725171479573], [89.01763061905791, 22.25372218662966], [89.01749264596896, 22.25370567417764], [89.01745467479356, 22.25370267224065], [89.01731683570358, 22.25368617687559], [89.01727873142846, 22.253683157851583], [89.01714102453883, 22.253666679573655], [89.01710278716394, 22.25366364436178], [89.01696521337408, 22.2536471813724], [89.01692684379884, 22.253644129972713], [89.01678940310853, 22.253627684070466], [89.01675089953454, 22.253624615583703], [89.01661359194378, 22.253608186768588], [89.01643690034274, 22.253594078204287], [89.01625908189118, 22.25358686744005], [89.0160801365891, 22.253586554475987], [89.01593157758043, 22.253591986381252], [89.01580831110482, 22.25367387594872], [89.01566029348783, 22.2537806254756], [89.01551798746522, 22.25389199931641], [89.01538139303699, 22.254007994773247], [89.01525051020297, 22.254128613644752], [89.0151253389634, 22.254253855930813], [89.01500587841866, 22.25438372163154], [89.01489213036768, 22.254518208948298], [89.01478409391092, 22.254657320578985], [89.01468176904854, 22.254801054724965], [89.01458515578042, 22.254949412285725], [89.01449425320732, 22.255102392361607], [89.0144090631278, 22.255259995852214], [89.01432958464267, 22.255422222757545], [89.01425581775192, 22.255589072178054], [89.01418776155606, 22.25576054501329], [89.01412541785373, 22.255936640363643], [89.01407423653677, 22.256099962643248], [89.01407957940904, 22.256240076118786], [89.01409220768937, 22.25641318751866], [89.0141108758163, 22.256586584003742], [89.0141355828909, 22.25676026647318], [89.014166328913, 22.256934235826407], [89.0142031147821, 22.257108491164047], [89.01424593959854, 22.2572830324861], [89.01426414457472, 22.25734816858329], [89.01429092998256, 22.257457677230093], [89.0143104992303, 22.25752805457614], [89.0143349724811, 22.257628413520592], [89.01435126010267, 22.257653796885336], [89.01437907793229, 22.25769426278015], [89.01444884104137, 22.257802967433065], [89.01447627396095, 22.25784285866098], [89.01454642287928, 22.257952137980794], [89.01457346998978, 22.257991454542037], [89.01464400471718, 22.25810130852875], [89.01467066601862, 22.258140050423037], [89.01474158745441, 22.258250478177104], [89.01476786204722, 22.25828864540472], [89.01483916929232, 22.258399648724833], [89.01486505807605, 22.25843724128572], [89.01493675113022, 22.258548819272562], [89.01496225410489, 22.258585838066097], [89.0150343338675, 22.258697988921142], [89.01505944923434, 22.258734433947154], [89.01513191570541, 22.25884715946887], [89.015156645263, 22.258883029828155], [89.01522949844264, 22.258996329117394], [89.01525384039246, 22.259031625708985], [89.01532708117992, 22.259145498765747], [89.0153510364213, 22.259180221590043], [89.01542466301782, 22.259294669313704], [89.01544823155075, 22.25932881837042], [89.01552224575511, 22.259443838962056], [89.0155454266802, 22.25947741425125], [89.01561982849239, 22.25959300861058], [89.01564262180966, 22.259626011031628], [89.01571741122962, 22.259742178258932], [89.01573981693912, 22.259774606912686], [89.01581499486628, 22.259891347907512], [89.01583701206857, 22.259923203693063], [89.01591257760356, 22.260040517555865], [89.01593420719803, 22.260071799573893], [89.01601016034061, 22.260189687204388], [89.01603140142811, 22.260220396354327], [89.01610774397727, 22.260338856852798], [89.01612859655756, 22.260368993134705], [89.01620532671456, 22.260488025601944], [89.01622579078781, 22.26051758991491], [89.01630291035116, 22.260637195250524], [89.0163229859171, 22.26066618669529], [89.01640049398765, 22.260786364898877], [89.01642018014735, 22.260814783475496], [89.01649807762425, 22.260935533648023], [89.01651737437743, 22.26096338025593], [89.01659566126091, 22.261084702397227], [89.01661456860751, 22.261111977036137], [89.0166932448974, 22.26123387204575], [89.01671176283764, 22.261260573816514], [89.016790828534, 22.261383040794783], [89.0168089570679, 22.26140917059689], [89.01688841306986, 22.26153220954393], [89.0169061503986, 22.261557768276475], [89.01698599670647, 22.261681379192282], [89.01700334462885, 22.261706365056682], [89.01708358124233, 22.261830547941486], [89.0171005379596, 22.261854961837116], [89.01718116487893, 22.261979716690632], [89.01719773218969, 22.2620035595167], [89.0172787494148, 22.262128885439836], [89.01729492552056, 22.262152157196454], [89.01737633395078, 22.262278053289606], [89.01739211885126, 22.26230075397666], [89.01747391848659, 22.26242722203881], [89.01748931218219, 22.262449351656414], [89.01757150302262, 22.262576390787785], [89.0175865055129, 22.262597949335998], [89.01766908755843, 22.26272555953699], [89.01768369884377, 22.26274654701558], [89.0177666720943, 22.26287472738676], [89.01778089217453, 22.26289514379596], [89.01786425752965, 22.263023896135962], [89.01787808460602, 22.263043741475542], [89.01796184206546, 22.26317306398579], [89.01797527793673, 22.263192340054502], [89.0180594275007, 22.26332223183556], [89.01807247036828, 22.263340937734256], [89.01815701203651, 22.263471400584763], [89.01816966279978, 22.26348953541384], [89.0182545974717, 22.263620568434533], [89.01826685523133, 22.263638133093423], [89.01835218290711, 22.26376973628436], [89.01836404766283, 22.263786731672383], [89.0184497683423, 22.263918904134187], [89.01846124009421, 22.263935329352137], [89.01854735377748, 22.264068071983957], [89.01855843252571, 22.26408392703172], [89.01864494011204, 22.264217239833783], [89.01865562495726, 22.26423252561068], [89.01874252554728, 22.264366406784404], [89.01875281648938, 22.26438112418964], [89.01884011188184, 22.264515574634174], [89.01885000892094, 22.264529721869224], [89.01893769731703, 22.264664742484], [89.01894720045306, 22.264678320448184], [89.01903528365159, 22.26481390943445], [89.01904439198523, 22.264826919027144], [89.01913286998615, 22.26496307728422], [89.01914158351741, 22.264975517606103], [89.01922389396759, 22.265102149344784], [89.01922626817793, 22.265115151743032], [89.01925577043755, 22.265249909755596], [89.01926230894827, 22.265285764071223], [89.01926575381151, 22.26530465418648], [89.01929474705508, 22.265436554153666], [89.01930523854611, 22.265494158428794], [89.01933372547114, 22.265623198551907], [89.01934472238116, 22.265683662670995], [89.01937270478652, 22.265809842949977], [89.01938420441763, 22.265873167812515], [89.01941168500133, 22.265996488247424], [89.01942368555478, 22.266062673853412], [89.01945066791404, 22.26618313354487], [89.0194631657925, 22.266252180793686], [89.01948965172613, 22.266369778842318], [89.0195026442317, 22.266441688633165], [89.0195286373368, 22.26655642503914], [89.0195620957142, 22.266741975861464], [89.01958657076375, 22.26692574692578], [89.01960206338458, 22.267107740030326], [89.01960857357699, 22.267287952477034], [89.01960610134051, 22.26746638606494], [89.01959464667578, 22.267643040793814], [89.01957420958212, 22.26781791576434], [89.01954478916082, 22.267991011875836], [89.01950638721007, 22.268162328228925], [89.01945900283079, 22.268331865723212], [89.0194026351237, 22.268499623458922], [89.0193372858871, 22.268665602335773], [89.01926295332282, 22.268829801454274], [89.01917963922904, 22.268992221713688], [89.01908734180745, 22.26915286221498], [89.0189860628567, 22.269311723857015], [89.01894878595778, 22.269364828823882], [89.01888179905592, 22.269469994644624], [89.0188422918385, 22.269526510739865], [89.0187775316578, 22.269628264532855], [89.01874254173504, 22.269678514152247], [89.01873373017764, 22.269685179027817], [89.01870099125784, 22.26971216858169], [89.0185916750658, 22.269795034813114], [89.01856231130176, 22.26981928413278], [89.01844962175272, 22.269904894195633], [89.01842362864761, 22.269926397885], [89.01830757113754, 22.27001475627617], [89.0182849432955, 22.27003350714068], [89.01816552232106, 22.270124621953755], [89.01814625614486, 22.27014061459778], [89.01802347530321, 22.27023449032953], [89.01800756629626, 22.270247719356803], [89.01788143098344, 22.270344361403147], [89.01786887374959, 22.27035482051872], [89.01782056369302, 22.27039191176823], [89.01773938846202, 22.27045423607416], [89.01773017940434, 22.270461919881882], [89.01759734773958, 22.270564113443186], [89.01759148236118, 22.27056901564771], [89.01745530971482, 22.27067399440938], [89.01745278261984, 22.27067610961484], [89.01731410895906, 22.270783232360372], [89.0173132501065, 22.27078384300006], [89.0171755180358, 22.27089045133323], [89.01717111945169, 22.27089358996733], [89.01703692441458, 22.270997666709036], [89.01702899239422, 22.271003341431253], [89.01689832719609, 22.271104878487506], [89.01688844094889, 22.27111196784307], [89.01688669896203, 22.271112850077998], [89.0168679391042, 22.27112329480434], [89.01672580575149, 22.27119525135987], [89.01670752882944, 22.27120543888003], [89.01656491254073, 22.27127765354095], [89.01654711855468, 22.27128758295578], [89.01640401933014, 22.27136005482265], [89.01638670738078, 22.2713697270313], [89.01624312611955, 22.271442457003957], [89.01622629710602, 22.27145187020767], [89.01608223290879, 22.271524859185035], [89.01606588683126, 22.27153401428336], [89.01592133969825, 22.271607262265434], [89.01590547565729, 22.271616157459732], [89.01576044738687, 22.271689664446512], [89.01574506538253, 22.271698300636103], [89.01559955417628, 22.271772067526967], [89.01558465420862, 22.27178044291321], [89.01543866186489, 22.271854470607423], [89.01542424393386, 22.271862586089583], [89.0152777695535, 22.271936873687878], [89.01526383275973, 22.271944728366577], [89.01511687724212, 22.272019276768333], [89.01510342158582, 22.272026870643742], [89.01495598493091, 22.272101679848788], [89.01494301131106, 22.27210901292068], [89.01479509261952, 22.272184083828392], [89.01478260013693, 22.272191155197675], [89.01463420120751, 22.272266486908848], [89.01462218896296, 22.272273296575463], [89.01447330889613, 22.27234889088868], [89.01446177778888, 22.27235543795325], [89.01431241748412, 22.272431295767717], [89.01430136571554, 22.27243757933087], [89.01415152607211, 22.272513699747492], [89.0141409545414, 22.272519720708658], [89.0139906346601, 22.2725961046267], [89.0139805433675, 22.27260186118707], [89.01382974324804, 22.27267850950568], [89.01382013129415, 22.27268400166531], [89.01366885183603, 22.27276091438472], [89.0136597192207, 22.272766142143723], [89.0135079613234, 22.272843320163076], [89.01349930804673, 22.272848281722986], [89.01334707081077, 22.27292572594166], [89.01333889597339, 22.27293042130202], [89.01318618029813, 22.27300813172002], [89.0131784839001, 22.273012560881057], [89.01302528978545, 22.273090537498433], [89.0130180718266, 22.273094699560772], [89.01286439927264, 22.273172944176167], [89.01285765885393, 22.2731768382406], [89.01270350965939, 22.2732553508539], [89.01269724678059, 22.27325897602111], [89.01254262004608, 22.27333775843084], [89.01253683380793, 22.273341113801393], [89.01238173043265, 22.273420166007952], [89.01237642083527, 22.273423251581903], [89.01222084171854, 22.273502573584892], [89.01221600876192, 22.273505388463036], [89.01205995210529, 22.273584981162003], [89.01205559488989, 22.273587524444736], [89.01189906339118, 22.27366738963832], [89.01189518191723, 22.27366966132587], [89.01173817557645, 22.273749799014183], [89.0117347689445, 22.27375179640825], [89.0115772868624, 22.273832208389877], [89.01157435507247, 22.2738339314908], [89.01141639904768, 22.27391461776557], [89.0114139412006, 22.27391606657335], [89.01125551123295, 22.273997028040583], [89.01125352732856, 22.27399820075641], [89.0110946243176, 22.27407943921486], [89.01109311345647, 22.274080334040207], [89.01093373740207, 22.27416185038925], [89.01093269868522, 22.274162467324004], [89.0107728513861, 22.274244261563467], [89.01077228481319, 22.274244598809275], [89.01061196447057, 22.27432667363712], [89.01061187004194, 22.274326731193753], [89.01045146426367, 22.274408889658673], [89.01045106226684, 22.274409062328516], [89.01029019333782, 22.27449150048244], [89.0101362401955, 22.274584015539915], [89.01002976855904, 22.274658304936963], [89.00998729357889, 22.27468382859587], [89.00988093435768, 22.274758051442916], [89.00983834696223, 22.274783640752446], [89.00973210015638, 22.27485779704972], [89.00968939944642, 22.274883452909023], [89.00958326595509, 22.2749575435559], [89.00954045282975, 22.2749832650656], [89.00943443175373, 22.275057289162703], [89.00939150621309, 22.275083078121554], [89.00928559755243, 22.275157035668656], [89.00924255959649, 22.27518289027813], [89.00913676335108, 22.275256782174836], [89.00909361298, 22.275282702434936], [89.00898792914978, 22.27535652778164], [89.00894466546401, 22.275382514591513], [89.00883909494831, 22.27545627428782], [89.00879571884752, 22.27548232674809], [89.00869026074713, 22.275556020793772], [89.00864677223092, 22.275582139804044], [89.00854142654566, 22.275655766400575], [89.00849782561426, 22.27568195196062], [89.00839259234431, 22.275755512906755], [89.0083488789976, 22.2757817641172], [89.00824375814301, 22.275855259412765], [89.00819993148178, 22.275881576273775], [89.00809492394171, 22.27595500501957], [89.00805098486512, 22.275981388430353], [89.00794608974036, 22.27605475152569], [89.00790203824852, 22.276081201486306], [89.00779725553906, 22.276154497132495], [89.00775309163203, 22.27618101364294], [89.00764842133776, 22.276254243638505], [89.00760414501542, 22.276280825799518], [89.00749958713641, 22.276353990144685], [89.00745519749955, 22.276380637956265], [89.00735075293494, 22.27645373575143], [89.00730625088295, 22.276480450112842], [89.00720191873359, 22.27655348225744], [89.00715730426629, 22.27658026226942], [89.00705308453229, 22.27665322876362], [89.00700835764962, 22.276680075325373], [89.00690425033099, 22.276752975269574], [89.00685941013381, 22.27677988748195], [89.00675541612964, 22.276852720876377], [89.00671046351715, 22.276879699638528], [89.00660658192834, 22.276952467382557], [89.00656151690055, 22.27697951179516], [89.00645774772698, 22.277052213888737], [89.00641257028406, 22.27707932395174], [89.00630891352569, 22.27715195949537], [89.00626362276807, 22.277179136108316], [89.00616007932439, 22.277251706001493], [89.00611467615158, 22.277278948264893], [89.00601124512303, 22.277351452507673], [89.00596572953498, 22.27737876042164], [89.00586241182094, 22.277451199013683], [89.00581678201894, 22.277478573477424], [89.00571357761959, 22.277550944620486], [89.00566783540228, 22.277578385634], [89.00556474341829, 22.27765069112661], [89.00551888878584, 22.27767819779058], [89.00541590921699, 22.27775043763262], [89.00536994216918, 22.277778009947383], [89.00526707501564, 22.2778501841388], [89.00522099465337, 22.27787782210396], [89.00511824081434, 22.277949929745603], [89.00507204803671, 22.277977634260537], [89.00496940661282, 22.278049676251555], [89.0049231014201, 22.278077446417115], [89.00482057241152, 22.278149422757735], [89.00477415390424, 22.27817725857369], [89.00467173821022, 22.278249169263916], [89.00462520728763, 22.27827707073027], [89.00452290400887, 22.27834891487049], [89.00447626067097, 22.278376882886846], [89.00437406980757, 22.27844866137667], [89.00432731405431, 22.278476695043423], [89.00422523560621, 22.27854840788285], [89.0041783665385, 22.278576507200228], [89.00407640140492, 22.27864815438886], [89.00402941992184, 22.278676319356805], [89.00392756810277, 22.278747900894984], [89.00388047330523, 22.27877613241276], [89.00377873390164, 22.278847646501788], [89.00373152578936, 22.278875944569336], [89.00362989970017, 22.278947393007968], [89.00360383725354, 22.278963014724866], [89.00358257917276, 22.278975756725913], [89.00348106549882, 22.279047139513978], [89.00343363255627, 22.27907556888249], [89.00333223129752, 22.2791468860201], [89.00328468504028, 22.279175381039067], [89.00318339709622, 22.27924663252611], [89.00313573842362, 22.279275193195645], [89.00303456289487, 22.279346378132914], [89.00298679180719, 22.27937500535228], [89.00288572869357, 22.279446124639094], [89.00283784429115, 22.279474817508856], [89.00273689539159, 22.279545871145046], [89.00268889767455, 22.279574629665603], [89.00258806119012, 22.279645617651227], [89.00253995105805, 22.27967444182218], [89.00243922698877, 22.279745364157407], [89.00239100354207, 22.279774253978758], [89.00229039278747, 22.27984511066336], [89.00224205692558, 22.279874066135335], [89.00214155858617, 22.27994485716954], [89.0020931094096, 22.279973878291912], [89.00199272438482, 22.280044602776343], [89.00194416279294, 22.280073690448546], [89.00184389018352, 22.280144349282352], [89.00179521617628, 22.280173501705917], [89.00169505688137, 22.280244095788476], [89.00164626866047, 22.280273313862494], [89.00154622268008, 22.280343842294656], [89.0014973220438, 22.28037312601907], [89.00139738847878, 22.280443588800665], [89.00134837542737, 22.28047293817565], [89.00124855427742, 22.28054333530679], [89.00119942791133, 22.280572750332226], [89.00109972007613, 22.280643081812798], [89.00105048129473, 22.28067256248886], [89.00095088677415, 22.280742828318978], [89.00090153377886, 22.280772374645437], [89.00080205257285, 22.280842574825158], [89.00075258716225, 22.280872186802014], [89.00065321837133, 22.28094232133111], [89.00060364054576, 22.280971998958762], [89.00050438417003, 22.28104206783729], [89.00045469302978, 22.28107181111534], [89.00035554996873, 22.281141813444094], [89.00030574641312, 22.281171623271916], [89.00020671576738, 22.281241559950047], [89.00015679889731, 22.281271435428494], [89.00005788246546, 22.281341306456227], [89.00000785228065, 22.281371247585128], [88.9999090482641, 22.281441052962407], [88.99985890476484, 22.281471058842328], [88.9997602140628, 22.281540799468416], [88.99970995814817, 22.281570870999076], [88.99961137986134, 22.28164054597454], [88.99956101153151, 22.281670683155653], [88.99946254655936, 22.28174029248055], [88.9994120640157, 22.28177049531223], [88.99931371235806, 22.28184003898673], [88.99926311739904, 22.281870307468807], [88.9991648781567, 22.281939785492682], [88.99911416988323, 22.28197011962544], [88.99901604395541, 22.282039531998862], [88.99896522326657, 22.28206993178202], [88.99886720975411, 22.282139278505042], [88.99881627575058, 22.28216974303939], [88.99871837645196, 22.282239025010995], [88.99866732913392, 22.282269555195967], [88.99856954225066, 22.282338771517175], [88.99851838161811, 22.282369367352544], [88.99842070804931, 22.282438518023355], [88.99836943500145, 22.28246917950912], [88.99827187384801, 22.282538264529364], [88.99822048748564, 22.282568991665755], [88.99812304054603, 22.282638011035488], [88.99807154086898, 22.282668802922956], [88.99797420634474, 22.282737757541668], [88.99792259425237, 22.282768615079704], [88.99782537214321, 22.282837504047677], [88.9977736467365, 22.28286842723628], [88.99767653884129, 22.282937251453006], [88.9976247001199, 22.282968239392858], [88.99752770463999, 22.283036997959186], [88.99747575260403, 22.283068051549435], [88.99737887043864, 22.283136744465367], [88.99732680598743, 22.283167862806692], [88.99727052011849, 22.28320778011505], [88.99723428733262, 22.283242986774496], [88.9972266676013, 22.28324930562502], [88.99722058616123, 22.283254348809237], [88.99710259870602, 22.283368935028477], [88.99708974919275, 22.283379534437984], [88.9969599815181, 22.283505488987203], [88.99684246171034, 22.283640258691037], [88.99673719156823, 22.283783842650337], [88.99670033555208, 22.28384422403184], [88.99663675887945, 22.28393090968376], [88.99659953324192, 22.283991825262603], [88.99653632619061, 22.284077975817922], [88.99649873003239, 22.2841394273928], [88.99643589440115, 22.284225042851517], [88.99639792682291, 22.284287028623567], [88.99633546261168, 22.284372108985735], [88.99629712361354, 22.284434630753765], [88.99623503082205, 22.284519176019273], [88.99619632040384, 22.28458223198453], [88.99613459903259, 22.284666243052698], [88.99609551719453, 22.28472983321535], [88.99603416724312, 22.284813310086236], [88.99599471308562, 22.284877434446116], [88.99593373545366, 22.28496037711983], [88.99589390987614, 22.285025035676938], [88.99583330456335, 22.285107444153255], [88.99579310576723, 22.285172636907703], [88.99573287367326, 22.285254511186793], [88.99569230165855, 22.28532023723932], [88.9956324418838, 22.285401578220387], [88.99559149754964, 22.285467838470083], [88.99553201099354, 22.28554864615313], [88.99543812267137, 22.28570042203694], [88.9953558967573, 22.285860590394066], [88.99532074945319, 22.285944551999535], [88.9953117931048, 22.28603536104322], [88.99530807800545, 22.28621202836257], [88.99530785407438, 22.286214295553464], [88.99530413627696, 22.286390991651047], [88.99530391594294, 22.28639323006371], [88.9953001945484, 22.286569954939466], [88.99529997691252, 22.286572164573727], [88.99529625371923, 22.286748918228113], [88.9952960387813, 22.286751099084142], [88.99529231199068, 22.28692788151659], [88.99529210065003, 22.286930033594217], [88.99528837026213, 22.28710684480501], [88.99528816161944, 22.287108968104405], [88.99528442943296, 22.287285808093657], [88.99528422348817, 22.28728790261465], [88.9952804877044, 22.287464771382133], [88.99528028535696, 22.287466837124896], [88.99527654597586, 22.287643734670723], [88.9952763463263, 22.28764577163514], [88.99527260514668, 22.2878226979592], [88.99527240819526, 22.28782470614533], [88.99526866341813, 22.288001661247847], [88.99526847006382, 22.288003640655575], [88.99526472168958, 22.288180624536267], [88.9952645310334, 22.288182576065196], [88.9952607808604, 22.288359587824743], [88.99526059290218, 22.28836151057544], [88.99525683913191, 22.288538552012596], [88.99525665387154, 22.28854044508546], [88.99525289740336, 22.288717515301187], [88.99525271574032, 22.288719379595875], [88.99524895657419, 22.288896478589663], [88.99524877760905, 22.28889831410595], [88.99524501484564, 22.28907544187831], [88.99524483857863, 22.289077248616138], [88.99524107401646, 22.28925440516673], [88.99524090044719, 22.289256183126383], [88.99523713228791, 22.289433368455377], [88.99523696141677, 22.28943511763663], [88.99523319055936, 22.289612331743854], [88.99523302328555, 22.289614052146874], [88.99522924973019, 22.289791295032273], [88.99522908515428, 22.289792986657062], [88.99522530800164, 22.28997025832092], [88.99522514612369, 22.289971921167307], [88.99522136627309, 22.290149221609397], [88.99522120799242, 22.290150855677552], [88.99521742544391, 22.290328184897817], [88.99521726896182, 22.290329790187798], [88.99521348371536, 22.290507148186464], [88.99521333083055, 22.290508725597192], [88.99520954288619, 22.29068611147494], [88.99520939269951, 22.290687660107608], [88.99520560115769, 22.29086507476336], [88.99520545366892, 22.290866594617682], [88.99520165942914, 22.291044038052007], [88.99520151553764, 22.29104552912787], [88.99519771859997, 22.29122300223986], [88.99519757650705, 22.291224463638116], [88.99519377687142, 22.29140196552828], [88.99519363837578, 22.29140339814836], [88.99518983514287, 22.291580928816927], [88.99518970024457, 22.291582332658606], [88.99518589431369, 22.291759892105404], [88.99518576121392, 22.291761267168795], [88.99518195258514, 22.291938855393994], [88.9951818230827, 22.29194020167904], [88.99517801175597, 22.29211781868247], [88.99517788405228, 22.292119136189285], [88.99517407002742, 22.292296781970947], [88.99517394592101, 22.29229807069953], [88.99517012829887, 22.292475745259537], [88.99517000689042, 22.29247700520972], [88.99516982792528, 22.292485344623003], [88.99522781621073, 22.292654577246992], [88.99522828655631, 22.292655669923363], [88.99528730186768, 22.292829260661904], [88.99535873861504, 22.292994392377352], [88.99544220379471, 22.293149910340105], [88.99553769830618, 22.293295814550277], [88.99564522125002, 22.293432104108376], [88.99576477262627, 22.293558779913894], [88.99585177394033, 22.29363618276369], [88.99589231178095, 22.29367907143211], [88.99598018723594, 22.293757460838208], [88.99601985093551, 22.29379936295038], [88.99610860053161, 22.29387873711414], [88.99614738739211, 22.293919656267178], [88.99623701562581, 22.29400001159138], [88.99627492294951, 22.294039951382786], [88.99636543161955, 22.29412128516924], [88.99640245760753, 22.294160246498336], [88.99649384851233, 22.294242556948518], [88.9965299904668, 22.294280542513093], [88.99662226630466, 22.294363828727796], [88.99663724148627, 22.294379549555288], [88.99665752242691, 22.294400840326546], [88.9967506849963, 22.294485097809172], [88.99678505348749, 22.294521138140055], [88.99687910368783, 22.29460636689049], [88.99691258364885, 22.294641436852885], [88.99700752417806, 22.294727634173114], [88.99704011291101, 22.294761736465148], [88.99713594466829, 22.294848901455737], [88.99716764037447, 22.29488203697656], [88.99726436605772, 22.294970166939777], [88.99729136910145, 22.294998370578526], [88.99740878728579, 22.295068853145153], [88.99743360227905, 22.29508615879928], [88.9975579182634, 22.29516089336056], [88.99758110908101, 22.295177109935707], [88.9977070483418, 22.295252936274153], [88.99772861768173, 22.295268060172873], [88.99785617662133, 22.295344980086895], [88.99787612718166, 22.295359007712193], [88.99800530310245, 22.29543702569822], [88.9980236375809, 22.295449953452703], [88.99815442868402, 22.295529074007618], [88.9981711497789, 22.295540897394687], [88.99830355336638, 22.295621123216392], [88.99831866197673, 22.295631838638542], [88.99845267625005, 22.295713175123126], [88.9984661759733, 22.29572277808387], [88.99860179733508, 22.295805229727762], [88.99861369176864, 22.295813715730446], [88.99875091752102, 22.295897285231604], [88.99876120756375, 22.295904649779857], [88.99890003590798, 22.295989343433575], [88.99890872605704, 22.29599558203057], [88.99904915249658, 22.296081403434073], [88.9990562445501, 22.296086511583383], [88.9991982672862, 22.2961734661327], [88.99920376574124, 22.296177439337384], [88.99935146230024, 22.296268035241667], [88.99950535338945, 22.29634698852277], [88.99966544080763, 22.29641430007996], [88.99969046084607, 22.29642267636558], [88.99982635560201, 22.296480054910717], [88.9998550250894, 22.296489737011882], [88.99998727489287, 22.296545801647483], [88.99999819917372, 22.296549521619], [89.00001958753393, 22.29655680485274], [89.00014819868056, 22.296611541189804], [89.0001841472806, 22.29662388168697], [89.0001885836362, 22.296625776558415], [89.00023701302791, 22.296638709708816], [89.00035735041155, 22.296661544394794], [89.00041079712065, 22.29667584001811], [89.00053074779578, 22.296698547899723], [89.00058458031418, 22.29671297122661], [89.00070414518024, 22.29673555140471], [89.00075836440703, 22.296750101536134], [89.0008775425647, 22.296772554909523], [89.00093214760057, 22.29678723364401], [89.00105094084836, 22.296809556615926], [89.00110593079427, 22.296824364852682], [89.00122433823282, 22.296846559221365], [89.0012797139878, 22.296861497859936], [89.00139773651642, 22.296883560927768], [89.00145349808054, 22.296898629967984], [89.00151054337255, 22.29690926536813], [89.00157113390088, 22.296920561734623], [89.00162728127407, 22.296935763874444], [89.00174453218455, 22.29695756254165], [89.00180106446754, 22.296972897781018], [89.00191793046815, 22.29699456244913], [89.00197484676193, 22.29701003168765], [89.00209132875199, 22.297031562356835], [89.0021486299554, 22.297047167393032], [89.00226472793503, 22.29706856136511], [89.00232241314893, 22.29708430309819], [89.00243812621864, 22.297105559474062], [89.00249619634246, 22.297121438803345], [89.00261152540168, 22.29714255758296], [89.00266997863679, 22.297158575408105], [89.00278492458466, 22.297179554792706], [89.00284376183032, 22.297195712911844], [89.0029583237677, 22.297216551103077], [89.00301754412448, 22.29723285131513], [89.00319207375526, 22.29726448496814], [89.00336875006792, 22.297280303143566], [89.00345918679216, 22.297280304042886], [89.00354650736551, 22.29728816321824], [89.00363936596403, 22.297288341284002], [89.00372426466328, 22.297296022393596], [89.00381954513603, 22.297296380323814], [89.00390202196087, 22.297303879770425], [89.0039997243079, 22.29730442116221], [89.00407977925846, 22.297311735348273], [89.00417990437927, 22.29731246289981], [89.00425753655622, 22.297319589127767], [89.00436008355115, 22.297320507335712], [89.0044352947532, 22.297327442007884], [89.00454026362235, 22.297328552670592], [89.00461305295016, 22.297335293089475], [89.0047204436936, 22.29733659890502], [89.00479081114713, 22.297343142372313], [89.00490062286559, 22.29734464693803], [89.0049685693441, 22.297350991654923], [89.00508080293685, 22.297352695870188], [89.00514632844045, 22.29735883823986], [89.00526098300804, 22.297360746601328], [89.00532408663736, 22.297366684824738], [89.00544116307924, 22.297368798231616], [89.0055018457337, 22.297374529610863], [89.00562134315066, 22.29737685166043], [89.00567960483005, 22.29738237349784], [89.00580152322186, 22.297384905089302], [89.0058573639264, 22.29739021648544], [89.00598170329312, 22.297392960316927], [89.00603512392189, 22.297398058573663], [89.00616188336431, 22.29740101644387], [89.00621288301824, 22.297405898863133], [89.00634206343551, 22.29740907347002], [89.00639064301396, 22.29741373915283], [89.00652224350677, 22.297417131395548], [89.00656840300945, 22.297421577643718], [89.00670242447734, 22.29742519022045], [89.0067461621058, 22.297429416134833], [89.00688260454854, 22.297433249045355], [89.00692392210146, 22.2974372537264], [89.00706278461996, 22.297441309668784], [89.00710168299639, 22.297445090418762], [89.00724296559054, 22.297449371191647], [89.00727944299189, 22.297452926211747], [89.00742314566173, 22.297457432714452], [89.00745720298761, 22.297460761105356], [89.00760332663236, 22.29746549603584], [89.00763496298333, 22.297468595099588], [89.00778350670356, 22.2974735593574], [89.0078127238782, 22.297476429094047], [89.00796368767413, 22.297481623578165], [89.00799048477307, 22.29748426218913], [89.00814386774539, 22.29748968779893], [89.0081682447688, 22.29749209438478], [89.00832404871596, 22.297497753818448], [89.00834600566367, 22.29749992568111], [89.00850422968654, 22.29750581983774], [89.00852376655877, 22.29750775697744], [89.00868440975779, 22.297513886756633], [89.00870152745364, 22.297515587374562], [89.00882254742282, 22.29752031241253], [89.0088641311749, 22.29751199728082], [89.00894656483229, 22.297500658628678], [89.0091227519136, 22.297465397110557], [89.00929574820037, 22.297419549672497], [89.00946555279319, 22.29736311451626], [89.00958584341208, 22.297314726493596], [89.00963304702765, 22.29729901623665], [89.00975327559325, 22.297250670482242], [89.00980054126217, 22.29723491795727], [89.0099207077746, 22.297186615370094], [89.00996803639583, 22.297170820577037], [89.01008813995583, 22.29712255935874], [89.0101355306303, 22.297106722297485], [89.010255572137, 22.297058503347387], [89.01030302486475, 22.29704262491731], [89.01042300341896, 22.296994446436713], [89.01047051999865, 22.2969785266377], [89.0105904356002, 22.29693039042536], [89.01063801513249, 22.296914429257527], [89.01075786778154, 22.296866334413835], [89.01080550936695, 22.296850331877295], [89.01092529906333, 22.29680227750316], [89.01097300450061, 22.296786235396496], [89.01109273124473, 22.29673822059243], [89.01114049873513, 22.296722138016435], [89.01126016252653, 22.2966741636817], [89.01130799386897, 22.29665804063609], [89.01142759380855, 22.296610106771197], [89.0114754890028, 22.296593944155234], [89.01159502598972, 22.296546049860467], [89.01164298413647, 22.29652984767438], [89.01176245727169, 22.296481992949793], [89.01181047837099, 22.296465750294203], [89.01192988855371, 22.296417936039063], [89.01197797350483, 22.296401653813348], [89.0120973198355, 22.296353878228956], [89.01214546863866, 22.29633755733255], [89.01226475201668, 22.296289821318283], [89.01231296377233, 22.2962734617509], [89.0124321832987, 22.296225763508176], [89.01248045890623, 22.296209365270045], [89.01259961458067, 22.296161705698296], [89.01264795403989, 22.29614526878919], [89.01276704586252, 22.29609764788819], [89.01281544917373, 22.296081173207767], [89.0129344762451, 22.296033590977515], [89.01298294430757, 22.29601707672674], [89.01310190752713, 22.29596953226826], [89.01315043944123, 22.295952981145263], [89.01326933880893, 22.295905474458152], [89.01331793457513, 22.295888885563613], [89.01343677009095, 22.295841416648102], [89.01348542970896, 22.29582478998219], [89.01360420137291, 22.295777358838166], [89.01365292574201, 22.295760694400713], [89.01377163175556, 22.29571330012874], [89.01382042087585, 22.295696598819063], [89.01393906303736, 22.295649242318802], [89.01398791600951, 22.295632503237584], [89.01410649431938, 22.295585183609376], [89.0141554111434, 22.295568407655935], [89.01427392470197, 22.295521125799496], [89.01432290627724, 22.295504312074513], [89.01444135598399, 22.295457067090013], [89.01449040231029, 22.29544021739224], [89.01460878636641, 22.295393008380756], [89.01465789744412, 22.29537612181076], [89.01477621764843, 22.29532894967133], [89.01482539257796, 22.29531202712849], [89.01494364803108, 22.295264890962017], [89.014992888611, 22.295247932446216], [89.01511107931304, 22.29520083225276], [89.0151603837449, 22.295183836864737], [89.01527850969552, 22.295136773543334], [89.01532787977794, 22.295119742182465], [89.01544594007811, 22.295072714834077], [89.01549537491178, 22.29505564750019], [89.01561337136013, 22.295008655225388], [89.01566287094482, 22.29499155281809], [89.01578080174272, 22.29494459651596], [89.01583036607866, 22.294927458135817], [89.01594823212537, 22.294880537806705], [89.0159978612125, 22.294863363453544], [89.01611566250801, 22.294816478198072], [89.01616535724554, 22.29479926877127], [89.01628309378981, 22.29475241948859], [89.01633285327858, 22.294735174089], [89.01645052417246, 22.294688359879956], [89.01650034841248, 22.294671080306273], [89.01661795455504, 22.294624300271323], [89.01666784444552, 22.294606985624], [89.0166909768073, 22.294597786458837], [89.01676751540856, 22.29458203843035], [89.01684348383975, 22.294569909274003], [89.01694438957202, 22.294549127740197], [89.01702038498286, 22.29453701387223], [89.01712126373553, 22.294516216150498], [89.01719728522664, 22.29450411757108], [89.01729813789882, 22.29448330546029], [89.01737418547026, 22.294471223068513], [89.01747501296154, 22.29445039387076], [89.01755108571405, 22.29443832766674], [89.017651887125, 22.294417482281062], [89.01772798685721, 22.294405432264966], [89.01782876128834, 22.294384570691477], [89.017904887101, 22.294372537762513], [89.0180056354518, 22.294351658202572], [89.01808178824399, 22.294339643260116], [89.01818250961531, 22.294318745713667], [89.01825868938715, 22.29430674875755], [89.01835938377866, 22.294285833224762], [89.01843558963094, 22.2942738551543], [89.01853625794212, 22.294252920735858], [89.01861249077393, 22.29424096155128], [89.01866284738435, 22.294230477415397], [89.01871313210546, 22.294220008246953], [89.01878939191704, 22.294208067948034], [89.01889000626892, 22.29418709485867], [89.01896629306003, 22.294175174344844], [89.01906688043226, 22.29415418147039], [89.0191431942032, 22.294142281640973], [89.01924375459572, 22.294121267182902], [89.01932009534619, 22.29410938893733], [89.01942062875906, 22.294088352895244], [89.01949699648935, 22.29407649623346], [89.01959750292258, 22.294055438607586], [89.01967389853166, 22.294043604428794], [89.01977437708587, 22.2940225243201], [89.01985079967483, 22.2940107126243], [89.01995125124938, 22.29398960913329], [89.0200277017172, 22.293977820819862], [89.02012812451346, 22.29395669304705], [89.02020460286019, 22.293944929914744], [89.0203049986768, 22.293923777860243], [89.02038150490267, 22.293912039009456], [89.02048187284032, 22.293890861774003], [89.02055840694504, 22.293879148104338], [89.02065874700361, 22.293857944788442], [89.02073530898741, 22.293846258098426], [89.02083562026775, 22.293825027802825], [89.0209122110299, 22.293813368092515], [89.0210124944312, 22.293792110817435], [89.02118981915487, 22.293765190511294], [89.02136793348348, 22.293748771588696], [89.02154683741674, 22.29374285315015], [89.02172653005545, 22.293747436095373], [89.02176607954112, 22.293750741103906], [89.02190639986054, 22.29375436537174], [89.02194546641022, 22.293757613723017], [89.0220163059002, 22.29375946540216], [89.02205528802119, 22.29376048435904], [89.02212289545531, 22.293777277399556], [89.02217722260076, 22.293787552153958], [89.02229725961098, 22.29381697797129], [89.02234163845594, 22.293825208566545], [89.02247162826313, 22.293856643469383], [89.02250604351917, 22.293862898254133], [89.02259776995788, 22.293884771899116], [89.02264600321047, 22.293896273894006], [89.02267043779057, 22.29390062211604], [89.02282038355389, 22.293935868345613], [89.02283482127018, 22.293938381950795], [89.02299476929335, 22.293975425025906], [89.02299919305835, 22.293976178657886], [89.02316365298032, 22.294013688481016], [89.023169111865, 22.29401526049594], [89.02332818214995, 22.29405097347376], [89.02334342206132, 22.294055312702596], [89.02349270142707, 22.294088287244847], [89.02365468551545, 22.294133886469865], [89.02375372875167, 22.29416798336581], [89.02385907173897, 22.294251544773033], [89.02399259138514, 22.29437142709986], [89.02411700809353, 22.29449805883837], [89.02423232186436, 22.294631440888338], [89.02433853359656, 22.294771573249477], [89.02443564239115, 22.294918455922073], [89.02452364914717, 22.295072088006577], [89.02453524590504, 22.295095659237404], [89.0245354464538, 22.295096231206173], [89.02458035140216, 22.295252631403855], [89.02461620557352, 22.295411802412843], [89.02463721733386, 22.295538748014792], [89.0246450270464, 22.29557312729804], [89.02466752088941, 22.295706880768023], [89.0246738350296, 22.29573445488137], [89.02469783703566, 22.295875012621707], [89.02470263132153, 22.295895786961125], [89.0247132959214, 22.295957331615284], [89.02472816577233, 22.29604314447556], [89.02473141592219, 22.296057122638217], [89.02475218846286, 22.296175323232603], [89.02475039071811, 22.296211746674828], [89.02475120370514, 22.29632637066544], [89.02475017944641, 22.296346016912594], [89.02474831598198, 22.296381759910275], [89.02474889964208, 22.29650376823446], [89.02474626193049, 22.296551772246573], [89.02474657579393, 22.296681163105347], [89.02474422676471, 22.29672178368355], [89.02474423126137, 22.29685855707686], [89.02473350055061, 22.29703525137586], [89.02471203373352, 22.297211051748718], [89.02470723315241, 22.297237122195497], [89.02469850972847, 22.297265099204992], [89.02463501669274, 22.2974320808259], [89.02459602748479, 22.29751827814607], [89.02456599192715, 22.29759667654548], [89.0245298400801, 22.297676057004537], [89.02449695097357, 22.29776126596971], [89.02446367066187, 22.29783384305756], [89.02442789203366, 22.297925847300178], [89.024397518331, 22.297991635405765], [89.02435881600661, 22.298090421435802], [89.02433138398624, 22.298149435847847], [89.02428972199311, 22.29825498837704], [89.02426526672878, 22.29830724258528], [89.0242206108926, 22.298419547224455], [89.02419916745765, 22.298465057416536], [89.02415148270478, 22.298584098877143], [89.02413308617304, 22.2986228785432], [89.02408233653068, 22.29874864243601], [89.02406702197555, 22.298780707763456], [89.02401317237008, 22.298913178800262], [89.02400097666373, 22.298938544178498], [89.02394399022313, 22.299077707969957], [89.02393494843926, 22.299096386888777], [89.02387479098888, 22.299242228146454], [89.02386893820108, 22.29925423769305], [89.0238055737683, 22.299406742027713], [89.0238029468486, 22.299412096591084], [89.02373689074494, 22.29956992850947], [89.02373641680225, 22.299571281089925], [89.02367050728816, 22.299727626428876], [89.02366757010236, 22.29973595415106], [89.02359781328852, 22.299900235107884], [89.02351780600208, 22.300060095896868], [89.02348926511758, 22.30010924654448], [89.02345170852965, 22.300148260933554], [89.02332031937732, 22.30026887620778], [89.02320209270243, 22.30036449932237], [89.02318326899274, 22.300381822962834], [89.02306317082883, 22.30047912421236], [89.02304621680963, 22.300494767919304], [89.02292425165308, 22.300593751800307], [89.0229091619284, 22.3006077101777], [89.02278533427574, 22.30070838028763], [89.02277210614784, 22.300720649738366], [89.02264641869732, 22.30082301237229], [89.0226350476695, 22.300833586600902], [89.02250750581686, 22.300937646255477], [89.0224979882916, 22.30094652076548], [89.02236859473493, 22.30105228193736], [89.02236092621575, 22.301059452231982], [89.02222968635112, 22.301166921216407], [89.02222386234155, 22.301172381000697], [89.02209077976585, 22.301281562294378], [89.0220867957691, 22.301285307970716], [89.02195187587853, 22.301396206070137], [89.02194972829739, 22.301398230444022], [89.02181297378974, 22.301510852543913], [89.0218126572284, 22.301511151118802], [89.02167567069569, 22.30162418420889], [89.0216739790709, 22.301625396494956], [89.02153870035079, 22.301737240681177], [89.02153496456702, 22.301739920660964], [89.021401730006, 22.301850295354882], [89.02139595096247, 22.30185444572612], [89.02126475786235, 22.301963350028757], [89.0212569391565, 22.30196897079145], [89.02112778571887, 22.302076402903708], [89.02111792735053, 22.30208349765536], [89.02099081267602, 22.302189455778887], [89.02097891644388, 22.302198025418647], [89.0208538396331, 22.302302506855312], [89.02083990643666, 22.302312554081084], [89.02071686479155, 22.302415557032305], [89.0207008973286, 22.302427083643124], [89.02057988905074, 22.302528605411], [89.02056188911996, 22.302541614104314], [89.02044291330992, 22.302641653789465], [89.02042288181065, 22.30265614546488], [89.02030593666979, 22.302754700369235], [89.02028387629991, 22.30277067862403], [89.02017939834775, 22.302858927634418], [89.0201689582309, 22.302867746049742], [89.0201448707893, 22.302885211783178], [89.02003197979212, 22.302980789931553], [89.02000586707715, 22.302999746741023], [89.01989499955471, 22.303093832914215], [89.01986686426449, 22.30311428349745], [89.01975801931724, 22.303206874997443], [89.01972786235103, 22.303228820253878], [89.01962103818056, 22.303319915281975], [89.01958886133696, 22.30334335880906], [89.01948405524502, 22.303432954667244], [89.01944986122226, 22.303457898263446], [89.01934707141021, 22.303545992253873], [89.01931086290614, 22.30357243951653], [89.01921008667625, 22.30365902894107], [89.01917186548934, 22.30368698166899], [89.01907310104292, 22.303772063829683], [89.01903286987113, 22.30380152562003], [89.01893611451027, 22.303885097818977], [89.01889387515229, 22.30391607047045], [89.01879912707818, 22.30399813000969], [89.01875488133282, 22.304030617119395], [89.01866213784757, 22.304111160401874], [89.01861588931189, 22.304145164667773], [89.01852514771758, 22.304224188995306], [89.01847689819033, 22.304259714014677], [89.01838815578884, 22.304337216689305], [89.01833790886752, 22.304374265160277], [89.01825116386027, 22.30445024168546], [89.01819892044392, 22.30448881720531], [89.018114170133, 22.30456326578218], [89.01805993471822, 22.30460337104887], [89.01797717460693, 22.304676288080373], [89.01792094899275, 22.304717926691012], [89.0178401781817, 22.304789308579814], [89.01778196596496, 22.30483248413202], [89.01770317995795, 22.304902326381352], [89.01764298383677, 22.304947043371442], [89.01756618083476, 22.305015343283515], [89.01750400350716, 22.305061604409616], [89.01742917991288, 22.305128357487888], [89.01736502497607, 22.305176167246373], [89.01729217719242, 22.305241369893395], [89.01722604824369, 22.305290731881826], [89.01715517357258, 22.305354380500262], [89.01708707330994, 22.305405298316032], [89.01695345923491, 22.305525697752785], [89.0168310093436, 22.30565824882916], [89.01679904294167, 22.305699813695583], [89.01671190762863, 22.305794443059142], [89.01668129380676, 22.305834238059674], [89.01659280501411, 22.305930637289237], [89.01656354557127, 22.305968662423936], [89.0164737032988, 22.306066830619784], [89.01644579733573, 22.306103087687404], [89.01635460068445, 22.30620302395056], [89.01632804999957, 22.306237512051666], [89.01623549806993, 22.306339217281106], [89.01621030266341, 22.306371937315078], [89.01615923056153, 22.30642821146347], [89.01611639455604, 22.30647541061188], [89.0160925553273, 22.306506362578716], [89.01599729194146, 22.306611603043052], [89.01597480889035, 22.306640787842184], [89.01587818842779, 22.30674779547445], [89.01585706155419, 22.30677521400503], [89.01575908401469, 22.30688398790585], [89.0157393151174, 22.30690963926844], [89.0156399805008, 22.30702018033719], [89.01562156868061, 22.307044065431455], [89.01558183843116, 22.307088378625792], [89.01553502692002, 22.30715927757865], [89.01551853605179, 22.307188780737704], [89.01543940650356, 22.30730854974979], [89.01542266742234, 22.307338505267865], [89.01534378608687, 22.307457821021785], [89.01532679879284, 22.30748823069746], [89.01524816477104, 22.307607093192928], [89.01523093106272, 22.307637957026202], [89.01515254435458, 22.30775636446475], [89.01513506243327, 22.30778768245557], [89.01505692303874, 22.307905636635894], [89.01503919470315, 22.307937407885163], [89.01496130172274, 22.30805490790766], [89.01494332697303, 22.30808713331453], [89.0148656804069, 22.308204179179654], [89.0148474592429, 22.3082368596435], [89.014770059091, 22.308353451350797], [89.01475159151283, 22.308386585072867], [89.01467443777517, 22.308502722622563], [89.01465572378271, 22.30853631140178], [89.01457881645933, 22.308651993894557], [89.01455985605259, 22.308686036831205], [89.01448319424412, 22.308801265166323], [89.01446398832246, 22.30883576316012], [89.01438757292829, 22.308950536438147], [89.0143681205924, 22.30898548948886], [89.01429195071307, 22.309099807710083], [89.01427225376165, 22.309135215817662], [89.01419632849786, 22.30924907898185], [89.0141763869309, 22.3092849412472], [89.01410070628265, 22.309398349354467], [89.01408051920077, 22.30943466847515], [89.01400508406743, 22.309547620626233], [89.01398465236986, 22.30958439480412], [89.01390946185222, 22.309696891898227], [89.01388878553911, 22.309734121132863], [89.01381383963718, 22.309846162270617], [89.01379291960774, 22.309883847461776], [89.01371821652259, 22.309995432643234], [89.01369705277682, 22.310033574689726], [89.01362259430738, 22.310144703915], [89.01360118594607, 22.310183301018697], [89.01352697119279, 22.310293974287617], [89.0135053200147, 22.310333028246816], [89.01343134807843, 22.310443244660064], [89.01340945408316, 22.31048275457556], [89.01333572496384, 22.310592515032624], [89.01331358815162, 22.31063248180368], [89.01324010184942, 22.31074178540524], [89.01321772222025, 22.3107822090318], [89.01314447783545, 22.31089105577763], [89.0131218562887, 22.31093193625992], [89.01304885472086, 22.31104032615025], [89.01302599035733, 22.31108166348804], [89.01295323070713, 22.31118959562349], [89.01293012532517, 22.311231390716216], [89.01285760669333, 22.31133886599588], [89.01283425939363, 22.311381118843713], [89.01276198267936, 22.31148813546912], [89.0127383943614, 22.311530846071832], [89.01266635866563, 22.311637405841736], [89.01264252932941, 22.31168057419933], [89.01257073465183, 22.31178667531492], [89.01254666519662, 22.311830302326655], [89.01247510973872, 22.31193594478816], [89.01245080016446, 22.311980029554775], [89.01237948482554, 22.3120852142614], [89.01235493513224, 22.31212975768227], [89.01228385991226, 22.312234483734414], [89.01225907099945, 22.312279486708917], [89.01218823499909, 22.312383753207655], [89.01216320686666, 22.312429214836413], [89.01209261008597, 22.312533022680896], [89.01206734273381, 22.31257894296391], [89.0119969842736, 22.31268229125476], [89.01197147950023, 22.312728671990612], [89.0119013584611, 22.312831560728], [89.01187561536739, 22.31287840011811], [89.01180573264861, 22.312980829301807], [89.01177975213398, 22.313028129144982], [89.01171010683606, 22.313130097875842], [89.0116838889005, 22.313177858171684], [89.01161448102357, 22.313279366449706], [89.01158802566692, 22.313327587198557], [89.01151885431187, 22.31342863502357], [89.01149216243346, 22.313477316225203], [89.01142322759995, 22.313577903597434], [89.0113963000992, 22.313627046151282], [89.01132760088825, 22.313727172171298], [89.01130043776516, 22.313776775178155], [89.011231973277, 22.313876439845956], [89.0112045754309, 22.313926505104234], [89.01113634656531, 22.314025707520443], [89.01110871399601, 22.314076235030257], [89.01100796114855, 22.314222544834706], [89.01089220850872, 22.314358364946656], [89.01086837557523, 22.314381209525322], [89.01077382175458, 22.31449234324714], [89.01074844828241, 22.314516813800026], [89.01070284812533, 22.314570496080137], [89.01065543050385, 22.314626317950285], [89.01062852458688, 22.31465242167195], [89.0105499571149, 22.314745056339348], [89.01050353501017, 22.31478240428453], [89.01043165669563, 22.314852561296846], [89.01036962415884, 22.314902484462152], [89.01029800215116, 22.314972419341757], [89.01023571420694, 22.3150225637404], [89.01016434760663, 22.31509227738684], [89.01010180335561, 22.315142643917852], [89.01003069216279, 22.31521213543175], [89.00996789340371, 22.3152627231961], [89.00989703761832, 22.315331992577455], [89.00983398345159, 22.315382803373723], [89.00976338217441, 22.315451850622537], [89.00970007349969, 22.315502883551346], [89.00962972762994, 22.31557170866745], [89.00956616354773, 22.315622962829593], [89.00949607218604, 22.315691565813154], [89.00943225269646, 22.315743043007046], [89.00936241764157, 22.315811423858293], [89.00929834274433, 22.31586312318467], [89.00922876219767, 22.315931281003998], [89.00916443279243, 22.315983203362123], [89.0090951076532, 22.31605113904891], [89.00903052284048, 22.316103283539746], [89.00896145220935, 22.316170996194614], [89.0088966128884, 22.31622336371737], [89.00882779676544, 22.316290854239696], [89.00876270383583, 22.316343443894993], [89.0086941413216, 22.31641071138523], [89.00862879388393, 22.316463524072446], [89.00856048677707, 22.316530568530993], [89.0084948839318, 22.31658360425007], [89.0084268313334, 22.316650426576075], [89.00836097397985, 22.3167036853269], [89.00829317588955, 22.31677028372178], [89.00822706492715, 22.316823765504523], [89.00815952044564, 22.316890140867486], [89.0080931549752, 22.316943845681976], [89.0080258650018, 22.31700999801302], [89.0079592450233, 22.317063926758976], [89.00789220955795, 22.317129855158782], [89.00782533597055, 22.317184006936372], [89.00775855411405, 22.317249712304488], [89.0076914260186, 22.317304087113996], [89.0076248986702, 22.317369569450193], [89.0075575169659, 22.317424168190826], [89.00749124232715, 22.317489426595728], [89.00742360701395, 22.317544249267826], [89.00735758688324, 22.317609283741433], [89.0072896979612, 22.31766432944528], [89.0072239314394, 22.31772913998799], [89.0071557880093, 22.31778441052228], [89.00709027599555, 22.317848997133694], [89.00702187895672, 22.31790449159911], [89.00695661965227, 22.31796885427923], [89.00688796990403, 22.318024571776732], [89.0068229642086, 22.318088710525615], [89.00675406085128, 22.318144652853505], [89.00668930786537, 22.31820856767132], [89.0066201517987, 22.318264733930505], [89.00655565242147, 22.318328424817025], [89.00648624184663, 22.318384815007335], [89.00642199607842, 22.31844828106341], [89.00635233279405, 22.318504896084164], [89.00628834063457, 22.31856813730974], [89.0062184237413, 22.318624977160937], [89.00615468429135, 22.318687994455445], [89.00608451468878, 22.318745058237937], [89.00602102794807, 22.31880785070183], [89.00595060563603, 22.318865139314767], [89.00588737250439, 22.31892770694816], [89.00581669658345, 22.318985220391767], [89.00575371616117, 22.319047564093864], [89.00568278843008, 22.319105301468596], [89.00562005981794, 22.31916742034025], [89.00554887937739, 22.319225383444746], [89.00548640347489, 22.31928727658658], [89.00541497032481, 22.319345464521746], [89.00535274713161, 22.319407132832907], [89.00528106127206, 22.319465545598575], [89.00521909078856, 22.319526989079463], [89.00514715311868, 22.31958562757478], [89.00508543444533, 22.319646845325792], [89.00501324406599, 22.319705708651554], [89.00495177810211, 22.319766701572178], [89.00487933591279, 22.31982579062776], [89.00481812175906, 22.319886557818506], [89.00474542686004, 22.31994587170476], [89.00468446541578, 22.320006414064835], [89.00461151870667, 22.32006595368091], [89.00455080907273, 22.320126269411844], [89.00447760965415, 22.320186035657116], [89.0044171527295, 22.320246125658173], [89.00434370150077, 22.320306116733946], [89.00428349548707, 22.32036598190473], [89.00420979244802, 22.320426198710095], [89.00414983914385, 22.32048583725168], [89.00407588429482, 22.32054628068647], [89.00401618280057, 22.320605693498067], [89.00394197614145, 22.320666362662678], [89.00388252555814, 22.32072554884519], [89.00380806798807, 22.320786444638827], [89.00374886921509, 22.320845405091347], [89.00367415893538, 22.320906526615033], [89.00361521197249, 22.320965260438527], [89.00354025078201, 22.32102660859124], [89.00348155562943, 22.321085116684856], [89.00340634262881, 22.32114669056739], [89.00334789838683, 22.321204972031865], [89.00327243447543, 22.321266772543595], [89.00321424204378, 22.321324827379044], [89.00313852632206, 22.3213868545198], [89.00308058480118, 22.321444682725996], [89.00300461816869, 22.32150693649595], [89.00294692755875, 22.321564538073005], [89.00287071001537, 22.321627019371533], [89.00281327031632, 22.321684394319504], [89.00273680276138, 22.321747101347682], [89.00267961397304, 22.321804249666513], [89.002602894608, 22.32186718332389], [89.00254595673061, 22.321924105013466], [89.00246898645463, 22.321987266199415], [89.00241229948801, 22.322043960360645], [89.00233507830126, 22.32210734817562], [89.00227864224559, 22.32216381480822], [89.00220117104726, 22.322227431051203], [89.00214498500316, 22.3222836701554], [89.00206726289406, 22.32234751392673], [89.00201132776073, 22.322403525502352], [89.00193335563989, 22.322467595902935], [89.00187767051813, 22.322523380849532], [89.00179944748669, 22.32258767877846], [89.00174401237632, 22.322643235297164], [89.0016655402327, 22.322707761654044], [89.00161035513389, 22.322763090644116], [89.00153163207915, 22.32282784452957], [89.00147669789146, 22.322882945991296], [89.00139772482515, 22.322947926505776], [89.00134304064886, 22.32300280043887], [89.00126381757116, 22.32306800938113], [89.00120938250706, 22.32312265578605], [89.00112990941778, 22.323188092256714], [89.00107572526463, 22.323242510233683], [89.00099600216379, 22.32330817513224], [89.00094833899476, 22.323356064031316], [89.0008979314045, 22.3233776513851], [89.00083917658674, 22.32340281348911], [89.00079163752412, 22.32342923467155], [89.00066841601466, 22.323481982607518], [89.00062378176227, 22.32350718430922], [89.0004551345969, 22.323579341413506], [89.00028356463491, 22.32363007936476], [89.00010907187618, 22.323659400860777], [88.99993165542168, 22.323667303203536], [88.99983910259266, 22.32366036763193], [88.999752730804, 22.323664161871704], [88.99965770304073, 22.323657386379352], [88.99957380798503, 22.32366102413704], [88.999476304388, 22.323654401529495], [88.99939488426651, 22.323657889100446], [88.99929490663465, 22.32365141398168], [88.99921596144759, 22.323654756761584], [88.99911350798214, 22.32364842373579], [88.99903703952782, 22.323651626221704], [88.9989321102288, 22.32364543169149], [88.99885811760822, 22.323648498379498], [88.99875071337476, 22.323642437848264], [88.99867919568845, 22.323645372336102], [88.99856931652079, 22.32363944130725], [88.99850027376868, 22.323642248091403], [88.99838791966681, 22.323636443866917], [88.99832135274829, 22.323639125645286], [88.99820652371221, 22.32363344462783], [88.9981424308287, 22.323636004098375], [88.99802512775761, 22.32363044359022], [88.9979635098083, 22.32363288435016], [88.99784373180279, 22.32362744165323], [88.99778458968723, 22.323629765501323], [88.99766233584819, 22.32362443791766], [88.99760566866684, 22.323626648451068], [88.99748094079297, 22.32362143418186], [88.99746988232573, 22.323621862323876], [88.99742674854565, 22.32362353230036], [88.99729954483814, 22.323618427748386], [88.99724782752526, 22.323620417048687], [88.99711814978292, 22.323615421314685], [88.99706890740418, 22.323617302696505], [88.99693675472747, 22.323612413981834], [88.99688998728317, 22.32361418924353], [88.99675536057163, 22.323609405749608], [88.99671106716215, 22.32361107668993], [88.99657396551618, 22.323606396618004], [88.99653214794029, 22.323607965035535], [88.99639257136016, 22.323603386587195], [88.99635322781927, 22.32360485428069], [88.99621117630488, 22.323600375656838], [88.99617430769825, 22.32360174352567], [88.99602978214887, 22.323597364726652], [88.99599538847639, 22.32359863367003], [88.9958483879928, 22.32359435289709], [88.99581646925475, 22.32359552471388], [88.99566699383678, 22.323591340168377], [88.99563754913373, 22.323592415757446], [88.99548559968088, 22.323588327439495], [88.99545862991187, 22.3235893077005], [88.99530420642418, 22.32358531381118], [88.99530120988305, 22.323585422629208], [88.99514895645933, 22.323553605514576], [88.99512867854577, 22.323548048603584], [88.99497596197125, 22.323516280052388], [88.99495327207597, 22.323510076528805], [88.99480296838237, 22.323478952791447], [88.99477786560618, 22.32347210535346], [88.99462997389429, 22.32344162373198], [88.99460245913616, 22.323434135976697], [88.99445698120479, 22.323404293773308], [88.99442705176722, 22.323396167499254], [88.99428398761609, 22.32336696201571], [88.99425164439805, 22.32335820171977], [88.99411099492659, 22.323329628459703], [88.99407623702888, 22.323320236839606], [88.99393800313646, 22.323292293105], [88.99390082876033, 22.323282273758025], [88.99376501134634, 22.323254956850917], [88.99372542139116, 22.323244312475026], [88.99359201955616, 22.323217618798253], [88.99355001222347, 22.323206352091574], [88.99341902866541, 22.323180278946893], [88.99337460395492, 22.323168394405855], [88.99324603867382, 22.323142937296723], [88.993199194787, 22.323130438518888], [88.99307304868245, 22.323105593848254], [88.9930237856193, 22.323092483531298], [88.99290005869085, 22.32306824950018], [88.99284837555223, 22.323054531241667], [88.99272706959863, 22.323030902454377], [88.9926729654851, 22.323016579851355], [88.99259195438952, 22.323000889095454], [88.99255408140584, 22.32299355360965], [88.99249755541803, 22.322978631159003], [88.992381093213, 22.32295620296651], [88.99232214445158, 22.322940684265347], [88.99220810502015, 22.322918850524673], [88.99214673348507, 22.322902739170104], [88.99203511772669, 22.322881496284083], [88.99197132251862, 22.322864795873784], [88.99186213133243, 22.32284414024491], [88.9917959106528, 22.32282685437582], [88.9916891449381, 22.322806782407213], [88.99162049878714, 22.322788915575984], [88.99151615944339, 22.322769421871385], [88.99144508602194, 22.322750978574902], [88.99134317484766, 22.32273205953703], [88.99126967325691, 22.322713043372403], [88.99117019025215, 22.322694695403925], [88.99109426049188, 22.32267511086775], [88.99099720655596, 22.32265732857303], [88.9909188468273, 22.322637180161905], [88.99082422285966, 22.32261995994321], [88.99074343316295, 22.322599252153793], [88.99065124006285, 22.322582588615717], [88.99056801859933, 22.322561325944605], [88.99047825816524, 22.322545215489413], [88.99039260403555, 22.32252340243315], [88.99030527626763, 22.322507839665207], [88.99021718947182, 22.32248548161982], [88.9901322952694, 22.322470462042247], [88.99004177400866, 22.322447562605078], [88.98995931517032, 22.322433081721385], [88.98989946348956, 22.322417992896078], [88.98977923312526, 22.322422826752245], [88.98976261545249, 22.322422242192772], [88.98959491257528, 22.32242875778104], [88.98958233465703, 22.322428254160627], [88.98941059652185, 22.32243467262208], [88.98940206015703, 22.32243428501431], [88.98922192235403, 22.32244072416023], [88.98904672722466, 22.32246200571717], [88.98887647566892, 22.322498130584393], [88.98871116768629, 22.322549097862577], [88.98855080327706, 22.32261490755201], [88.9883953815417, 22.32269555965246], [88.98837994647744, 22.322705355967514], [88.98824036899794, 22.32277743932741], [88.98822107674141, 22.32278956398727], [88.98808536184998, 22.322859334290968], [88.98806219711287, 22.32287375941661], [88.98793035919891, 22.322941245442223], [88.98790330849096, 22.32295794315462], [88.98777536194353, 22.32302317008333], [88.98776913443635, 22.32302698222611], [88.98774441177522, 22.323042116100908], [88.98762036828543, 22.323105107314916], [88.98758550696556, 22.3231262782553], [88.98746537912405, 22.32318705623777], [88.98742659586088, 22.323210431416385], [88.98733943087007, 22.323254376788157], [88.98727992632763, 22.32331062488555], [88.98722487882526, 22.32335536166073], [88.98714711444791, 22.323428972069507], [88.98709139874921, 22.323474236746677], [88.98701430256818, 22.32354732015284], [88.9869579177738, 22.323593112732], [88.98688149068829, 22.323665668236174], [88.98682443769769, 22.32371198871749], [88.98674867970794, 22.323784017218713], [88.98669095672244, 22.323830863803437], [88.98665544484953, 22.323864679915687], [88.98661586872743, 22.323902366201423], [88.98655747574702, 22.323949738889382], [88.9864830568477, 22.324020715183906], [88.9864239947716, 22.32406861307618], [88.98635024586719, 22.324139064166616], [88.98629051289697, 22.324187488162124], [88.98621743578622, 22.324257413149155], [88.98615703192155, 22.324306362348864], [88.9860846248057, 22.32437576303107], [88.98602355004692, 22.324425236535433], [88.98595181472456, 22.3244941129131], [88.98589006727292, 22.32454411072223], [88.98581900464336, 22.324612463694393], [88.98575658539812, 22.324662984009592], [88.98562816220999, 22.324786737018314], [88.98551090770235, 22.324921261207294], [88.98540482277451, 22.325066556576417], [88.98530990742637, 22.325222623125626], [88.98522616075883, 22.325389461754412], [88.98515358277166, 22.325567071563228], [88.98514940811884, 22.32557987880847], [88.98508180608059, 22.325745453889738], [88.98507758556224, 22.32575823865176], [88.98501002759076, 22.325923834417495], [88.98500576570353, 22.325936597595955], [88.98498886384516, 22.325978055443045], [88.98498763177383, 22.326031197282077], [88.98499105729144, 22.32611484952082], [88.9849888611472, 22.326209260349117], [88.98499229026197, 22.3262930708687], [88.98499008962108, 22.326387323416327], [88.98499352323267, 22.32647129221641], [88.98499131899428, 22.326565386483367], [88.98499475530383, 22.326649513564348], [88.98499254836753, 22.326743449550577], [88.98499598827436, 22.32682773491223], [88.9849937768414, 22.326921512617844], [88.98499722034552, 22.32700595625994], [88.9849950062146, 22.327099575685054], [88.98499845331605, 22.327184177607876], [88.98499623558786, 22.327277638752093], [88.98499968538721, 22.327362398955586], [88.98499746406185, 22.32745570271868], [88.98500091835774, 22.327540620303466], [88.9849986934351, 22.32763376578572], [88.98500215042907, 22.327718841651404], [88.9849999228083, 22.327811828852987], [88.9850033833996, 22.327897062999114], [88.98500115128218, 22.327989891920026], [88.98500461547076, 22.328075284346994], [88.98500238065537, 22.328167954987236], [88.98500584844129, 22.328253505694704], [88.98500361002863, 22.328346018054447], [88.98500708051245, 22.32843172704264], [88.98500483940182, 22.328524081121486], [88.98500831348298, 22.328609948390522], [88.98500606787587, 22.328702144188753], [88.98500954555414, 22.32878816973823], [88.98500729724913, 22.328880207255793], [88.98501077762546, 22.32896639108617], [88.98500852662232, 22.329058270323003], [88.985012010596, 22.32914461243405], [88.98500975599558, 22.329236333390213], [88.98501324266715, 22.32932283378176], [88.9850109844694, 22.329414396457253], [88.98501447563768, 22.329501055129697], [88.98501221384265, 22.32959245952452], [88.98501570770884, 22.329679276477577], [88.98501344321585, 22.32977052259173], [88.98501693978, 22.329857497825287], [88.9850146725891, 22.32994858565877], [88.98501817275047, 22.330035719173225], [88.9850159019623, 22.33012664872598], [88.98501940482186, 22.330213940521105], [88.98501713043635, 22.33030471179302], [88.98502063779233, 22.33039216276819], [88.9850183598096, 22.330482774860286], [88.98502186986349, 22.33057038411596], [88.9850195891828, 22.330660837927496], [88.98502310193464, 22.33074860546384], [88.98502081855605, 22.330838900994536], [88.98502433490518, 22.33092682681172], [88.98502204792925, 22.331016964961123], [88.98502556697633, 22.331105048159486], [88.9850232773025, 22.331195028028162], [88.98502679904766, 22.331283269507367], [88.9850245057765, 22.331373091095372], [88.98502803201819, 22.331461490855247], [88.98502573514975, 22.33155115416247], [88.98502926408935, 22.331639712203014], [88.98502696452294, 22.33172921722968], [88.9850304961605, 22.331817933550894], [88.9850281938962, 22.33190728029689], [88.98503172913104, 22.331996154898604], [88.9850294232694, 22.33208534336393], [88.98503296120236, 22.33217437624654], [88.98503065264265, 22.33226340643114], [88.98503419327352, 22.332352597594422], [88.98503188201585, 22.332441469498406], [88.98503542534468, 22.332530818942132], [88.9850331113891, 22.332619532565445], [88.98503665831521, 22.33270904029007], [88.9850343407623, 22.332797595632655], [88.98503789038637, 22.33288726163795], [88.98503557013555, 22.332975658699695], [88.98503912245769, 22.33306548298566], [88.98503679950875, 22.333153721766905], [88.98504035452885, 22.333243704333597], [88.985038028882, 22.333331784834172], [88.9850415866, 22.333421925681478], [88.9850392582552, 22.33350984790121], [88.98504281957054, 22.333600147029188], [88.98504048762845, 22.333687910968422], [88.9850475005419, 22.333865905687105], [88.98505743175525, 22.333960054812792], [88.98507982127677, 22.334053331596067], [88.98510038157747, 22.334119470437315], [88.98512612646971, 22.33422641781499], [88.98514619394183, 22.33429081466943], [88.98517243346117, 22.33439950313459], [88.98519200540687, 22.33446215980092], [88.98521874135184, 22.334572588454364], [88.98523781507316, 22.33463350493247], [88.98526505104127, 22.334745673773966], [88.98528362384025, 22.334804850963167], [88.98531136163007, 22.33491875909351], [88.98532943170795, 22.334976196094658], [88.98535767311824, 22.335091843513737], [88.98537523867645, 22.335147543024732], [88.98540398550557, 22.335264927934134], [88.98542104384626, 22.3353188890556], [88.98545029969165, 22.335438011455153], [88.98546684811669, 22.335490235985674], [88.9854966147771, 22.33561109497623], [88.98551265058853, 22.335661582915748], [88.98554293076177, 22.33578417849708], [88.98555845216089, 22.33583293074514], [88.98558924854512, 22.335957261118892], [88.98560425283415, 22.336004278574762], [88.98563556722775, 22.336130343740535], [88.98565005260792, 22.336175626404213], [88.98568188680969, 22.33630342546286], [88.98569585058311, 22.336346975132813], [88.98572820819038, 22.336476508084502], [88.9857416476591, 22.33651832386164], [88.98577453047022, 22.33664958980677], [88.98578744383553, 22.336689672590467], [88.98582085364967, 22.336822670629886], [88.98583323821344, 22.336861022218443], [88.98586717862747, 22.336995751452775], [88.98587903169215, 22.337032371846647], [88.98591350450482, 22.337168832275893], [88.98592482337193, 22.337203721474623], [88.98595983128138, 22.337341913098783], [88.98597061505188, 22.337375072001976], [88.98600615895714, 22.337514993022523], [88.98601640493325, 22.337546422529556], [88.98605248843177, 22.337688072047058], [88.98606219301593, 22.33771777305691], [88.98609881970481, 22.33786115197063], [88.98610798019922, 22.337889124483638], [88.98614515097802, 22.338034230994992], [88.98615376648331, 22.338060475910368], [88.98619148404981, 22.33820730912015], [88.98619955186786, 22.338231828236474], [88.98623781802098, 22.338380388144515], [88.98624533545404, 22.33840318056241], [88.98628415379085, 22.338553466269502], [88.98629111814068, 22.338574532888515], [88.98633049045992, 22.338726543495284], [88.98633689902874, 22.338745886113827], [88.98637682802837, 22.338899620721065], [88.9863826799168, 22.33891723933931], [88.9864231673954, 22.339072697946676], [88.9864284581069, 22.339088592564565], [88.98646950766175, 22.339245775172515], [88.98647423629706, 22.339259945790047], [88.98651584882754, 22.33941885149892], [88.98652001268857, 22.339431299914736], [88.98656219179185, 22.339591926925948], [88.9865657881806, 22.339602654938574], [88.98660853565553, 22.33976500325241], [88.98661156187427, 22.33977400996264], [88.98665488131792, 22.339938078679438], [88.98665733466834, 22.339945364986647], [88.98670122787934, 22.340111153207317], [88.98670310656325, 22.340116720010712], [88.98674757534036, 22.340284228634403], [88.98674887665942, 22.340288075934097], [88.9867939237007, 22.340457302262678], [88.98679464585638, 22.34045943185731], [88.98684027385963, 22.340630376790557], [88.98684041415396, 22.34063078868013], [88.98688626968578, 22.340802121220975], [88.98688653768369, 22.340803474700635], [88.98693215219726, 22.34097344746681], [88.98693277362867, 22.340976578906066], [88.98697803380935, 22.341144773712415], [88.98697901137245, 22.341149684010702], [88.98702391362275, 22.341316100857398], [88.98702525091477, 22.341322787316813], [88.98706979343626, 22.341487428002438], [88.98707149135629, 22.341495891522243], [88.98711567145125, 22.34165875514742], [88.98711773179798, 22.341668994828353], [88.98716154856669, 22.34183008229263], [88.98716397493763, 22.341842098134464], [88.9872074238836, 22.34200141033699], [88.98721021807728, 22.342015201440518], [88.98725329830125, 22.34217273838135], [88.98725646301546, 22.34218830384725], [88.98729917181942, 22.342344067324916], [88.98730270885301, 22.342361406253985], [88.98734504443837, 22.342515396268652], [88.98734895558994, 22.34253450866072], [88.98739091615795, 22.342686725212218], [88.98739520412545, 22.342707610168247], [88.98743678607894, 22.34285805505533], [88.9874414526609, 22.342880711675548], [88.98748265510062, 22.343029383998896], [88.98748770389454, 22.343053812283756], [88.98752852232349, 22.343200714741215], [88.98753395512796, 22.343226912891907], [88.9875743886472, 22.343372044584328], [88.98758020816013, 22.34340001349989], [88.9876202540716, 22.343543375326647], [88.98762646209161, 22.34357311410804], [88.98766611859656, 22.343714706068965], [88.98767271692253, 22.343746213816814], [88.98771198222232, 22.343886037710604], [88.9877189726526, 22.343919312626213], [88.98775784404938, 22.3440573693523], [88.98776523018125, 22.344092412335044], [88.98780370497707, 22.344228700993767], [88.98781148860945, 22.344265511144613], [88.98784956410617, 22.34440003353484], [88.98785774883623, 22.344438609954068], [88.98789542233595, 22.344571366075684], [88.98790400906279, 22.34461170786409], [88.98792001429729, 22.344667959558763], [88.98793461838801, 22.3447688059357], [88.98793612834976, 22.344788635087525], [88.98795911951788, 22.344946867204214], [88.9879606843383, 22.34496761096665], [88.9879836206477, 22.345124927573465], [88.9879852385281, 22.345146586845544], [88.9880081235761, 22.34530298884198], [88.98800979181851, 22.345325562724668], [88.98803262830324, 22.345481050110436], [88.98803434420978, 22.34550453950294], [88.98805713303034, 22.345659110479744], [88.98805889570161, 22.345683516281383], [88.98808163955607, 22.345837171748258], [88.98808344629413, 22.345862493059713], [88.9881061469813, 22.346015233016715], [88.98810799508806, 22.346041469837985], [88.98813065530555, 22.346193293385852], [88.98813254208324, 22.346220447515805], [88.98815516542874, 22.34637135465431], [88.98815708817921, 22.34639942609283], [88.98816915149473, 22.34647952529798], [88.98817967735027, 22.346549415922993], [88.98818163337586, 22.346578404669685], [88.98820419017142, 22.34672747629213], [88.98820617587438, 22.34675738324671], [88.98822870479108, 22.346905537560588], [88.9882307174737, 22.346936362723113], [88.98825322210865, 22.347083597929725], [88.98825525727449, 22.347115343098665], [88.98827774032549, 22.347261659198182], [88.98827979437715, 22.347294323474273], [88.98830226124056, 22.347439720466866], [88.98830432968123, 22.34747330385005], [88.988326783954, 22.347617780835947], [88.98832886318661, 22.347652286024356], [88.98835130936556, 22.34779584210446], [88.98835339399403, 22.34783126819849], [88.98837583747508, 22.34797390247377], [88.98837792120418, 22.34801025127223], [88.98840036738312, 22.34815196284285], [88.98840244661574, 22.348189235245115], [88.9884249008885, 22.348330024111362], [88.98842696932917, 22.348368219218003], [88.98844943799133, 22.34850808448067], [88.98845877565208, 22.34868627705015], [88.98844885163334, 22.34886463599429], [88.98842377493742, 22.34901802885912], [88.98842230634455, 22.349043138829927], [88.9883972854065, 22.34919675832373], [88.98839576285428, 22.349221641665565], [88.98837079317764, 22.349375487788564], [88.98836922296135, 22.349400144501146], [88.98834429915024, 22.349554215454646], [88.98834268486712, 22.349578647336784], [88.98831780242472, 22.349732943120955], [88.98831614857147, 22.349757150172422], [88.98829130390061, 22.34991166988783], [88.98828961497395, 22.34993565300806], [88.98827729897914, 22.350012464923964], [88.98826480357798, 22.35009039575516], [88.98826308227558, 22.35011415584364], [88.98823830145659, 22.350269121622716], [88.98823655137579, 22.35029265867928], [88.98821179753662, 22.350447846590896], [88.98821002227476, 22.350471161514918], [88.98818529181796, 22.35062657155902], [88.98818349497242, 22.350649664350556], [88.98815878609923, 22.35080529652737], [88.98815696856929, 22.350828167186137], [88.98814481513125, 22.350904881155373], [88.98812193457974, 22.35097643931141], [88.98812036886011, 22.35098029110759], [88.98806770635957, 22.351145274435055], [88.98806570626743, 22.351150200021777], [88.98801347724026, 22.35131410955853], [88.98801104367476, 22.35132010893591], [88.98795924812094, 22.351482943782855], [88.98795638288078, 22.351490018749416], [88.98790501810225, 22.3516517789065], [88.98790172118748, 22.351659927663718], [88.98785078808356, 22.35182061313077], [88.98784706039356, 22.351829837477055], [88.9877965571655, 22.351989447355265], [88.98779240049902, 22.351999747290563], [88.98774232624743, 22.352158281579534], [88.98773774060442, 22.35216965710407], [88.98768809443015, 22.352327115803803], [88.98768308160908, 22.35233956691758], [88.98763386261271, 22.352495949128922], [88.98762842261368, 22.352509476731086], [88.98757962989606, 22.35266478245387], [88.98757376451766, 22.3526793874438], [88.98752539717947, 22.35283361667814], [88.9875191064217, 22.352849297257308], [88.98747116356344, 22.353002450003032], [88.98746444922506, 22.353019207970135], [88.98741692994747, 22.35317128332815], [88.98740979202842, 22.35318911868285], [88.98736269543207, 22.353340115753895], [88.98735513573098, 22.353359029395733], [88.98730846091689, 22.353508949078787], [88.98730047943371, 22.353528940108617], [88.98725422550217, 22.35367778150453], [88.9872458240356, 22.353698851720708], [88.98719998918824, 22.353846613930273], [88.98719116953691, 22.35386876333274], [88.98714575287431, 22.35401544635579], [88.98713651503823, 22.354038674045626], [88.98709151656038, 22.35418427878153], [88.98708186053949, 22.354208585657886], [88.98703727934708, 22.354353111207274], [88.98702720694018, 22.35437849726992], [88.9869830412344, 22.35452194273364], [88.98697255424003, 22.354548409781387], [88.98692880312194, 22.354690775159156], [88.98691790154004, 22.354718321393477], [88.98687456410988, 22.354859606685523], [88.98686324973932, 22.354888233905058], [88.98682032509805, 22.35502843821189], [88.98680859793853, 22.355058146416354], [88.98676608518679, 22.35519726883888], [88.98675394703713, 22.355228058927935], [88.98671184527558, 22.355366100365416], [88.98669929613573, 22.3553979714394], [88.986657604465, 22.355534930992405], [88.9866446461337, 22.355567883950812], [88.98660336365435, 22.355703761619395], [88.98658999703082, 22.355737797361428], [88.98654912194456, 22.355872592246385], [88.986535347928, 22.35590771077227], [88.98649487933523, 22.356041422873375], [88.98648069882535, 22.35607762328368], [88.98644063672606, 22.356210253500365], [88.98642605152122, 22.356247536694525], [88.98638639321757, 22.35637908322815], [88.98637140331772, 22.35641745100469], [88.9863681684563, 22.356428203299004], [88.98636834562285, 22.35644339734506], [88.98637951700118, 22.35656353777722], [88.98638018879478, 22.356636286635364], [88.98639153104443, 22.3567542237285], [88.98639201218168, 22.356829185818412], [88.98641093661547, 22.357018717040205], [88.9864475156404, 22.357199875573883], [88.98650174925643, 22.357372662318653], [88.98657363656423, 22.35753707637508], [88.98666317846295, 22.357693118642544], [88.98670495107268, 22.35775066266308], [88.98675973957052, 22.357845831619898], [88.98680111557906, 22.35790298623391], [88.98685629708058, 22.357998546395834], [88.98689728188424, 22.358055308006158], [88.98695285279211, 22.358151262071146], [88.98699344998772, 22.358207628879086], [88.98704940580552, 22.358303978645836], [88.98708962078956, 22.358359947953204], [88.98714595612114, 22.35845669701905], [88.98718579338976, 22.358512265228967], [88.98724250553727, 22.358609415392266], [88.98728196688933, 22.358664580705863], [88.9873390522556, 22.358762135564234], [88.98737814308697, 22.358816895283496], [88.98743559717525, 22.35891485663541], [88.98747432018382, 22.35896920896198], [88.98753214029608, 22.359067577706583], [88.9875704981801, 22.35912152084154], [88.98762868161839, 22.359220299677133], [88.98766667797486, 22.35927383272127], [88.98772522204155, 22.35937302254706], [88.98776285866904, 22.35942614280242], [88.98782176066572, 22.359525746316308], [88.98785904116193, 22.359578451984078], [88.98791829839092, 22.35967847098476], [88.98795522455401, 22.359730760266473], [88.98801483521657, 22.35983119565327], [88.98805140884548, 22.359883067649548], [88.98811137024364, 22.3599839212211], [88.98814759403632, 22.360035375032624], [88.98820790347202, 22.36013664678893], [88.98824378012654, 22.360187680617116], [88.9883044367005, 22.360289373256137], [88.98833996711596, 22.36033998620144], [88.98840096902967, 22.36044210062255], [88.9884361550047, 22.360492290886555], [88.98849749956008, 22.360594827988905], [88.98853234289345, 22.360644594672294], [88.9885940300905, 22.360747555355488], [88.98862853258078, 22.36079689845826], [88.98869055882238, 22.360900283621277], [88.9887247222681, 22.360949201344624], [88.98878708755421, 22.36105301188701], [88.98882091285498, 22.361101503331838], [88.98888361538667, 22.361205741052174], [88.98891710434106, 22.361253805319052], [88.9889801423198, 22.361358470217283], [88.98901329672634, 22.36140610640672], [88.98907666835373, 22.36151119938245], [88.98910948911174, 22.361558407494556], [88.98917319438749, 22.361663929446763], [88.9892056823964, 22.361710707683187], [88.98926971862267, 22.361816659511305], [88.98930187568118, 22.361863007871648], [88.98936624375722, 22.361969390475167], [88.98939806986516, 22.362015307160732], [88.98944379139789, 22.362090791756714], [88.98945495108529, 22.362125827545015], [88.98946916756819, 22.362162506394668], [88.98951229095962, 22.3622971412002], [88.98952466563088, 22.362328826114435], [88.98956964342443, 22.36246844856015], [88.98958015020389, 22.362495147632956], [88.98962700578181, 22.362639750524238], [88.98963562218626, 22.362661472748755], [88.98968438162899, 22.362811047092293], [88.989691080679, 22.362827800562513], [88.98974177006681, 22.362982337365054], [88.98974652478239, 22.3629941310744], [88.98979917109494, 22.36315362224184], [88.98980195359735, 22.36316046518334], [88.98985658651242, 22.36332489902503], [88.9898573662245, 22.36332680199041], [88.98991298839377, 22.363493095629906], [88.98991381487082, 22.36349626574014], [88.98996874366264, 22.363659362289923], [88.99001291296571, 22.363828004958634], [88.99004527327088, 22.36399907040078], [88.99005745728596, 22.364101930359936], [88.99004207977833, 22.364203352302923], [88.99000417425339, 22.364373161392393], [88.98995467197057, 22.364539253583757], [88.98989357382942, 22.364701629776448], [88.98982087982984, 22.364860289071203], [88.98973658907249, 22.365015231467908], [88.98972749782581, 22.36502956845993], [88.98965141068425, 22.365169889678782], [88.98964019254089, 22.365187703449863], [88.9895662215041, 22.365324545191697], [88.9895528944507, 22.36534584563435], [88.9894810233306, 22.365479197107334], [88.98946560355495, 22.365503993214702], [88.98939581526474, 22.36563384632501], [88.98937831985376, 22.365662147090518], [88.98931059910495, 22.36578849194541], [88.98929104334707, 22.36582030636214], [88.98922537485134, 22.36594313576728], [88.98920377223635, 22.365978470130415], [88.98914014340295, 22.366097776890967], [88.98911650652167, 22.36613663929461], [88.98905490565949, 22.366252416216184], [88.9890292462029, 22.366294812955232], [88.9889696607213, 22.36640705374259], [88.98896607203017, 22.366413011450504], [88.98894199038062, 22.366452990213418], [88.98888440948804, 22.366561688571096], [88.98885473995432, 22.366611171068826], [88.98879915375807, 22.366716322500395], [88.98876749312535, 22.3667693555214], [88.98871389173291, 22.366870953731564], [88.9886802507931, 22.366927544470627], [88.98862862521105, 22.367025584063583], [88.98859301205789, 22.36708573611793], [88.98854335419253, 22.36718021259685], [88.98850577692025, 22.36724393046302], [88.98845807867752, 22.36733484023074], [88.98841854537966, 22.36740212750624], [88.98841003599443, 22.367418373759108], [88.98833198833069, 22.367499703948283], [88.98829766930214, 22.367532113716152], [88.98820627120256, 22.36762730695483], [88.98817286948241, 22.367658809306704], [88.98808055317511, 22.367754909961207], [88.98804806966268, 22.367785506695782], [88.98795483514766, 22.367882512068434], [88.98792327074233, 22.36791220318571], [88.98782911712021, 22.368010113276227], [88.9877984718222, 22.368038900574845], [88.98770339819339, 22.368137714484078], [88.98767367470037, 22.3681655988633], [88.98757767926656, 22.368265314792495], [88.9875488766794, 22.36829229715198], [88.98745195944053, 22.36839291510114], [88.9874240795578, 22.368418995440265], [88.98732623961433, 22.368520514510237], [88.98729928333535, 22.368545694628153], [88.98720051888898, 22.368648113919505], [88.98717448801233, 22.36867239471536], [88.98707479816358, 22.368775712429226], [88.98704969268925, 22.36879909480257], [88.98694907653885, 22.36890331003991], [88.98692489736618, 22.368925794889606], [88.98682335491407, 22.369030907650426], [88.98680010384192, 22.36905249587602], [88.98669763238996, 22.369158504361565], [88.98667531031742, 22.36917919776181], [88.98657190896643, 22.369286101072703], [88.98655051769225, 22.3693058996476], [88.98644618554312, 22.369413695985315], [88.98642572506714, 22.369432602432767], [88.9863204621198, 22.369541290897928], [88.98630093334157, 22.369559305217876], [88.98619473689774, 22.369668885810484], [88.98617614251503, 22.369686009801626], [88.98606901167568, 22.369796478924343], [88.98605135258799, 22.369812713485942], [88.9859432855543, 22.369924072038373], [88.98592656356016, 22.369939418969068], [88.98581755943286, 22.370051664253026], [88.98580177453238, 22.370066124452137], [88.98569183241221, 22.37017925556836], [88.98567698640392, 22.370192830834583], [88.98556610449225, 22.37030684598426], [88.98555219917483, 22.37031953721703], [88.98544037657229, 22.370434435500783], [88.98542741284496, 22.370446245398057], [88.98531464685357, 22.370562025017534], [88.9853026274144, 22.370572953579085], [88.98518891713479, 22.37068961363491], [88.98517784288327, 22.370699662659433], [88.98506318651692, 22.37081720045353], [88.98505305925147, 22.370826372639044], [88.98493745499962, 22.37094478727215], [88.98492827651887, 22.37095308261877], [88.98483659423346, 22.371046917881017], [88.98481770487336, 22.371079293474736], [88.98476446950468, 22.371158508458507], [88.98471841342416, 22.37123746893417], [88.9846894066801, 22.371280405490495], [88.98466683730476, 22.371313813281915], [88.98461912287434, 22.371395646192298], [88.98456920510483, 22.371469117206118], [88.98451983322389, 22.371553824349633], [88.98447157110621, 22.371624422029527], [88.98442054447258, 22.371712003406344], [88.98437393530895, 22.371779725054353], [88.98428251562575, 22.371936708012697], [88.98420511457454, 22.3720974753183], [88.98414173035661, 22.372262027870363], [88.98409236387153, 22.372430364769627], [88.98405701421996, 22.372602487814675], [88.98403884072007, 22.372752356236333], [88.98403368130943, 22.37277785561372], [88.98401606628852, 22.37292458809941], [88.98401035559345, 22.37295322521129], [88.98399328376314, 22.37309682086169], [88.98398703707215, 22.373128595708295], [88.98397049494253, 22.373269052724766], [88.98396372394683, 22.373303968903144], [88.9839476989273, 22.373441285487047], [88.98394041711663, 22.373479343896634], [88.98392489751609, 22.373613517350122], [88.98391711658178, 22.373654719789613], [88.98390838483328, 22.37373085881768], [88.98390208980976, 22.373785750112404], [88.98389382054341, 22.373830097481004], [88.98387927760677, 22.37395798197548], [88.98387052990114, 22.374005476071943], [88.98385645910844, 22.37413021473776], [88.98384724465467, 22.374180856461464], [88.98383363611356, 22.374302447500042], [88.98382396300553, 22.374356237750362], [88.9838175562353, 22.374413921165512], [88.98382689839275, 22.374474679363118], [88.98382756029372, 22.37448232000304], [88.98385334835336, 22.3746469121254], [88.98385466945751, 22.37466190112582], [88.98387978752226, 22.374819143988475], [88.98388179121179, 22.374841477752113], [88.98390518119044, 22.374985037115266], [88.98390621410056, 22.374991376750756], [88.98390892465727, 22.375021051680278], [88.98393262718912, 22.375163608613832], [88.9839360715925, 22.37520062021258], [88.9839590258884, 22.375335841376113], [88.98396323291706, 22.375380185147606], [88.98398541019856, 22.37550807323902], [88.98399040863063, 22.375559745585974], [88.98401177832102, 22.37568030600147], [88.98401760143116, 22.375739300628254], [88.98403812935635, 22.375852537864375], [88.98404481131905, 22.375918849375523], [88.98407778676062, 22.376096602176574], [88.98412536629274, 22.376269802609443], [88.9841875508148, 22.376438450674016], [88.98426433852859, 22.37660254637052], [88.98435573123214, 22.376762090598106], [88.9844617289258, 22.376917082457453], [88.98447204864618, 22.376929956252468], [88.98456912326651, 22.377071639045084], [88.98457856524863, 22.377083479519115], [88.98467651131199, 22.37722619743107], [88.98468508364982, 22.377237000087632], [88.98478389576036, 22.37738075671666], [88.98479160564818, 22.377390516159494], [88.98489127571185, 22.37753531780072], [88.98489812944524, 22.377544029533396], [88.98499865206622, 22.377689879784214], [88.98500465594026, 22.377697540209397], [88.98510602482332, 22.377844442667083], [88.9851111842338, 22.377851048187495], [88.98521339488246, 22.3779990064491], [88.98521771342672, 22.378004554366782], [88.98532076224353, 22.378153571130497], [88.9853242444184, 22.378158058747545], [88.98542812780602, 22.378308136711325], [88.98543077720865, 22.378311560430234], [88.98548492153714, 22.378389711552927], [88.98553549067054, 22.378462702291927], [88.98553731089828, 22.37846506121366], [88.98564285173637, 22.378617269671224], [88.98564384548723, 22.378618561097767], [88.98575021100362, 22.37877183705075], [88.98575038187477, 22.37877205918329], [88.9858224283625, 22.378875802276525], [88.98590118739003, 22.378868416144655], [88.98613482766035, 22.37885785540567], [88.98635898457951, 22.378859535339416], [88.98657365904722, 22.37887345414663], [88.98677885016394, 22.378899613626402], [88.98697455792967, 22.378938013778452], [88.98716078324361, 22.378988653703573], [88.9873375261061, 22.37905153340165], [88.98742295720382, 22.37908990207751], [88.98750944500495, 22.37912063820687], [88.98759158458415, 22.37915787283754], [88.98768136660192, 22.379189740314416], [88.98776021106494, 22.379225847195073], [88.98785328999742, 22.37925884062315], [88.9879288375459, 22.379293825149887], [88.98802521519167, 22.37932793643523], [88.98819060321387, 22.379405472384633], [88.9883444394444, 22.37949791819443], [88.98846175780403, 22.379586438463377], [88.98848877793489, 22.37960262176358], [88.98860734904997, 22.379691945127263], [88.98863311642538, 22.37970732713154], [88.98875294029602, 22.379797450891715], [88.98877745311717, 22.379812034298027], [88.98889853334066, 22.37990295485764], [88.98892178890952, 22.37991674236389], [88.98904412728467, 22.380008457024815], [88.98906612380273, 22.380021452228334], [88.98918972212806, 22.38011395739329], [88.98921045689718, 22.3801261629921], [88.98933531877003, 22.38021945596313], [88.98935478909243, 22.380230876453822], [88.98948091631132, 22.38032495273444], [88.98949911948876, 22.380335590814923], [88.98962651475199, 22.380430448606432], [88.9896434489861, 22.380440307873926], [88.98977211499124, 22.38053594178041], [88.9897877766847, 22.38054502583236], [88.98991771612987, 22.380641433155688], [88.98993210348391, 22.380649746488643], [88.99006331816764, 22.380746922732442], [88.99007642848443, 22.38075446804436], [88.99020892200423, 22.380852410510386], [88.99022075168654, 22.380859192297976], [88.99035452763951, 22.380957896489804], [88.99036507398904, 22.38096391745097], [88.99050013327462, 22.381063380670525], [88.99050939449307, 22.381068645301923], [88.9906457416078, 22.38116886215323], [88.99065371319847, 22.381173374951402], [88.9907913508402, 22.381274340938262], [88.99079803100437, 22.381278107298783], [88.99093696187134, 22.38137981882369], [88.99094234701187, 22.381382841445145], [88.99108257380186, 22.381485294011213], [88.99108666122044, 22.381487577389862], [88.99122818843034, 22.38159076650078], [88.99123097273127, 22.38159231603271], [88.99137380395797, 22.381696237191647], [88.99137528334273, 22.38169705647408], [88.99151942038498, 22.381801705184557], [88.99151959215544, 22.381801799613413], [88.99166399899451, 22.381906416847755], [88.99166494867853, 22.381907303579283], [88.99172314774046, 22.381949373709062], [88.99180842022253, 22.382011014297007], [88.9918104643815, 22.382012922658305], [88.9919528414506, 22.382115612645464], [88.99195597918526, 22.382118541737498], [88.99209726267861, 22.382220210993978], [88.99210149398886, 22.382224160816463], [88.99224168300731, 22.38232480844323], [88.99224700879262, 22.38232977899628], [88.99238610423549, 22.382429406791687], [88.99239252449559, 22.382435398075245], [88.99253052546356, 22.38253400514037], [88.99253803929918, 22.38254101625506], [88.9926749457922, 22.38263860348883], [88.99268355410294, 22.382646634434707], [88.99281936702027, 22.382743201837286], [88.99282906980585, 22.382752253513672], [88.99296378824829, 22.38284780018597], [88.99297458460944, 22.38285787169349], [88.99310820857715, 22.382952398534428], [88.99312010031241, 22.382963489873305], [88.99325262980506, 22.383056996883056], [88.99326561601555, 22.383069108052894], [88.99339705013386, 22.383161595231513], [88.99341113081914, 22.38317472623271], [88.99354147046256, 22.383266194479404], [88.99355664652205, 22.38328034351315], [88.99368589079143, 22.38337079282786], [88.99370216222519, 22.383385961692966], [88.99383031201944, 22.383475392075866], [88.99384767792816, 22.383491579872555], [88.99397473234814, 22.383579990424323], [88.99399319363113, 22.383597197152994], [88.99411915267677, 22.383684589672157], [88.9941387093341, 22.38370281533281], [88.99426357300564, 22.383789188920048], [88.994284225037, 22.38380843261325], [88.99440799333433, 22.38389378816788], [88.99442974073997, 22.38391404989352], [88.99455241276382, 22.383998387415716], [88.99457525644311, 22.38401966807328], [88.99469683309246, 22.38410298666355], [88.99472077304523, 22.38412528535372], [88.99484125342116, 22.384207585911383], [88.99486628874837, 22.384230902634158], [88.99497471820882, 22.384304727081542], [88.99500635366041, 22.384344563450895], [88.99509202667576, 22.38442333776686], [88.99513398724378, 22.384476573135373], [88.99521772132084, 22.38455246062773], [88.99526160104222, 22.384608611598196], [88.99534344744228, 22.38468156370334], [88.9953891905588, 22.38474068603381], [88.995469214033, 22.384810640698674], [88.99549681074711, 22.38484672991416], [88.99551674949856, 22.384872804536485], [88.99559503008658, 22.38493968621765], [88.99564426976735, 22.38500498059551], [88.99572091269016, 22.385068690367916], [88.99577173967418, 22.38513723129836], [88.99584688342708, 22.385197637860813], [88.9958991394339, 22.385269585423202], [88.99597297647188, 22.385326508011985], [88.9960264420667, 22.38540208254011], [88.99609924398499, 22.385455267546718], [88.99619882861316, 22.385600947825594], [88.99624047351915, 22.38576300655751], [88.99624927068749, 22.385777791412124], [88.99628861063104, 22.38593420509966], [88.99629958505795, 22.385954715937487], [88.99633689163443, 22.386105405440105], [88.99634981759004, 22.386131692623565], [88.99638526346916, 22.386276606680156], [88.99639999526357, 22.386308704383282], [88.99643369645798, 22.38644780971873], [88.99645013336703, 22.386485740424575], [88.9964703345276, 22.38656977035714], [88.99648217261421, 22.386619012757308], [88.99650024359147, 22.386662794452377], [88.99653068024679, 22.38679021579594], [88.99655033223223, 22.386839862869408], [88.99657921126175, 22.386961418834517], [88.99660040288637, 22.387016942078276], [88.9966182004697, 22.387092195548576], [88.99660849858344, 22.38713236736504], [88.99660473402145, 22.387165939956333], [88.9965709707738, 22.387302428264434], [88.9965665991694, 22.387341862637015], [88.99653343217221, 22.387472488264848], [88.9965284760084, 22.387517791612936], [88.99651554366164, 22.387567291211496], [88.99649588187958, 22.387642548265035], [88.99649036633741, 22.387693725085512], [88.99645831539897, 22.38781260826545], [88.99645227195487, 22.38786966665191], [88.99642073183145, 22.387982668265636], [88.99641419645815, 22.388045615412864], [88.99638312488133, 22.38815272826588], [88.99637614434363, 22.388221575865145], [88.9963454909518, 22.388322787366917], [88.99633812190683, 22.38839754800847], [88.99628438471666, 22.388566552204736], [88.9962681852287, 22.38859436194042], [88.99622095733139, 22.38873125854093], [88.99621474571404, 22.38874124101551], [88.99615998239733, 22.388887707301933], [88.99615862082368, 22.38889644871216], [88.99610312186167, 22.38903351978115], [88.9960979975246, 22.38906239791146], [88.99604669659789, 22.389179467158726], [88.99603692996044, 22.38922815105849], [88.99599074437742, 22.389325562924398], [88.99597538305756, 22.389393691066118], [88.99589479930563, 22.38955078913773], [88.99584766583712, 22.389604607266904], [88.99579785508712, 22.38970063057974], [88.99575017393141, 22.38975650096188], [88.99570094863998, 22.389850490008257], [88.99565265504617, 22.38990837127443], [88.99560407276982, 22.39000036202725], [88.9955551136776, 22.390060220902626], [88.99550722118136, 22.39015024573729], [88.99548502905304, 22.39017786343851], [88.99545755432285, 22.390212055242216], [88.99541039117673, 22.390300138440693], [88.99535997967939, 22.390363875192747], [88.99531357825907, 22.39045003923809], [88.99526239154625, 22.390515683452065], [88.99521678062996, 22.39059994543112], [88.99516479262121, 22.39066748181881], [88.99513531644186, 22.39072168485785], [88.99504978462005, 22.390803784866762], [88.99504143979158, 22.390814779767425], [88.99503166058281, 22.390827664565165], [88.99492411605524, 22.390930600067236], [88.99490533731154, 22.390955406067178], [88.99477551567753, 22.39107929667233], [88.99464340886635, 22.391169668645375], [88.99462805653968, 22.391183770015004], [88.99450785405435, 22.39126372783886], [88.99448041663811, 22.391288044607734], [88.99437242155005, 22.391358019956783], [88.99433261305984, 22.39139213933595], [88.99423709876328, 22.391452519818074], [88.99418466379137, 22.391496072186158], [88.99410187490167, 22.391547207637586], [88.99403658052375, 22.391599858446796], [88.99388010927981, 22.391694411368064], [88.9937070581343, 22.391770711649144], [88.99351742888638, 22.391828760189185], [88.99331121973705, 22.391868557887676], [88.99308843248531, 22.391890103845185], [88.99284906443296, 22.39189339716262], [88.99259311827785, 22.391878439638333], [88.99252075253088, 22.391869621785588], [88.99233216919436, 22.391857974665868], [88.99226433333246, 22.39184999048473], [88.99207127137225, 22.391837565451283], [88.99200795910002, 22.39183032321091], [88.99181040952283, 22.39181719670637], [88.99175161904208, 22.391810628957387], [88.99154957375401, 22.39179685673969], [88.99149530326582, 22.391790914019623], [88.99128875866944, 22.391776539256], [88.99123900637505, 22.39177118469246], [88.99121665642366, 22.3917696018857], [88.9911490247078, 22.391889517487414], [88.99105122073735, 22.392048654321968], [88.99094844891181, 22.39220232327864], [88.99092348373188, 22.392236662991763], [88.99084438206268, 22.392354566809843], [88.99082385323834, 22.392382674221153], [88.9907791262292, 22.392449122489893], [88.99074030442159, 22.39250679775057], [88.99072423713397, 22.39252869174578], [88.99069724488197, 22.39256865671831], [88.99064886944996, 22.392629007522828], [88.9906129208498, 22.392670236042648], [88.9905288351377, 22.392774851478237], [88.99051875358253, 22.39278635566643], [88.99049775996383, 22.39281031174653], [88.99040879183246, 22.392920681943963], [88.99038261436624, 22.3929503928465], [88.99028873863449, 22.393066498020517], [88.99026748765448, 22.393090481140916], [88.990168675544, 22.393212296110732], [88.99004452773283, 22.393351567820616], [88.98991551369005, 22.393483060395], [88.9897816334157, 22.39360677563235], [88.98964288601047, 22.39372271263312], [88.98949927237362, 22.39383087139771], [88.9893507925052, 22.39393125192578], [88.98926536050806, 22.393982842434355], [88.98919959038892, 22.394027283332434], [88.98911493630538, 22.39407837201935], [88.98904838827269, 22.39412331473926], [88.98896451120333, 22.39417390160446], [88.9888971861563, 22.39421934524671], [88.9888140870006, 22.394269432088777], [88.98874598404001, 22.39431537575399], [88.98866366189856, 22.394364961673716], [88.98859478192378, 22.394411406261497], [88.98851323769588, 22.39446049215809], [88.9884435798075, 22.39450743586957], [88.98836281349315, 22.394556022642405], [88.98829237679189, 22.39460346637702], [88.98821239018969, 22.394651554026098], [88.98814117377628, 22.394699495985094], [88.98806196598696, 22.394747084510414], [88.98798997166006, 22.394795525592997], [88.98791154178429, 22.394842615894106], [88.9878387686444, 22.39489155430192], [88.98776111848093, 22.3949381472778], [88.98768756562879, 22.394987583909995], [88.98761069517764, 22.39503367866149], [88.98753636171381, 22.39508361261869], [88.98746027187411, 22.39512921094439], [88.9873851586982, 22.395179641327445], [88.98730984857082, 22.395224742328082], [88.98723395478322, 22.395275669136936], [88.9871594252673, 22.395320274611095], [88.98708275176756, 22.39537169784569], [88.98700900286337, 22.39541580779337], [88.98693154785275, 22.39546772565501], [88.98685857955985, 22.39551134007644], [88.98678034393777, 22.395563753464558], [88.98670815715587, 22.395606873258714], [88.98662914002296, 22.395659781273878], [88.98655773475178, 22.395702405541556], [88.98647793610797, 22.395755809083425], [88.98640731234764, 22.395797939623378], [88.98632673129379, 22.395851835993597], [88.98625688994366, 22.395893472805653], [88.9861755273788, 22.39594786290354], [88.98610646753951, 22.39598900598787], [88.98602432256462, 22.39604388981371], [88.9859560460348, 22.396084540069523], [88.98587311775026, 22.396139915824506], [88.98580562363082, 22.39618007415112], [88.98572191293607, 22.396235942734677], [88.98565520212605, 22.396275609132147], [88.98557070812171, 22.39633196874547], [88.98550478062128, 22.39637114321374], [88.98541950330753, 22.396427994756266], [88.98535435911651, 22.396466678194713], [88.98526829759402, 22.396524019867684], [88.98520393761174, 22.39656221317574], [88.98511709277966, 22.39662004587842], [88.98505351610703, 22.396657748156713], [88.9849658870661, 22.396716070990067], [88.98490309550164, 22.396753283137514], [88.98481468135253, 22.396812096101485], [88.98475267489601, 22.39684881901792], [88.98466347563897, 22.396908121212903], [88.98460225339147, 22.396944354898096], [88.98451226992546, 22.397004145425115], [88.98445183278591, 22.397039890778444], [88.9843610642119, 22.397100169637156], [88.98430141307983, 22.397135427558], [88.98420985759896, 22.397196193849368], [88.98415099247444, 22.397230963438346], [88.98405865098607, 22.39729221806141], [88.98400057186888, 22.3973265002179], [88.98390744527251, 22.397388242273678], [88.98385015216286, 22.397422036997455], [88.98375623865957, 22.397484265586513], [88.98369973245684, 22.397517574676385], [88.98362578120498, 22.39756654815784], [88.98360642059993, 22.397582509325332], [88.98355338667955, 22.39762173145772], [88.98346519286446, 22.39769448121541], [88.98341204652877, 22.39773375730715], [88.98332396512899, 22.39780645310549], [88.98327070547879, 22.397845783156527], [88.98318273739358, 22.397918425894773], [88.98312936352949, 22.397957808106355], [88.98304151055726, 22.398030398684], [88.98298802247933, 22.39806983305641], [88.98290028282184, 22.39814237237266], [88.98284668052997, 22.398181857107033], [88.98275905598575, 22.398254345161888], [88.98270533858062, 22.39829388205709], [88.98261782914966, 22.398366319749925], [88.98256399573194, 22.39840590610777], [88.98247660231334, 22.39847829343853], [88.9824226528832, 22.398517929259015], [88.98233537637662, 22.398590268026567], [88.98228131003447, 22.398629953309865], [88.98219415043974, 22.398702243513753], [88.98213996628658, 22.398741976461167], [88.98205292450302, 22.398814218101734], [88.98199862343785, 22.398853998713093], [88.98191169856614, 22.398926194488467], [88.98185727879041, 22.39896602096519], [88.98177047352857, 22.39903817087503], [88.98171593414315, 22.399078043217287], [88.98162924849106, 22.399150147261594], [88.98157458949584, 22.399190064570007], [88.98148802345355, 22.399262124547533], [88.9814332448484, 22.399302085922557], [88.98139090308348, 22.39933735993469], [88.98134679931553, 22.399374101833473], [88.98129189930177, 22.399414107275277], [88.98120557517723, 22.39948608001862], [88.98115055285592, 22.39952612772862], [88.98106435193841, 22.399598059103255], [88.98100920640991, 22.399638147282815], [88.98092312780022, 22.399710038187777], [88.98086785906452, 22.39975016683678], [88.98078190546067, 22.399822017272413], [88.98072651171913, 22.3998621854916], [88.98064068222186, 22.39993399815546], [88.98058516437396, 22.39997420414619], [88.98049945988225, 22.400045979038737], [88.98044381522999, 22.4000862219018], [88.98035823844202, 22.400157960821332], [88.98030246608607, 22.400198239657072], [88.98021701700179, 22.400269943503133], [88.9801611169421, 22.400310256513308], [88.98007579556156, 22.400381926185105], [88.9800197659996, 22.400422272469996], [88.9799345750207, 22.400493910665432], [88.97987841505693, 22.400534287527478], [88.97979335537923, 22.400605895145986], [88.97973706321505, 22.40064630258496], [88.97965213573752, 22.40071788052586], [88.97959571137318, 22.400758316742895], [88.97951091699542, 22.400829866804997], [88.97945435773255, 22.400870329102474], [88.97936969915247, 22.40094185488283], [88.97931300409192, 22.400982341462054], [88.9792284813094, 22.401053842960664], [88.97917164865277, 22.401094352922087], [88.97908726436583, 22.401165832837023], [88.97903029321355, 22.401206363482913], [88.97889318886968, 22.40132265931345], [88.97877730762679, 22.4014395459983], [88.97876611826177, 22.401449067120893], [88.97865258155144, 22.40156392943186], [88.97863904945262, 22.40157547762624], [88.97852785097962, 22.4016883101674], [88.97851198514013, 22.40170189172909], [88.97840311770989, 22.401812686406515], [88.9783849235256, 22.401828308529673], [88.97827838084265, 22.4019370599475], [88.97825786550811, 22.401954728927706], [88.97815364037825, 22.402061430790525], [88.97813081018882, 22.402081152922904], [88.978028897216, 22.402185797136895], [88.9780037584668, 22.402207579616174], [88.9779041504562, 22.40231016168474], [88.97787671034206, 22.402334010805987], [88.97777940099871, 22.40243452173587], [88.97774966491522, 22.402460443794496], [88.97765464704452, 22.4025588790891], [88.97762262308572, 22.40258688127966], [88.97752989129157, 22.402683232844993], [88.97749558485356, 22.402713321462613], [88.97740513104196, 22.402807583003607], [88.9773685493193, 22.402839765243073], [88.97731095422506, 22.402899962463266], [88.97728036809463, 22.402931930464263], [88.97724151738231, 22.402966211721434], [88.97715560154978, 22.403056275227016], [88.97711448814329, 22.403092661797075], [88.97703083230721, 22.403180615493113], [88.97698746250154, 22.403219115469824], [88.97690605946718, 22.40330495306125], [88.97686044045707, 22.403345571840703], [88.97678128302982, 22.403429287931317], [88.97673342111057, 22.403472031808917], [88.97665650389467, 22.403553618304898], [88.9766064053614, 22.40359849537441], [88.97653172116208, 22.40367794598052], [88.97647939320944, 22.403724961637806], [88.97640693573157, 22.40380227095818], [88.97635238375568, 22.403851431498538], [88.97628214670374, 22.403926592338394], [88.9762253769996, 22.40397790405717], [88.9761573540788, 22.404050910121498], [88.97609837474022, 22.40410438021314], [88.97603255875578, 22.404175225206643], [88.97597137517897, 22.40423085996639], [88.97590775983542, 22.40429953669434], [88.97584437831546, 22.40435734241754], [88.97578295821711, 22.404423845484246], [88.9756528577932, 22.404542854569172], [88.97551226587854, 22.404651370364604], [88.97550371782239, 22.404656915584212], [88.9753708025205, 22.404759014716888], [88.97536629871576, 22.40476193301697], [88.97522933736411, 22.40486665637121], [88.97522888140782, 22.404866952248142], [88.9750913013225, 22.404971685494957], [88.97496024671818, 22.405087878802533], [88.97484183298428, 22.405209263896495], [88.9748354082277, 22.405214986282658], [88.97471620668767, 22.405337046767386], [88.97471056793847, 22.405342091064824], [88.97459058308908, 22.405464831436973], [88.97458572674992, 22.405469194048237], [88.97446496218834, 22.405592617005766], [88.97446088376296, 22.405596294333577], [88.9743393430864, 22.405720404373312], [88.97433603987645, 22.405723392820505], [88.9742137266822, 22.405848192640008], [88.97421119509073, 22.40585048950851], [88.97408811117754, 22.405975981806307], [88.97408634940564, 22.405977585297308], [88.97406359655787, 22.406000767121782], [88.97403522204797, 22.4060468061154], [88.97399500526541, 22.4061215370794], [88.97394540315787, 22.40620246527169], [88.97390879715346, 22.406270861411315], [88.973855598657, 22.40635813342118], [88.97382257285358, 22.406420177649068], [88.9737658085453, 22.40651380966466], [88.97375989774685, 22.40652497514759], [88.97373633416447, 22.406569486692604], [88.97367603282277, 22.40666949490145], [88.97365008108636, 22.4067187867426], [88.9735862714893, 22.40682518913121], [88.97356381271987, 22.406868078699006], [88.97349652454506, 22.406980891455134], [88.97347752996421, 22.40701736256125], [88.97340679198999, 22.407136602772027], [88.97339123281932, 22.407166639229104], [88.97331707292471, 22.407292323082288], [88.9733049212852, 22.407315907802968], [88.9732273682485, 22.407448051486483], [88.97314521248171, 22.40760837452683], [88.97307185208444, 22.407774050332193], [88.97300728795602, 22.40794507980172], [88.97295151829798, 22.40812146113649], [88.97290454400968, 22.408303197035025], [88.9728663650908, 22.408490284798972], [88.97283698154155, 22.408682726226914], [88.97282603139638, 22.408787927121296], [88.97281262340397, 22.40887822534995], [88.97280318951567, 22.40897076648787], [88.97278829674258, 22.409073744258023], [88.97278031346082, 22.40915361754554], [88.97276399975897, 22.409269280253227], [88.97275828238554, 22.4093275615823], [88.97275740772824, 22.409336477596412], [88.97273972795625, 22.40946483333539], [88.97273447411675, 22.409519345741387], [88.97271548043511, 22.40966039990758], [88.97271151622357, 22.40970222108075], [88.97269125359855, 22.40985597996962], [88.97268853674677, 22.409885103614783], [88.9726649007647, 22.41006818759689], [88.97263451896788, 22.410253349013033], [88.97259738955796, 22.41044058606434], [88.97255351253472, 22.41062990054951], [88.97252241307905, 22.410747477014468], [88.9724135573399, 22.411199671427767], [88.97247094128102, 22.411253534523098], [88.97261047829107, 22.41137712925115], [88.97275210532541, 22.411495307362713], [88.9728958232837, 22.411608067058694], [88.97304163216563, 22.411715410138186], [88.97318953287083, 22.411817334802265], [88.97331943634299, 22.41190091869248], [88.97333923671658, 22.411914584790225], [88.97347063036545, 22.411999175021947], [88.97348894236092, 22.41201183297983], [88.97362182438769, 22.412097433150166], [88.97363864800525, 22.412109080269886], [88.97377301751078, 22.41219569217759], [88.97378835364975, 22.41220632576136], [88.97392420973455, 22.41229395120496], [88.97393806019346, 22.412303571252835], [88.97407540195843, 22.412392212031136], [88.97408776673711, 22.412400814945784], [88.97422659238339, 22.412490472857087], [88.9742374741802, 22.4124980577393], [88.9743777819092, 22.41258873548179], [88.97438718162329, 22.412595298734118], [88.97452897053563, 22.412686998106665], [88.97453688996569, 22.41269253882973], [88.97468015826286, 22.41278526252995], [88.9746865992073, 22.412789777126648], [88.97483134419133, 22.412883527852557], [88.97483630844897, 22.41288701452413], [88.9749825301198, 22.412981794973916], [88.97498601858996, 22.41298424922371], [88.97513371424958, 22.413080062095332], [88.97513572963032, 22.413081483024087], [88.9752854505632, 22.41317869074402], [88.97543770938296, 22.413269320822565], [88.975592507888, 22.413353374158987], [88.9757404409687, 22.41342622104338], [88.97574968779799, 22.41343125544813], [88.97590088811569, 22.41350586680238], [88.9759068695065, 22.41350913224079], [88.97597990966074, 22.41354525151246], [88.97606133256454, 22.413585516158832], [88.97606405211445, 22.413587005435943], [88.97609187713851, 22.413600794740944], [88.97612678612245, 22.413614660488236], [88.97623054720202, 22.41365094093817], [88.97629702688636, 22.413677389999634], [88.97640131946537, 22.413713838622925], [88.97646726675106, 22.413740120410353], [88.97657209172871, 22.413776735408135], [88.97663750751514, 22.413802849921694], [88.97674286489143, 22.413839632193344], [88.97680774827916, 22.41386558123162], [88.97691363805399, 22.413902528079348], [88.97697798814369, 22.413928312541714], [88.97708441121671, 22.41396542396518], [88.97714822890777, 22.413991043851638], [88.97725518437943, 22.414028318951807], [88.97731846877247, 22.41405377606094], [88.97742595844136, 22.414091213938434], [88.97748870863717, 22.414116509169617], [88.97759673250329, 22.414154108925118], [88.97765894850181, 22.414179242278294], [88.97776750746453, 22.414217003012368], [88.97782918836651, 22.41424197628629], [88.97793828152663, 22.4142798962003], [88.97799942823121, 22.41430471119355], [88.97810905648794, 22.414342788488966], [88.97816966809575, 22.414367446100925], [88.97827983234856, 22.41440568077769], [88.97833990796045, 22.414430181907335], [88.97845060820907, 22.41446857216704], [88.97851014692577, 22.414492919512668], [88.97862138496907, 22.414531463556386], [88.97868038679047, 22.414555657118], [88.97879216172907, 22.41459435314698], [88.97885062575597, 22.41461839562254], [88.97896293848896, 22.414657242737746], [88.97902086472129, 22.414681135026456], [88.97913371614817, 22.414720131428965], [88.97919110368662, 22.41474387532969], [88.97930449470675, 22.414783019221034], [88.97936134265194, 22.414806616532132], [88.97947527416471, 22.41484590521452], [88.97953158071806, 22.414869359533327], [88.97964605362262, 22.414908791207836], [88.97970181878401, 22.414932103433898], [88.97981683397978, 22.41497167540257], [88.97987205774933, 22.414994849133052], [88.97998761433712, 22.415034558698096], [88.98004229491613, 22.415057596630902], [88.98015839649298, 22.415097440194756], [88.98021253298208, 22.415120345027958], [88.98032917954805, 22.415160320792154], [88.98038277014882, 22.415183095223767], [88.98049996260335, 22.415223199591026], [88.98055300731556, 22.41524584811748], [88.98067074745711, 22.4152860765912], [88.98072324358299, 22.415308601910567], [88.98084153410969, 22.415348952692113], [88.98089348074973, 22.41537135930082], [88.98101232076209, 22.415411825195633], [88.98106371611777, 22.41543411848994], [88.98118310921319, 22.41547469679989], [88.98123395148582, 22.415496880376793], [88.98135389946304, 22.41553756480687], [88.98140418685381, 22.41555964586098], [88.98152469151142, 22.415600430115887], [88.98157442132265, 22.415622414942675], [88.98169548535844, 22.415663292726833], [88.98185990031419, 22.415736502937364], [88.98201528697598, 22.415824357708118], [88.98216164444432, 22.415926857938302], [88.98226007434306, 22.416010821342354], [88.98230149261985, 22.416039917108662], [88.98240026516021, 22.416124033397523], [88.98244134259397, 22.416152975379475], [88.98254045417866, 22.416237247251274], [88.98258119346741, 22.416266030952556], [88.98268064229791, 22.41635046290361], [88.98272104434085, 22.41637908472711], [88.9828208286184, 22.41646367945532], [88.98286089701287, 22.416492137602063], [88.98296101403974, 22.41657689690635], [88.98300075058427, 22.41660518867866], [88.98310119766234, 22.416690115256586], [88.98312014577613, 22.416703637824924], [88.98314060505504, 22.416718238855708], [88.98324138038555, 22.416803335405575], [88.98328045952564, 22.416831287234174], [88.98338156220939, 22.41691655645394], [88.98342031579512, 22.41694433471332], [88.98352174313402, 22.417029778401684], [88.98356017206447, 22.417057381293205], [88.9836619222599, 22.417143001248633], [88.98370002923315, 22.417170426074392], [88.983802101386, 22.4172562249949], [88.98383988640182, 22.41728347085558], [88.98389235734658, 22.417327529541865], [88.98393541238949, 22.417375833927622], [88.98393549872435, 22.41737594634293], [88.98405301583415, 22.41750754233925], [88.9840544970175, 22.4175094659891], [88.98417061927881, 22.417639252549634], [88.9841734953107, 22.417642983836743], [88.9842882218241, 22.417770963659223], [88.98429249540243, 22.417776501684386], [88.98440582347007, 22.41790267476881], [88.98441149549416, 22.41791001773322], [88.98452342331746, 22.418034387676926], [88.98453049738464, 22.418043532882734], [88.98464102226541, 22.41816610058504], [88.98464950017427, 22.418177048032476], [88.98475862031427, 22.418297815291908], [88.9847685038635, 22.418310561383407], [88.98487621746352, 22.418429529999003], [88.98488750845189, 22.418444073834962], [88.98499381371357, 22.418561246504396], [88.98500651393954, 22.418577585387368], [88.9851114081651, 22.418692963009846], [88.98512552122583, 22.418711096040397], [88.98522900261639, 22.41882468131405], [88.98524452851217, 22.418844604894673], [88.98534659526916, 22.418956399618196], [88.98536353759727, 22.41897811374895], [88.98546418612341, 22.419088119720925], [88.98548254758151, 22.4191116208047], [88.98558177607822, 22.4192198407232], [88.98560155936451, 22.419245126961016], [88.98569936513371, 22.419351562624513], [88.98572057114757, 22.419378632218184], [88.98581695328983, 22.419483285425372], [88.98583958472909, 22.419512136575975], [88.98593453964736, 22.41961500912538], [88.98595860010943, 22.41964563913507], [88.98605212510569, 22.41974673372482], [88.9860776154897, 22.4197791407949], [88.98616970876515, 22.41987846012296], [88.98619663266857, 22.419912641555243], [88.98628729152534, 22.420010187420303], [88.98631565164618, 22.420046140516945], [88.98640487248707, 22.420141915617023], [88.986434671523, 22.420179638579555], [88.98652245164999, 22.420273644713063], [88.98655369229914, 22.42031313574273], [88.98664003081291, 22.420405375607686], [88.98667271487409, 22.420446631107154], [88.98675760727792, 22.420537107401742], [88.98679173834819, 22.420580125572428], [88.98687518284356, 22.42066884009489], [88.98691076362098, 22.42071361823895], [88.98699275750982, 22.42080057458702], [88.98702978979304, 22.420847110006093], [88.98711032947818, 22.420932309978184], [88.9871488177638, 22.420980599974882], [88.98722790054734, 22.42106404626884], [88.9872678475333, 22.421114089044067], [88.98734546981774, 22.421195784358076], [88.98738687820202, 22.421247576314727], [88.98746303818876, 22.42132752334669], [88.98750591066926, 22.421381062686066], [88.98758060476126, 22.42145926413383], [88.98762494493525, 22.421514547258596], [88.98769816863563, 22.421591006719552], [88.98774398010062, 22.4216480300326], [88.9878157316108, 22.42172275020488], [88.98786301706474, 22.42178151100802], [88.98793329278743, 22.421854494589297], [88.98798205582722, 22.421914991084066], [88.98805085306446, 22.421986240772526], [88.98810109638868, 22.422048469361414], [88.98816841064382, 22.42211798875428], [88.9882201387486, 22.422181945840123], [88.98828596642437, 22.42224973763541], [88.98833918200779, 22.42231542141974], [88.98840352040622, 22.4223814892145], [88.98845822796488, 22.42244889430117], [88.98858311771676, 22.42257676890273], [88.98870261333514, 22.42267855866868], [88.98871849895966, 22.422694588184697], [88.98882953285676, 22.422788068214857], [88.98885393955777, 22.42281235260799], [88.98895640561369, 22.422897643411602], [88.98898943681314, 22.42293006217278], [88.98908323340464, 22.423007281560785], [88.98912498622929, 22.423047721375326], [88.98918913740312, 22.423099971970828], [88.98921001802796, 22.423116979065412], [88.98926058780603, 22.42316533111523], [88.98933676308116, 22.42322673322724], [88.98939623794621, 22.42328289409039], [88.98946346856428, 22.42333654134842], [88.98953193575034, 22.423400412099397], [88.98958989615693, 22.42344620917521], [88.9895901668529, 22.423446360261494], [88.98961192847048, 22.42346075295228], [88.98964992860152, 22.423485885465425], [88.98973405388358, 22.423532164577864], [88.98980292576454, 22.423577288960814], [88.98995913890315, 22.42366212200932], [88.99008811607382, 22.423718855740674], [88.99012048807026, 22.42373646266776], [88.99025119103976, 22.42379410741222], [88.99028183723698, 22.423810802426658], [88.99041426600576, 22.42386936088235], [88.9904431873033, 22.42388514038697], [88.99057734007238, 22.4239446152518], [88.99060453736956, 22.423959476548703], [88.99074041413894, 22.424019871420057], [88.99076588923458, 22.42403381271032], [88.99090348640681, 22.424095128487465], [88.99092724109943, 22.424108147073355], [88.99106655957422, 22.42417038645425], [88.99108859296427, 22.424182479637807], [88.99122963184209, 22.424245646219788], [88.9912499457285, 22.42425681220226], [88.9913927032108, 22.424320905985155], [88.9914112993921, 22.424331142967958], [88.99155577457947, 22.424396168448425], [88.99157265305547, 22.424405472834337], [88.99171884504875, 22.42447143091192], [88.99173400761845, 22.424479801801454], [88.99188191551809, 22.424546695173944], [88.99189536308057, 22.42455412986925], [88.99204498508817, 22.424621960335287], [88.99205671854293, 22.42462845613852], [88.99220805375876, 22.424697226396063], [88.99221807490443, 22.424702781508188], [88.99237112242952, 22.424772493356045], [88.99237943126576, 22.42477710597865], [88.99253419110022, 22.424847762114553], [88.99254078852664, 22.42485142954996], [88.99269725887143, 22.42492303087323], [88.99270214578758, 22.424925752221725], [88.9928603257436, 22.42499830143049], [88.9928635039476, 22.425000073095077], [88.99302339261561, 22.42507357288713], [88.99302486300707, 22.42507439396826], [88.99318621307339, 22.425148731928402], [88.99318646758161, 22.42514882635743], [88.99334750558302, 22.425223186800736], [88.9933495929094, 22.425223962016332], [88.9935087998914, 22.42529763897494], [88.99351271823741, 22.425299100373195], [88.99367009419962, 22.425372090249937], [88.99367584176684, 22.425374239629434], [88.99383139030658, 22.42544653882686], [88.9938389652961, 22.425449381583803], [88.99399268731275, 22.425520985605033], [88.99400208702684, 22.425524525336698], [88.9941539843191, 22.425595430584792], [88.99416520875752, 22.425599670888175], [88.99431528312397, 22.425669873765628], [88.99432832958888, 22.425674818238406], [88.99437911411604, 22.42569862458305], [88.99447658282821, 22.42574431514811], [88.99449144952098, 22.42574996828654], [88.99463788343166, 22.425818754731893], [88.99465456765421, 22.425825119234048], [88.99479918403512, 22.425893192516867], [88.99481768668699, 22.42590027198014], [88.99496048643749, 22.425967628503315], [88.99498080392101, 22.425975426524758], [88.99512178883953, 22.42604206269101], [88.99514392025588, 22.426050583767505], [88.99528309304043, 22.42611649508035], [88.99530703659053, 22.426125741909573], [88.99544439814059, 22.426190925670767], [88.9954701511266, 22.42620090185028], [88.9956057032407, 22.4262653544626], [88.99563326566272, 22.426276063589512], [88.99576700924018, 22.42633978145585], [88.99579637929963, 22.426351227127498], [88.99592831703825, 22.426414207549783], [88.995959492037, 22.42642639246418], [88.99608962483649, 22.426488630945585], [88.99612260477454, 22.426501559599444], [88.99625093353387, 22.42656305344235], [88.99628571571333, 22.42657672853329], [88.99641224313069, 22.42663747414025], [88.99644882665211, 22.426651898366515], [88.99657355362666, 22.426711893039567], [88.99661193669158, 22.426727069998435], [88.9967348641228, 22.426786311039507], [88.99677504583178, 22.426802243428938], [88.99689617641752, 22.426860726341488], [88.99693815497204, 22.426877418658023], [88.99705748871224, 22.42693514074432], [88.99710126321293, 22.426952595685805], [88.99721880280555, 22.427009553348398], [88.99726436965506, 22.427027773612963], [88.99738011689902, 22.4270839650531], [88.99742747699656, 22.427102953338704], [88.99754143189165, 22.42715837495905], [88.99759058253949, 22.427178134863198], [88.99770274688433, 22.427232783066643], [88.99775368808241, 22.42725331728684], [88.9978640636757, 22.427307189375313], [88.99791679272579, 22.427328502408614], [88.99802538046708, 22.427381594784777], [88.99807989647019, 22.427403687530216], [88.99818669815767, 22.42745599929509], [88.99824300021436, 22.42747887534989], [88.99834801674763, 22.427530401107276], [88.99840610305938, 22.42755406406883], [88.99850933623696, 22.427604802020085], [88.99856920500486, 22.427629254586464], [88.9986706557263, 22.427679202033687], [88.99873230605112, 22.427704446003474], [88.99889353470894, 22.427783958662815], [88.99904979731036, 22.427874932282407], [88.99920109295624, 22.427977366861967], [88.99934742164618, 22.428091262401892], [88.99948878428, 22.428216618901843], [88.99962517995817, 22.42835343636216], [88.99968815948114, 22.42842448999835], [88.999759058434, 22.42849606164407], [88.99981799730284, 22.428562603381522], [88.99989293601038, 22.428638690523258], [88.99994783962126, 22.428700715865432], [89.00002681178802, 22.42878132210035], [89.00007768463763, 22.428838827450022], [89.0001606866665, 22.428923956375627], [89.00019213505902, 22.428959523663195], [89.00020155186024, 22.428979096508215], [89.0002023585522, 22.428980591181414], [89.00027743935243, 22.42913668560965], [89.00027843310329, 22.42913852832055], [89.000353327744, 22.429294273811877], [89.00035450765455, 22.429296464560252], [89.00043046889118, 22.429454470947064], [89.00049956650179, 22.42961669695302], [89.00052862809389, 22.429694428055484], [89.00052985297043, 22.429791356985618], [89.00052395791442, 22.429969837338263], [89.00050989701424, 22.4301471809477], [89.00048767026988, 22.430323386914893], [89.00045727947992, 22.4304984552395], [89.00041872194657, 22.430672386821357], [89.00037200036763, 22.430845179861137], [89.00031711294446, 22.431016836158165], [89.00025405967716, 22.431187354812607], [89.00018284236438, 22.431356735824806], [89.0001034583081, 22.431524980093798], [89.00002453020795, 22.431675631825044], [89.00001669261638, 22.43169219553846], [88.99993783916, 22.431842736653152], [88.9999299278241, 22.43185941098318], [88.9998511481121, 22.432009840581713], [88.99984316303158, 22.43202662642767], [88.99976445616477, 22.43217694361107], [88.99975639823924, 22.43219384187239], [88.99967776421744, 22.43234404664048], [88.9996696334469, 22.432361057317053], [88.99959107137096, 22.432511150569212], [88.99958286955393, 22.4325282727616], [88.99950437942363, 22.43267825269919], [88.99949610656017, 22.43269548910564], [88.99941768657715, 22.432845355728773], [88.9994093426672, 22.432862704550303], [88.99933099373044, 22.43301245785875], [88.99932257967345, 22.43302991999485], [88.99924429998458, 22.43317955998873], [88.99923581667969, 22.43319713633889], [88.99915760713793, 22.433346662118936], [88.99914905368593, 22.43336435178344], [88.99907091339202, 22.433513764248914], [88.99906229159154, 22.433531568127478], [88.99898421964616, 22.43368086637895], [88.9989755294971, 22.43369878357197], [88.9989360670192, 22.43377425752351], [88.99889752679951, 22.433847967609722], [88.99888876740289, 22.433865999916065], [88.9988108330536, 22.434015069739758], [88.99880200530833, 22.434033215360728], [88.99872413840836, 22.43418217097053], [88.99871524321395, 22.434200431704596], [88.9986374446625, 22.43434927220119], [88.99862848201889, 22.434367647149315], [88.99855075091648, 22.43451637343196], [88.9985417199245, 22.434534863493184], [88.99846405627125, 22.43468347466279], [88.9984549587295, 22.43470207983728], [88.99844299414906, 22.43472497567717], [88.99842266767217, 22.43474331465228], [88.99834174217779, 22.434812493202116], [88.99828855986925, 22.434860469335206], [88.99820801478808, 22.434929309739857], [88.99815445116718, 22.434977624917508], [88.99807428649922, 22.435046126277825], [88.99802034336426, 22.435094779600433], [88.99794055910968, 22.435162942815623], [88.99788623556134, 22.435211935182735], [88.99780683171997, 22.43527975935359], [88.99775212685927, 22.43532908986566], [88.99767310433049, 22.435396575891332], [88.99761801905652, 22.435446245447963], [88.99753937694078, 22.4355133924293], [88.99748391035428, 22.435563400130945], [88.99740564955107, 22.435630209866417], [88.99734980255153, 22.435680555713247], [88.99727192216159, 22.435747026404215], [88.99721569384923, 22.435797710396173], [88.99713819477205, 22.435863842942183], [88.99708158604653, 22.435914865978305], [88.99700446738234, 22.435980659479924], [88.99694747734424, 22.4360320206614], [88.99687073999269, 22.436097476917098], [88.99681336954154, 22.436149175344326], [88.99673701260315, 22.436214293455066], [88.99667926083941, 22.436266330926458], [88.99660328521361, 22.436331109992807], [88.99654515213712, 22.436383485609554], [88.99646955782396, 22.43644792742998], [88.99641104433442, 22.43650064029248], [88.99633583043442, 22.43656474396795], [88.99627693563212, 22.43661779587461], [88.99620210304471, 22.436681561405067], [88.99614282693005, 22.436734950557536], [88.996068375655, 22.436798377942864], [88.99600871912713, 22.43685210524046], [88.9959346491649, 22.436915194480775], [88.995874610425, 22.436969259923387], [88.9958428769196, 22.43699628363413], [88.99580092177519, 22.43703201191795], [88.99574050172293, 22.43708641460654], [88.99566719438565, 22.437148829355067], [88.99560639302064, 22.437203569289466], [88.995533466996, 22.437265645893035], [88.99547228521794, 22.43732072397239], [88.99539974050566, 22.43738246333021], [88.99533817651582, 22.437437878655317], [88.99526601311612, 22.43749927986795], [88.99520406781357, 22.437555033338242], [88.99513228572641, 22.437616097305124], [88.99506995911145, 22.437672188021168], [88.99499855923631, 22.43773291474224], [88.99493585040915, 22.437789342704093], [88.9948648318466, 22.43784973128021], [88.99480174170708, 22.437906497387075], [88.99473110445706, 22.437966548717384], [88.99466763300495, 22.43802365207], [88.99459737796673, 22.4380833661545], [88.99453352430288, 22.438140806752926], [88.99446365057707, 22.438200183591675], [88.99439941560058, 22.438257961435852], [88.99432992408691, 22.438317000129587], [88.99426530689851, 22.438375116118777], [88.9941961966972, 22.43843381756676], [88.99413119819638, 22.438492269902326], [88.99406247020687, 22.438550635003878], [88.99399708949414, 22.438609424585252], [88.99392874371654, 22.438667452441052], [88.99386298079202, 22.438726579268405], [88.99379501632706, 22.43878426987817], [88.99372887208995, 22.438843733051954], [88.99366128983672, 22.438901087315514], [88.99359476338782, 22.43896088773488], [88.99352756244718, 22.43901790475263], [88.9934606537862, 22.439078042417805], [88.99339383595685, 22.439134722189806], [88.99332654508407, 22.439195196201354], [88.99326010946652, 22.439251539626923], [88.993192436382, 22.439312350884336], [88.99312638297624, 22.439368357064097], [88.99305832767988, 22.439429504668055], [88.9929926555867, 22.439485174501215], [88.99292421807826, 22.43954665935098], [88.99291598478493, 22.439553637190613], [88.99284993317804, 22.439653280274797], [88.99282034818066, 22.43970090027642], [88.99274720002325, 22.43981126777595], [88.99271846848256, 22.439857582861237], [88.99268486270114, 22.439908297025795], [88.99264446866738, 22.43996925527705], [88.99261658788527, 22.44001426454679], [88.99254173641219, 22.440127242778203], [88.99251470728797, 22.440170945333023], [88.9924390050561, 22.4402852302793], [88.99241282669067, 22.44032762611903], [88.99233627370006, 22.440443217780455], [88.99231094519405, 22.44048430690526], [88.99223354324357, 22.440601205281553], [88.99220906369737, 22.440640987691438], [88.99213081278691, 22.440759193681856], [88.99210718220087, 22.440797667578295], [88.99202808322963, 22.44091718118301], [88.99200529980487, 22.440954346565945], [88.99192535367229, 22.441075169583485], [88.9918278311896, 22.44123457801345], [88.99173704822624, 22.441395825557095], [88.99165300388319, 22.441558911314814], [88.9915756990593, 22.441723835286894], [88.99150513375497, 22.44189059747316], [88.99144142488194, 22.442058888507063], [88.9914412944803, 22.442059195175887], [88.99137758830517, 22.44222747991438], [88.99137745520545, 22.442227793777818], [88.99131375172846, 22.442396072221072], [88.99131361593078, 22.442396391480372], [88.99124991515151, 22.44256466362839], [88.99124977665593, 22.442564989182927], [88.9911860785748, 22.44273325593508], [88.99118593828047, 22.44273358688565], [88.99112224199791, 22.442901847342398], [88.99112209900579, 22.442902184588206], [88.99105840542114, 22.44307043964909], [88.99105825973095, 22.44307078229093], [88.99099456884443, 22.443239031056464], [88.99099442045627, 22.443239379993486], [88.99093073226749, 22.443407623363157], [88.99093058118143, 22.44340797769604], [88.99086689569077, 22.443576214770644], [88.99086674190676, 22.443576575398765], [88.99080305911406, 22.443744807077337], [88.99080290263191, 22.44374517310132], [88.99073922343649, 22.443913398484653], [88.99073906335724, 22.443913770803874], [88.99067538685978, 22.444081990791346], [88.99067522498177, 22.444082369405805], [88.990611550283, 22.444250582198663], [88.99061138570693, 22.44425096710853], [88.99054771370612, 22.444419174505356], [88.99054754643225, 22.444419564811085], [88.99048387712935, 22.444587765912672], [88.99048370715741, 22.44458816251381], [88.99042004055246, 22.444756358219365], [88.99041986788274, 22.444756760216364], [88.99039512483512, 22.44482212833867], [88.99038515764897, 22.444873610928425], [88.9903760097452, 22.44493470367371], [88.99035343856042, 22.445049947297207], [88.99034650350649, 22.4450959143345], [88.99034309275959, 22.445118521502536], [88.99032173116302, 22.445226281867463], [88.9903101649823, 22.445302334834935], [88.99029003455752, 22.44540261553834], [88.9902772264129, 22.4454861427713], [88.99025835054243, 22.445578948309844], [88.99024427615245, 22.44566994531175], [88.99022668001743, 22.445755279282764], [88.99019922731259, 22.445931176782494], [88.99018078491548, 22.4461061479804], [88.99017135102713, 22.44628019287677], [88.99017092654714, 22.446453310571883], [88.99017951147545, 22.446625502864833], [88.99019710581194, 22.446796767956528], [88.99020517992523, 22.44684846458506], [88.99021719216972, 22.44696777764085], [88.99022618449095, 22.447026165225395], [88.99023729201758, 22.447138785526533], [88.99024080944162, 22.44716194935245], [88.99024702178264, 22.447202860423772], [88.99024739050475, 22.447203838886026], [88.99027188444, 22.447281443184124], [88.99030764867922, 22.447376320760668], [88.9903318332477, 22.44745319390995], [88.99036790775284, 22.44754880263514], [88.99039178025646, 22.447624945534983], [88.99042816862527, 22.44772128450984], [88.99045172636625, 22.44779669715996], [88.99048842949747, 22.44789376638431], [88.99051167067711, 22.447968449684367], [88.99054869216855, 22.448066247359577], [88.99057161498814, 22.448140203107926], [88.99060895663808, 22.44823872923405], [88.99063155750042, 22.44831195743086], [88.99066922200711, 22.448411210209315], [88.99068141366939, 22.44845088885029], [88.9906914991135, 22.448483712653342], [88.99072948917473, 22.44858369118441], [88.99075143892787, 22.448655467875653], [88.99078975814092, 22.448756171260356], [88.99081137694367, 22.448827224896547], [88.99085002890581, 22.448928652235622], [88.99087131316071, 22.44899898281699], [88.99091030146928, 22.44910113231151], [88.99093124847838, 22.44917074163658], [88.99097057673089, 22.44927361148808], [88.99099118109814, 22.449342501355375], [88.99103085379102, 22.44944609156397], [88.99105111191938, 22.449514262873095], [88.99109113444848, 22.44961857074054], [88.99111103914322, 22.44968602529002], [88.99115141780385, 22.449791049017676], [88.99117096456843, 22.44985779040485], [88.99121170385712, 22.44996352729504], [88.99123088729579, 22.450029556418883], [88.99129601260097, 22.450198205383003], [88.99137487594987, 22.450358623751583], [88.99146747554363, 22.450510813323433], [88.99152028643226, 22.450582308526805], [88.99156698193076, 22.45065886511452], [88.9916190068119, 22.450729257749174], [88.99166648831789, 22.450806916006457], [88.99171772629211, 22.45087620697143], [88.99176599470502, 22.450954966898337], [88.99181644577254, 22.451023157093175], [88.99186550199136, 22.451103017790047], [88.99191516525275, 22.45117010721475], [88.99196501017724, 22.451251067782607], [88.9920138838338, 22.451317057336496], [88.9920645183629, 22.451399118674487], [88.99211260151549, 22.451464008357448], [88.99216402744798, 22.451547168667048], [88.99221131919717, 22.4516109593784], [88.99226353653302, 22.451695217760175], [88.99231003687885, 22.45175791039935], [88.9923630456181, 22.451843267752736], [88.99240875366115, 22.45190486231968], [88.99246255560251, 22.451991316845863], [88.99250747044346, 22.452051814240008], [88.99256206558698, 22.452139365939047], [88.99260618632655, 22.452198766160166], [88.99266157647077, 22.452287414133025], [88.99270490220965, 22.452345718979814], [88.99276108735438, 22.45243546322621], [88.99278798301395, 22.45247164031099], [88.99280361809258, 22.452492670900142], [88.99286059913737, 22.45258351141996], [88.99290233307636, 22.452639623719847], [88.99296011092054, 22.452731559613937], [88.99300104806008, 22.452786577438758], [88.99305962270353, 22.452879607807745], [88.99309976304363, 22.452933530258235], [88.9931591353859, 22.453027655102346], [88.9931984771282, 22.453080483977317], [88.99325864806826, 22.453175702396777], [88.99329719121238, 22.45322743769617], [88.99335816075063, 22.45332374969138], [88.99339590529695, 22.45337439231446], [88.99345767433232, 22.45347179698598], [88.99349461848198, 22.453521346033313], [88.99355718791406, 22.45361984428058], [88.99359333166711, 22.4536683006516], [88.99365670149564, 22.453767890675806], [88.99369204395276, 22.45381525527], [88.9937562159767, 22.453915937970237], [88.99379075713779, 22.45396220988806], [88.99385573045765, 22.45406398436546], [88.9938894694236, 22.454109165405725], [88.99395524583792, 22.454212030760687], [88.9939881817092, 22.454256120023956], [88.99405476031905, 22.454360076256535], [88.99408689309564, 22.454403075541563], [88.99418260254527, 22.454552282961515], [88.99426819282291, 22.45470908065971], [88.99434366302967, 22.454873469535016], [88.99436625849614, 22.454932933608177], [88.99441559620288, 22.455040510511253], [88.99443864492758, 22.455100854121213], [88.99448753027542, 22.45520755148732], [88.99451102866107, 22.45526877463442], [88.9945594661466, 22.45537459066486], [88.9945834114954, 22.455436695147455], [88.9946314029171, 22.455541628943195], [88.99465579253098, 22.455604616559924], [88.99467880779639, 22.45565498008284], [88.99470334148612, 22.455708666321925], [88.9947281717678, 22.45577253707296], [88.9947745246248, 22.455874046250358], [88.99477462085218, 22.455944911928327], [88.9947798638998, 22.45603470204003], [88.99478008603234, 22.45612432577707], [88.9947852157652, 22.45620918040936], [88.99478555930625, 22.45630373872666], [88.99479055953685, 22.45638365877892], [88.99479103977478, 22.456483149877442], [88.99479589521457, 22.456558135349667], [88.99479652833725, 22.456662560129075], [88.99480122279823, 22.456732611920472], [88.99480202499353, 22.45684196858201], [88.99480654138881, 22.456907086692695], [88.99480753064319, 22.45702137523631], [88.9948118509862, 22.457081560565598], [88.99481304528592, 22.457200780991286], [88.994817150691, 22.457256034438615], [88.99481857072044, 22.45738018494768], [88.99482244050336, 22.457430505613388], [88.9948241060477, 22.457559587105322], [88.99482771862438, 22.457604976788275], [88.9948296521668, 22.45773898656506], [88.99483298595374, 22.457779446164636], [88.994835209977, 22.457918385125424], [88.99483824069245, 22.457953914641507], [88.99484077947847, 22.458097780987885], [88.99484348284045, 22.45812838131991], [88.99484636246979, 22.458277174152386], [88.99484871149889, 22.458302846199445], [88.99485195895079, 22.458456565518134], [88.99485392486889, 22.458477310179774], [88.99485757072051, 22.458635955085356], [88.99487498159516, 22.4588133166813], [88.99490567635604, 22.458988397596613], [88.99492541827351, 22.459065971317557], [88.99494242355405, 22.459162438895476], [88.99496177426653, 22.459238312897867], [88.99497917255076, 22.459336480194565], [88.99499812846085, 22.459410655377496], [88.9950159224469, 22.45951052059405], [88.99503448265534, 22.459582996957806], [88.99505267324236, 22.459684560993765], [88.99507083505114, 22.459755339437493], [88.99508942493719, 22.45985860139342], [88.9951071865475, 22.45992768281633], [88.99512617753123, 22.460032641793134], [88.99514353714471, 22.460100025296015], [88.99516293102448, 22.460206682192677], [88.99517988684238, 22.46027236867485], [88.9951996863166, 22.460380721692957], [88.99521623474163, 22.460444712053913], [88.9952364416086, 22.460554761193464], [88.99525258264072, 22.46061705543292], [88.9952731986993, 22.460728801593007], [88.99528892964042, 22.460789399711132], [88.99530995578999, 22.460902840193967], [88.9953252748416, 22.4609617439894], [88.99534671467927, 22.461076879694247], [88.99536162004279, 22.461134088267613], [88.99538347446787, 22.461250919194754], [88.99539796434476, 22.461306432545825], [88.99542023425653, 22.461424957795714], [88.99543430774713, 22.461478777723414], [88.99545699584388, 22.461598996396674], [88.99547064935103, 22.461651122901003], [88.99549375833044, 22.461773034997634], [88.99550699095505, 22.46182346807865], [88.995530520817, 22.461947073598594], [88.99554333165952, 22.461995813256237], [88.99556728420293, 22.462121112199725], [88.99557967146484, 22.462168158433826], [88.99560404938745, 22.462295150800685], [88.99561601037078, 22.46234050451079], [88.99564081457197, 22.46246918850244], [88.9956523492765, 22.462512850587757], [88.99567758065598, 22.462643226204023], [88.99568868638391, 22.46268519666455], [88.99571434763908, 22.462817263905777], [88.9957250234911, 22.462857543640894], [88.99575111552167, 22.46299130160736], [88.99576135879971, 22.46302988971763], [88.99578788430347, 22.463165339309114], [88.99579769410832, 22.463202236693974], [88.99582465308544, 22.463339377010698], [88.99583402851778, 22.463374583670145], [88.99586142366581, 22.463513413813075], [88.99587036292701, 22.463546930646487], [88.99589819424631, 22.46368745151466], [88.99590669553771, 22.463719278522035], [88.99593496572624, 22.463861488317036], [88.99594302814842, 22.46389162549815], [88.99597173810531, 22.46403552511947], [88.99597935985975, 22.464063973373698], [88.99600851048444, 22.464209561921848], [88.9960156906717, 22.464236321249416], [88.99604528466227, 22.464383598724226], [88.99605202058433, 22.464408669124907], [88.9960820588401, 22.464557635526432], [88.99608835049708, 22.46458101789983], [88.99611883391714, 22.46473167142966], [88.99612467951044, 22.464753365775323], [88.99615560899434, 22.46490570823204], [88.9961610076245, 22.464925714550247], [88.99619238497075, 22.46507974413487], [88.99619733573854, 22.465098063324945], [88.99622916184649, 22.465253780038097], [88.99623366295316, 22.46527041209987], [88.99626593962148, 22.465427815941098], [88.99626998926863, 22.465442760874737], [88.99630271829596, 22.465601851844156], [88.99630631558409, 22.465615110549038], [88.99633949697028, 22.465775887747157], [88.99634264100024, 22.465787459323906], [88.9963762756446, 22.465949923650157], [88.99637896551695, 22.46595980899798], [88.99641305611766, 22.466123959553215], [88.99641528913446, 22.46613215867228], [88.99644983659073, 22.46629799455684], [88.99645161275186, 22.466304508346525], [88.9964866170638, 22.466472030459897], [88.99648793636936, 22.4664768580206], [88.99652339933544, 22.466646065463692], [88.996524258188, 22.4666492076949], [88.99656018160726, 22.466820100467373], [88.99656058090613, 22.46682155826835], [88.99659696387886, 22.466994135470998], [88.99686796198694, 22.467982570439347], [88.99691504958992, 22.468193026187294], [88.9969540468918, 22.46841267660392], [88.99698495209395, 22.468641519890298], [88.99700776519632, 22.468879557845298], [88.99702248799758, 22.46912678867045], [88.99702371017622, 22.469174079520258], [88.99703575659498, 22.46937567065072], [88.99703722698644, 22.469427758484358], [88.99704902249448, 22.469624557127702], [88.99705074649484, 22.46968144104568], [88.99706228569607, 22.46987344630253], [88.99706426870108, 22.46993512540581], [88.99706540184695, 22.46995393112917], [88.99703367016781, 22.469994292702438], [88.99696101034243, 22.470081622269163], [88.99692182688096, 22.47013147438821], [88.99684850605388, 22.470219632230283], [88.99680998269463, 22.470268656973133], [88.99673600266453, 22.470357643090836], [88.99669813760909, 22.470405838658507], [88.99662349927519, 22.470495653951332], [88.9965862934227, 22.47054302034428], [88.99651099498641, 22.470633664811828], [88.99647444923653, 22.470680202029826], [88.99639849159723, 22.47077167567238], [88.99636260415099, 22.470817383715428], [88.99628598820789, 22.470909686532877], [88.99625075996465, 22.470954565400973], [88.99617348481854, 22.471047697393374], [88.99613891487911, 22.47109174708652], [88.99606098232852, 22.471185709153303], [88.99602706979351, 22.47122892877212], [88.99594847893934, 22.4713237200138], [88.99591522470797, 22.47136610955829], [88.99583597555, 22.471461730874296], [88.99580337962243, 22.471503291244062], [88.99572347306002, 22.471599742634055], [88.99569153453689, 22.47164047203023], [88.99561097057, 22.471737754393928], [88.99557968945118, 22.471777653715833], [88.99549846718065, 22.471875765254424], [88.99546784436563, 22.471914834502172], [88.99538596469068, 22.472013777014297], [88.99535599838072, 22.472052015288398], [88.99527346220066, 22.472151788774056], [88.99524415329518, 22.472189196074567], [88.99516095971069, 22.47228980053393], [88.99513230731026, 22.47232637776017], [88.99504845722072, 22.4724278122938], [88.99502046132534, 22.472463558546508], [88.99498582431204, 22.472505474835827], [88.99493595473069, 22.47256582495305], [88.99490861534042, 22.472600739332734], [88.99482345313993, 22.472703836712753], [88.9947967693555, 22.472737919219696], [88.9947109506499, 22.472841848472683], [88.99468492337058, 22.472875100005922], [88.99459844815993, 22.472979861131762], [88.99457307738567, 22.47301228079209], [88.99448594656928, 22.473117872891635], [88.99446123140075, 22.473149461578487], [88.99437344497869, 22.473255885550714], [88.99434938451662, 22.473286641465506], [88.9942609424885, 22.473393898209963], [88.9942375385317, 22.473423822251675], [88.9941484408979, 22.473531910869042], [88.99412569164741, 22.473561002138695], [88.99403593930725, 22.47366992352829], [88.9940138456625, 22.47369818292492], [88.99392343771666, 22.47380793618737], [88.99390199877837, 22.473835362811712], [88.99381093612584, 22.47394594884662], [88.99379015189407, 22.473972542698732], [88.99369843543462, 22.4740839615057], [88.99367830500978, 22.47410972258575], [88.9935859338438, 22.474221974164777], [88.99356645812571, 22.474246902472544], [88.99347343225315, 22.474359986824027], [88.99345461124142, 22.474384082359563], [88.99336093156194, 22.474498000382482], [88.99334276345792, 22.474521262246583], [88.99324842997112, 22.47463601304156], [88.99323091657362, 22.474658442133375], [88.9931359292799, 22.474774026600187], [88.99311906968933, 22.474795622020395], [88.99309896894232, 22.474820088976003], [88.99306838210032, 22.47484284272315], [88.9930003456895, 22.4748908530305], [88.99292169817784, 22.47494937461397], [88.992853588922, 22.474997424491676], [88.99277501515496, 22.475055907404226], [88.99270683215474, 22.475103995053473], [88.99262833123254, 22.47516244019465], [88.9925600753873, 22.475210566514477], [88.99248164820966, 22.47526897208553], [88.99241331772049, 22.475317137076274], [88.99233496518661, 22.47537550487573], [88.99226656005385, 22.475423707638072], [88.99218828216357, 22.475482037665984], [88.99211980328641, 22.47553027819987], [88.99204159914046, 22.47558857135556], [88.9919730456196, 22.475636848761667], [88.99193362764402, 22.475666239827206], [88.99189491611759, 22.475695104145814], [88.99182628795296, 22.475743419323464], [88.99174823309454, 22.47580163693607], [88.99167953028609, 22.475849989885262], [88.99160155007166, 22.475908170625644], [88.99153277172013, 22.475956559547683], [88.99145486704862, 22.476014704315276], [88.99138601405349, 22.47606313010948], [88.99130818402551, 22.47612123800485], [88.9912392554873, 22.4761696997719], [88.99116150190184, 22.476227771694482], [88.99109249782066, 22.476276269434322], [88.99101481887897, 22.476334306283263], [88.99094573925464, 22.476382839096743], [88.99086813675524, 22.476440839972838], [88.99079898068845, 22.476489408759335], [88.99072145373219, 22.476547374561846], [88.99065222212243, 22.476595978421813], [88.99057477160852, 22.476653909150627], [88.99050546265704, 22.476702548084234], [88.9904280894848, 22.47676044373958], [88.99035870409102, 22.47680911684745], [88.99028140736112, 22.476866979227736], [88.99021194462563, 22.476915685610493], [88.99013472523745, 22.476973513816745], [88.99006518516029, 22.477022254373594], [88.98998804311373, 22.477080049304902], [88.98984005787241, 22.47718372764689], [88.98968962647513, 22.477282046029643], [88.98953674982124, 22.47737500445305], [88.98938142881008, 22.477462602017624], [88.98922366164271, 22.477544839622794], [88.9890634483196, 22.477621717268562], [88.98890079063904, 22.47769323495487], [88.98873568680267, 22.477759391782627], [88.98856813860885, 22.477820189550187], [88.9885340785849, 22.477831296177442], [88.98840006341226, 22.477879832588258], [88.98836896305721, 22.477889959853826], [88.98823198731645, 22.477939474727123], [88.98820384842895, 22.477948625328793], [88.98806391122065, 22.47799911596661], [88.98803873469984, 22.478007291703307], [88.98789583422547, 22.478058756306552], [88.98787362097096, 22.478065958976856], [88.98772775633091, 22.47811839484814], [88.98770850724185, 22.478124628049272], [88.98755967843658, 22.478178032490348], [88.98754339351296, 22.47818329802095], [88.98739160054203, 22.478237668333804], [88.98737828068323, 22.4782419697911], [88.98722352084894, 22.478297303278055], [88.9872131678535, 22.47830064246068], [88.98705544115586, 22.478356937322985], [88.98704805592314, 22.47835931602964], [88.98688736146255, 22.478416570468482], [88.98688294399278, 22.478417991397293], [88.98671928087009, 22.478476201815283], [88.98671783206248, 22.478476667664154], [88.98655270844085, 22.47853529716633], [88.98655122006289, 22.478535876329715], [88.98653365187226, 22.478542103644884], [88.98638757312813, 22.47859388350105], [88.98638317724198, 22.478595591313592], [88.9862224387146, 22.47865247163429], [88.98621513352168, 22.478655304498716], [88.98605730430126, 22.478711061566344], [88.98604708890207, 22.478715015885314], [88.98589217078711, 22.478769653296922], [88.98587904428263, 22.47877472457401], [88.98572703727314, 22.478828247725573], [88.98571099786437, 22.47883443236327], [88.98556190555752, 22.478886843952864], [88.98554295144618, 22.47889413745463], [88.98539677294275, 22.478945441978624], [88.98537490322923, 22.478953840747238], [88.98523164122736, 22.47900404270257], [88.9852068550125, 22.479013543140695], [88.98506651041129, 22.479062644325666], [88.98503880589635, 22.4790732437354], [88.9849013795951, 22.479121247747514], [88.9848707549815, 22.479132941631974], [88.98473624967824, 22.479179853867322], [88.98473256965252, 22.47918125591042], [88.9847236474784, 22.479185880224293], [88.98470447842897, 22.479196527297916], [88.98456687676003, 22.4792678021675], [88.98454679669749, 22.479278952861364], [88.98441010694086, 22.479349725009854], [88.9842556178026, 22.479435496051337], [88.9841037537854, 22.47952569265675], [88.9839545130904, 22.479620314825695], [88.98380789571797, 22.479719362558512], [88.98366390346638, 22.47982283495594], [88.98357336961539, 22.47989193346615], [88.98350716692232, 22.479955290704197], [88.98338910572272, 22.480074602860782], [88.98327415258007, 22.48019726679047], [88.98317439798012, 22.48030966046258], [88.98316195406096, 22.480322902979708], [88.98305587902564, 22.480442058654205], [88.98304976453505, 22.480448548161974], [88.9830393791641, 22.48046017909411], [88.98301650670658, 22.48049223362966], [88.98295333652743, 22.480586251454497], [88.98291677908628, 22.48063746784493], [88.982853131367, 22.48073217005367], [88.98281705056661, 22.480782701160763], [88.98275292710593, 22.480878088653014], [88.98271732204694, 22.48092793537603], [88.98265272284505, 22.48102400725213], [88.98261759442647, 22.481073168691864], [88.98255251768461, 22.481169925851475], [88.98251786590697, 22.481218402907075], [88.98245231342372, 22.48131584445082], [88.9824181382865, 22.481363636222966], [88.98235210826329, 22.481461763049992], [88.98231841066621, 22.481508870438006], [88.98225190310302, 22.481607681649336], [88.98221868304591, 22.481654104653273], [88.98215169884196, 22.481753599349304], [88.98213780507939, 22.481773007648428], [88.98211895542562, 22.481799338868484], [88.98205149368152, 22.48189951794842], [88.98201922870453, 22.481944573083695], [88.98195128762188, 22.482045435648388], [88.98191950108423, 22.48208980729879], [88.98185108246162, 22.482191354247732], [88.98181977346394, 22.482235041514002], [88.98175087730118, 22.48233727194753], [88.9817200467428, 22.48238027662859], [88.98165067124154, 22.482483189647496], [88.98162032002188, 22.48252551084363], [88.98155046608133, 22.48262910824684], [88.98152059330079, 22.482670745058897], [88.98145026002152, 22.482775025946808], [88.98142086657987, 22.482815980173484], [88.98135005396188, 22.482920943646775], [88.98132113985878, 22.482961214388524], [88.98126707081883, 22.483041338587043], [88.98125424648634, 22.483070107899266], [88.98122597899572, 22.483128830930866], [88.98117896603651, 22.48323442662752], [88.98114981091521, 22.48329500855789], [88.98110368558673, 22.483398745355885], [88.98107364283447, 22.483461187084117], [88.98102840513695, 22.48356306318493], [88.98099747565311, 22.483627365610573], [88.9809531237878, 22.483727381013978], [88.98092130937113, 22.4837935441368], [88.98087784333785, 22.483891698842854], [88.9808451421896, 22.4839597226632], [88.98080256108949, 22.484056016671843], [88.98076897590755, 22.48412590118943], [88.98072727974034, 22.48422033450089], [88.98069281052494, 22.48429207971583], [88.9806519974918, 22.48438465143056], [88.98063919501789, 22.48441130734733], [88.98061664514216, 22.484458258242057], [88.98057671524327, 22.48454896836023], [88.98054047975933, 22.484624437667833], [88.9805014320956, 22.48471328529007], [88.9804643152761, 22.48479061619406], [88.98042614894769, 22.48487760221974], [88.98038815079269, 22.484956795619667], [88.98035086490063, 22.485041918250033], [88.98031198720861, 22.485122975045442], [88.98027558175289, 22.485206234280326], [88.98023582362453, 22.485289154471047], [88.98020029680623, 22.485370549411414], [88.98015966093965, 22.485455333896596], [88.98012501275917, 22.4855348645425], [88.98008349915415, 22.4856215133222], [88.98004972691353, 22.485699179673418], [88.98000733736887, 22.485787692747806], [88.97997444196704, 22.485863494804562], [88.97993117558337, 22.48595387217358], [88.97989915522186, 22.486027809036273], [88.97985501559657, 22.486120052498563], [88.97978280992885, 22.486287131246172], [88.97971758929549, 22.486455797297253], [88.97970215153316, 22.4865009306734], [88.97965425274174, 22.486624890526286], [88.97963935816989, 22.48666853012861], [88.97959091528855, 22.486793984654696], [88.97957656300815, 22.48683612958382], [88.97952757963418, 22.48696307878305], [88.97951376784619, 22.487003728139655], [88.97946424487913, 22.487132173810835], [88.97945097178501, 22.48717132669549], [88.97940091012407, 22.487301267939245], [88.97938817482452, 22.487338924351945], [88.97933757626822, 22.487470362966974], [88.97932537786397, 22.487506522008402], [88.97927424421113, 22.48763945799476], [88.9792625791049, 22.48767411876571], [88.97921091215403, 22.48780855302249], [88.97919978034565, 22.48784171552279], [88.97914758099625, 22.487977648050048], [88.9791369806872, 22.48800931228004], [88.97910796441585, 22.488084938284885], [88.97908425073774, 22.48814674397721], [88.97907418012937, 22.488176908137973], [88.97902092227793, 22.48831583900477], [88.97901137777296, 22.488344503096528], [88.97895759381794, 22.488484934931932], [88.97894857541661, 22.488512098055025], [88.97889426715687, 22.488654031758244], [88.97888577216065, 22.48867969301358], [88.97883094049558, 22.48882312768535], [88.97882296710634, 22.48884728617338], [88.9787676156331, 22.488992224511662], [88.97876016205186, 22.489014879333354], [88.97870429256915, 22.489161321337974], [88.97869735519885, 22.489182472493155], [88.9786409695052, 22.489330419063663], [88.97863454744657, 22.48935006475375], [88.97857764823999, 22.48949951678935], [88.97857173789544, 22.48951765611497], [88.97851432877331, 22.48966861451504], [88.97850892834441, 22.489685246576983], [88.97844540922841, 22.48985245662567], [88.97837403723213, 22.490015442558672], [88.97829481325522, 22.4901742061748], [88.97821336705329, 22.490318751509278], [88.97820824541435, 22.490329019968385], [88.97812643858441, 22.490474285659786], [88.97812167757343, 22.490483833762028], [88.97803950921616, 22.490629819810522], [88.97803510883335, 22.49063864845499], [88.97795258074711, 22.49078535396103], [88.97794854099243, 22.490793462248575], [88.97790798757882, 22.490865590547685], [88.97786565227807, 22.490940888111595], [88.97786197225236, 22.490948276042218], [88.9777787238092, 22.491096422262103], [88.97777540351211, 22.491103089835804], [88.97769179534015, 22.49125195641284], [88.97768883567136, 22.49125790362939], [88.97760486687127, 22.491407491462724], [88.97760226693111, 22.491412716523826], [88.97751793840223, 22.49156302561329], [88.97745220335656, 22.49169519717566], [88.97743711543063, 22.491722105790586], [88.97737140017, 22.49185422699111], [88.97735629335841, 22.491881185068678], [88.97729059788287, 22.492013256806388], [88.97727547038681, 22.492040265246146], [88.97720979469631, 22.49217228572246], [88.97719464741522, 22.492199345423614], [88.97712899240912, 22.49233131553791], [88.97711382534294, 22.492358424701536], [88.97704818922261, 22.49249034535319], [88.97703300237134, 22.492517504879004], [88.97696738603622, 22.49264937516864], [88.97695217939975, 22.49267658505653], [88.97688658374886, 22.492808404084712], [88.97687135732735, 22.49283566433462], [88.97680578056236, 22.49296743389999], [88.97679053435576, 22.49299474451192], [88.97672497827517, 22.49312646371544], [88.9767097113841, 22.49315382379001], [88.97664417598799, 22.49328549353089], [88.9766288884125, 22.493312903967478], [88.97656337280148, 22.49344452334617], [88.97654806544091, 22.4934719832454], [88.97648257051429, 22.493603552262243], [88.97646724246931, 22.493631063422868], [88.9764017673279, 22.493762582077693], [88.97638641949771, 22.493790143600393], [88.97632096504054, 22.493921611892972], [88.9763055974255, 22.493949222878484], [88.97624016275341, 22.494080641708422], [88.9762247744539, 22.494108303055782], [88.97615935956685, 22.4942396715237], [88.97614395148224, 22.494267382333874], [88.97607855727966, 22.49439870133915], [88.97606312851065, 22.494426461611965], [88.97599775499253, 22.49455773115443], [88.97598230553905, 22.494585541789434], [88.97591695270535, 22.494716760070503], [88.97590148256745, 22.494744621067582], [88.97583614951878, 22.494875789885953], [88.97582065959585, 22.49490370124488], [88.9757553472316, 22.49503481970123], [88.97573983662426, 22.49506278052297], [88.97567454494447, 22.49519384951668], [88.97565901275328, 22.49522186070044], [88.97559374265728, 22.49535287933196], [88.97557818978169, 22.49538093997853], [88.9755129403701, 22.49551190914741], [88.97549736681009, 22.495540019256453], [88.97543213808274, 22.49567093896269], [88.97541654383843, 22.495699099433978], [88.97535133579561, 22.49582996877814], [88.97533572086684, 22.49585817871207], [88.97527053350842, 22.49598899859359], [88.97525489789541, 22.496017258889538], [88.97518973032186, 22.49614802840881], [88.97517407492381, 22.49617633816763], [88.97510892803467, 22.49630705822426], [88.97509325105284, 22.49633541744555], [88.97502812574754, 22.49646608803954], [88.97501242808124, 22.49649449762302], [88.97494732346036, 22.49662511785499], [88.97493160510965, 22.496653576901167], [88.97486652117317, 22.49678414767027], [88.97485078213805, 22.49681265617926], [88.97478571978519, 22.49694317748572], [88.97476995826707, 22.496971736356727], [88.974704917498, 22.497102207301168], [88.97468913529548, 22.497130815634648], [88.97462411521087, 22.497261237116447], [88.97460831232388, 22.49728989491274], [88.97454331292369, 22.497420266931897], [88.9745274884529, 22.49744897419089], [88.9744625106365, 22.497579296747176], [88.97444666548125, 22.497608054368357], [88.97438170834914, 22.497738326562626], [88.97436584250966, 22.497767133646448], [88.97430090606201, 22.497897356378076], [88.97428501863868, 22.49792621292437], [88.97422010377483, 22.498056386193355], [88.97420419566726, 22.49808529220246], [88.97413930148764, 22.498215416008804], [88.97412337179628, 22.498244372379986], [88.97405850009983, 22.498374445824084], [88.97404254882468, 22.498403451658078], [88.97397769781264, 22.498533475639533], [88.97396172585309, 22.49856253093617], [88.97389689552534, 22.498692506354132], [88.97388090198211, 22.49872161021426], [88.97381609323816, 22.498851536169582], [88.97380007901052, 22.49888068949241], [88.97373529185035, 22.49901056598486], [88.97371925513971, 22.499039769669707], [88.97363956711251, 22.49919950815081], [88.97356801255381, 22.499358238491993], [88.9735658047183, 22.499362687438122], [88.9735503561642, 22.49939712877466], [88.97354299611243, 22.49943463230261], [88.973529040433, 22.49952405369214], [88.97351191464332, 22.499612090125936], [88.97350388802056, 22.4996642417247], [88.97349946263017, 22.499692994935913], [88.97348084936175, 22.49978954794932], [88.97346986953903, 22.499861930783652], [88.97344980206691, 22.49996700667208], [88.97344025936053, 22.500030861235302], [88.97340844584318, 22.500199057840405], [88.97337026872304, 22.500365137441293], [88.97332572889934, 22.500529099138703], [88.97327482637218, 22.50069094383207], [88.97321756114172, 22.500850671521448], [88.97315393320753, 22.5010082822065], [88.97308394167067, 22.501163774988356], [88.97307779840185, 22.50117611638467], [88.9730736161809, 22.501196410854618], [88.97304803893604, 22.501320525921642], [88.97304647411556, 22.50133009021164], [88.97301264251956, 22.50149576421819], [88.97298427700287, 22.501671559195188], [88.97296332459791, 22.501847940530126], [88.97294978530448, 22.50202490912227], [88.97294896062601, 22.50204881310242], [88.97293717411134, 22.502201950559595], [88.97293626939341, 22.502227797974683], [88.97292456381774, 22.502378991996977], [88.97292357816065, 22.50240678194757], [88.9729119544233, 22.502556033434303], [88.9729108851293, 22.502585765920458], [88.97289934592806, 22.502733075771005], [88.972898192098, 22.502764749893345], [88.97288673833242, 22.50291011720833], [88.97288549726807, 22.502943733866402], [88.97287413163593, 22.50308715954486], [88.97287280243802, 22.50312271783929], [88.97286152583882, 22.503264201881564], [88.97286010580939, 22.503301701812177], [88.97284892094103, 22.50344124331889], [88.97284740828138, 22.503480685785064], [88.9728363169425, 22.50361828565542], [88.97283471075338, 22.50365966975812], [88.97282371474267, 22.503795327992123], [88.97282201142679, 22.503838652831632], [88.97281111254284, 22.503972370328654], [88.97280931120088, 22.50401763680452], [88.97279851124239, 22.504149412665356], [88.97279661097491, 22.5041966198782], [88.97278591084114, 22.504326455002058], [88.97278390895042, 22.504375603851088], [88.97277331133944, 22.50450349823791], [88.97277120602638, 22.504554586924826], [88.97276071363615, 22.50468054057461], [88.97275850310251, 22.504733570897713], [88.97274811593297, 22.504857582911143], [88.97274579838006, 22.504912553971224], [88.972735519129, 22.50503462614722], [88.97273309275812, 22.505091537044905], [88.97272292322441, 22.505211668483753], [88.97272038623692, 22.505270521017792], [88.9727103282192, 22.50538871171983], [88.97270767971577, 22.505449504091473], [88.97269773411318, 22.50556575495574], [88.97269497139587, 22.505628487164984], [88.97268514180593, 22.50574279729244], [88.97268226217676, 22.50580747023872], [88.97267254949861, 22.505919840528293], [88.97266955295765, 22.505986453312232], [88.97265995809073, 22.5060968837642], [88.9726568419398, 22.506165436385913], [88.972647367582, 22.50627392700028], [88.97264413002262, 22.506344419459424], [88.97263477797281, 22.506450970236187], [88.97263141810555, 22.506523401633785], [88.97262218926267, 22.506628014371415], [88.97261870438979, 22.506702384707467], [88.972609601452, 22.506805057607494], [88.97260598977465, 22.506881367780977], [88.97259701543999, 22.506982100843402], [88.97259648053381, 22.50699329143106], [88.97259327515951, 22.50706034995528], [88.97258442942791, 22.507159144978687], [88.97258055874585, 22.507239333028792], [88.97257184431521, 22.507336188214538], [88.97256784233213, 22.507418315203154], [88.97255926010189, 22.507513232349822], [88.97255512411988, 22.507597298276835], [88.97254667678777, 22.5076902755859], [88.9725424059074, 22.50777628045097], [88.97253409347383, 22.50786731972113], [88.9725296858964, 22.50795526262533], [88.97252151195829, 22.508044363856413], [88.9725169658854, 22.508134244799635], [88.97250893134225, 22.508221407991698], [88.97250424497508, 22.508313227873145], [88.97249635162547, 22.508398452126926], [88.97249152226613, 22.508492210047507], [88.972483772808, 22.50857549626221], [88.972478799557, 22.50867119222181], [88.97247119488992, 22.508752540397495], [88.97246607594872, 22.508850174396116], [88.97245861697166, 22.508929584532723], [88.97245335054185, 22.509029156570477], [88.97244604085228, 22.509106628668007], [88.97244062513482, 22.509208138744782], [88.97243346563198, 22.509283673702612], [88.97242789882858, 22.50938712001954], [88.9724208904118, 22.509460717837896], [88.97241517162297, 22.5095661021939], [88.97240831699037, 22.50963776197318], [88.97240244351804, 22.509745084368205], [88.97239574356882, 22.509814807007785], [88.97238971451384, 22.50992406564319], [88.9723831710466, 22.509991852042447], [88.97237698461032, 22.510103047817495], [88.97237060032307, 22.510168896177674], [88.97236425380743, 22.51028202909248], [88.97235802959943, 22.510345941212336], [88.97235152210516, 22.510461011266784], [88.97234545977534, 22.51052298624694], [88.97233879040289, 22.510639992541712], [88.9723328917496, 22.5107000312816], [88.97232605690203, 22.510818973816697], [88.97232032372403, 22.510877076316206], [88.97231332250203, 22.510997955991], [88.97230775659784, 22.511054121350696], [88.9723005881018, 22.511176937265986], [88.97229519037086, 22.5112311663853], [88.97228785190288, 22.511355918540914], [88.97228262504325, 22.511408211419962], [88.97227511570412, 22.5115348998159], [88.97227005971558, 22.511585257353772], [88.97226237860599, 22.511713881090827], [88.97225749618656, 22.511762302388377], [88.9722496397091, 22.511892862365812], [88.97224493355702, 22.511939348322414], [88.97223690081245, 22.51207184364074], [88.97221873810446, 22.512250483173432], [88.97219829561499, 22.512393497861694], [88.97219470642062, 22.512428753084635], [88.97217424954215, 22.512571961127207], [88.97217067473696, 22.512607022995837], [88.97215020346925, 22.51275042439272], [88.97214664305329, 22.512785292007607], [88.97212615649704, 22.512928887658006], [88.97212261136946, 22.51296356191898], [88.97210211042415, 22.513107350024313], [88.97209857968579, 22.513141831830183], [88.97207806345193, 22.513285813289826], [88.97207454800213, 22.513320101741385], [88.97205401737904, 22.51346427655517], [88.97205051721767, 22.513498371652588], [88.972029970407, 22.513642738921305], [88.972026485534, 22.513676641563734], [88.97200592433393, 22.51382120218676], [88.97200245474949, 22.513854911475107], [88.97198187736188, 22.513999665452275], [88.97197842306582, 22.514033180486933], [88.97195783038967, 22.51417812781841], [88.97195439228153, 22.514211450398307], [88.9719337834174, 22.514356591083924], [88.9719303605977, 22.51438972030951], [88.97190973734456, 22.51453505434938], [88.97190632981341, 22.514567990220655], [88.97188569037235, 22.514713516715517], [88.97188229902895, 22.514746260131858], [88.97186164340025, 22.51489197998103], [88.97185826734528, 22.51492453004306], [88.97183759642803, 22.515070442347167], [88.97183423656082, 22.515102799954434], [88.97181354945582, 22.51524890561268], [88.97181020577648, 22.51528106896626], [88.97178950248372, 22.515427368877965], [88.97178617499202, 22.515459338877406], [88.9717654555115, 22.515605831244102], [88.97176214420773, 22.51563760878861], [88.97174140763991, 22.515784294509615], [88.97173811342327, 22.515815878699982], [88.97171736066764, 22.51596275687575], [88.97171408263898, 22.515994148611185], [88.9716933136956, 22.516141220141265], [88.97169005185447, 22.516172418522387], [88.971669265824, 22.516319682507344], [88.97166602107018, 22.516350688433533], [88.97164521885196, 22.516498145772857], [88.9716419911851, 22.516528958344907], [88.97162117187969, 22.516676608138994], [88.97161796040064, 22.51670722825611], [88.9715971240081, 22.516855071404507], [88.97159392961635, 22.516885497267936], [88.97157307703606, 22.517033533770643], [88.97156989883183, 22.51706376717914], [88.97154902916441, 22.5172119970361], [88.97154586894675, 22.517242037090455], [88.97152498219236, 22.517390459402236], [88.97152183816246, 22.517420307001657], [88.97150093432077, 22.51756892266775], [88.97149780827732, 22.51759857691286], [88.97147688644918, 22.517747385033886], [88.97147377749303, 22.517776846824063], [88.97145283947708, 22.5179258482994], [88.97144974760795, 22.517955116735436], [88.97142879160549, 22.518104310665535], [88.97142571682349, 22.518133386646582], [88.97140474373407, 22.518282773031615], [88.97140168693835, 22.518311656557785], [88.97138069586248, 22.518461236297128], [88.97137952053828, 22.518472329549866], [88.97137765615406, 22.518489926468988], [88.97135664799106, 22.518639698663264], [88.97135362626898, 22.51866819638019], [88.97133260101879, 22.518818161928777], [88.97132959638384, 22.518846466291507], [88.97130855314737, 22.518996624294914], [88.97130556649876, 22.519024735303333], [88.97128450527578, 22.51917508666105], [88.97128153571447, 22.519203005214706], [88.97126045740436, 22.519353549926507], [88.97125750582939, 22.51938127512591], [88.97123640953276, 22.519532012292643], [88.97123347594425, 22.51955954503711], [88.97121236166129, 22.519710475558156], [88.97120944605916, 22.519737814948257], [88.9711883137897, 22.519888937924293], [88.97118541617402, 22.51991608485946], [88.9711642650189, 22.52006740029043], [88.97116138628911, 22.520094354770833], [88.97114021714748, 22.520245863555886], [88.97113735640403, 22.520272624682036], [88.97111616927589, 22.520424325922022], [88.97111332651889, 22.52045089459324], [88.97109212140447, 22.52060278828816], [88.9710892966338, 22.520629164504385], [88.97106807353282, 22.52078125155367], [88.97106526674872, 22.520807434415758], [88.97104402476202, 22.520959713919808], [88.97104123686358, 22.52098570432696], [88.9710199768906, 22.521138176285945], [88.97101720697867, 22.521163974238164], [88.97099592901901, 22.5213166395514], [88.97099317709359, 22.52134224414931], [88.97097188024821, 22.521495101917537], [88.97096914810783, 22.521520514060512], [88.97094783237662, 22.521673564283674], [88.97094511822274, 22.521698783971885], [88.9709237845052, 22.521852027549187], [88.9709210883376, 22.521877053883088], [88.9708997357344, 22.522030489915323], [88.97089705845252, 22.52205532379429], [88.97087568786276, 22.52220895228146], [88.97087302946682, 22.522233593705437], [88.97085163909196, 22.522387414647596], [88.97084899958185, 22.52241186361664], [88.97082759122054, 22.522565877913053], [88.97082496969676, 22.522590132628636], [88.97080354244957, 22.52274434027919], [88.97080094071083, 22.52276840253984], [88.97077949367878, 22.522922802645326], [88.97077691082592, 22.52294667245104], [88.97075544580736, 22.523101265011462], [88.97075288184021, 22.523124942362188], [88.97073139703639, 22.523279728276975], [88.97072885195507, 22.52330321227356], [88.97070734826559, 22.52345819064311], [88.97070482296937, 22.523481482184764], [88.97068330039417, 22.52363665300919], [88.97068079308423, 22.523659752095966], [88.9706592516232, 22.523815115375328], [88.97065676409852, 22.523838022007112], [88.97065438089498, 22.52385521254803], [88.97060004115912, 22.523986267152566], [88.9705912287024, 22.52400945257432], [88.9705308985823, 22.524155353187155], [88.97052430835026, 22.52417275776662], [88.97046176319986, 22.52432444012095], [88.97045738170294, 22.52433605846244], [88.97039263591148, 22.52449352885344], [88.970390447861, 22.524499354661543], [88.97032351671697, 22.52466262028372], [88.97032350682446, 22.52466264636422], [88.97025672496795, 22.52482604058946], [88.97025421945682, 22.52483167394263], [88.97018993951417, 22.524989432116627], [88.97018492579389, 22.525000728500913], [88.97012315046311, 22.52515282184538], [88.9701156366275, 22.525169783958518], [88.9700563569155, 22.525316207976687], [88.97004635195776, 22.525338840315328], [88.96998955887108, 22.52547959230941], [88.96997707358327, 22.525507897571515], [88.96992275722954, 22.52564297394423], [88.96990779970525, 22.525676956626285], [88.96985595019214, 22.525806351981714], [88.96983853122327, 22.525846015681225], [88.96978913955724, 22.52596972642192], [88.96976926813733, 22.526015077433897], [88.96972232262709, 22.526133099063372], [88.96970001134645, 22.526184139186796], [88.96965550120052, 22.52629646720834], [88.96963076085098, 22.52635320273822], [88.96958867527724, 22.526459832655178], [88.96956151665074, 22.526522267189023], [88.96952184305871, 22.526623194504907], [88.96949227964512, 22.52669133343835], [88.96945500454495, 22.526786552757358], [88.96942304803531, 22.52686040148643], [88.96938816063516, 22.526949906513153], [88.96935382451954, 22.527029470433718], [88.96932131043013, 22.527113256671612], [88.96928460819817, 22.527198541179757], [88.96925445393009, 22.527276602333416], [88.96921539997089, 22.527367612825174], [88.96915008400936, 22.527537494759656], [88.9690917296997, 22.527708823703392], [88.96896911523254, 22.528121034258504], [88.96896356641565, 22.528142766375595], [88.9689190158, 22.528292381188578], [88.96891311714671, 22.528315445201827], [88.96886891636751, 22.528463728118595], [88.96886266697857, 22.528488124027717], [88.96881881693497, 22.52863507504867], [88.9688122159111, 22.528660802853835], [88.96876871840163, 22.528806421978913], [88.96876176484375, 22.528833481679897], [88.9687186207679, 22.528977768908987], [88.96871131377623, 22.529006160505958], [88.96866852313394, 22.529149116738438], [88.96866086091018, 22.5291788384327], [88.96861842549998, 22.529320463668512], [88.96861040894333, 22.529351516359384], [88.9685683287654, 22.529491811497962], [88.96855995607723, 22.529524195185502], [88.9685182329302, 22.529663159327356], [88.9685095023118, 22.529696873112186], [88.96846813709499, 22.529834507156806], [88.96845904854638, 22.5298695510391], [88.96841804125978, 22.530005854986257], [88.96840859388158, 22.530042228066463], [88.96836794632372, 22.530177203715027], [88.96835813921695, 22.530214905993148], [88.9683178522871, 22.530348551544478], [88.96830768365277, 22.53038758391989], [88.96826775825059, 22.530519900273305], [88.96825722808865, 22.530560260947368], [88.96821766421397, 22.530691249002075], [88.96820677162526, 22.530732937974733], [88.96816757107666, 22.53086259773073], [88.96815631516188, 22.530905615901645], [88.96811747883856, 22.53103394735888], [88.96810585869855, 22.531078292928953], [88.9680673866007, 22.531205296087705], [88.96805540043641, 22.53125096995649], [88.96801729436277, 22.531376644816362], [88.96800494307371, 22.531423646084477], [88.96796720302405, 22.53154799444451], [88.9679544848118, 22.531596323111955], [88.9679171116855, 22.531719344072485], [88.96790402565028, 22.53176900013932], [88.96786702124615, 22.53189069370069], [88.967853566489, 22.53194167626748], [88.96781693170618, 22.532062043328665], [88.96780310732771, 22.532114352395638], [88.96776684126678, 22.532233393856075], [88.96775264726705, 22.532287028523626], [88.96771675262619, 22.53240474348422], [88.96770218630701, 22.532459705551105], [88.96766666308622, 22.532576094011574], [88.96765172534697, 22.532632381679093], [88.9676165744454, 22.532747443639778], [88.96760126438693, 22.532805056907875], [88.96756648670419, 22.53291879416713], [88.96755080252757, 22.532977733036034], [88.96751639896274, 22.533090144694484], [88.96750034066832, 22.533150409164193], [88.96746631122136, 22.533261496121213], [88.96744987790953, 22.533323084392975], [88.96741622437929, 22.533432846648623], [88.96739941515096, 22.533495759621758], [88.9673661384366, 22.533604197176146], [88.96734895239234, 22.533668435749746], [88.96731605159454, 22.533775548602875], [88.96729848783502, 22.53384111097853], [88.96726596655122, 22.533946900029434], [88.96724802417708, 22.53401378620731], [88.96721588060853, 22.534118251456164], [88.96719755961976, 22.534186461436093], [88.96716579556505, 22.534289602882893], [88.96714709506239, 22.534359136664875], [88.96711571142112, 22.53446095430968], [88.96709662960586, 22.53453181099445], [88.96706562727701, 22.53463230573641], [88.96704616414934, 22.534704486223234], [88.9670155431329, 22.534803658062515], [88.96699569779327, 22.53487716055264], [88.96696545898874, 22.534975009489244], [88.96694523143736, 22.53504983578142], [88.96691537664339, 22.53514636181518], [88.96689476508152, 22.535222510110827], [88.9668652933986, 22.535317714141286], [88.96684429782624, 22.535395184440233], [88.96681521105324, 22.53548906646739], [88.96679383057096, 22.53556785876964], [88.96676512870783, 22.535660418793327], [88.96674336241631, 22.535740533099272], [88.96671504726169, 22.535831771119433], [88.96669289426171, 22.535913207428678], [88.96666496581565, 22.53600312344554], [88.96664242610723, 22.536085881758083], [88.96661488526883, 22.536174476670794], [88.96659195705325, 22.536258555188283], [88.966564804722, 22.5363458289969], [88.9665414879994, 22.53643122951769], [88.96651472417517, 22.536517182222212], [88.96649101804621, 22.536603902947945], [88.96646464452772, 22.536688535447695], [88.96644054809286, 22.53677657727735], [88.96641456488027, 22.536859888673007], [88.9663900772403, 22.53694925070738], [88.96636448523282, 22.537031241898262], [88.96633960728707, 22.53712192413758], [88.96631440648474, 22.537202595123745], [88.96629534355537, 22.537271998504025], [88.96625297739308, 22.53737025123621], [88.96623546309621, 22.53741510222528], [88.9661836027912, 22.537535319999165], [88.96616589693878, 22.53758066561528], [88.96611422908848, 22.537700387862685], [88.96609633168049, 22.537746229904712], [88.9660448544866, 22.537865455726262], [88.96602676642226, 22.537911794194088], [88.96597548078392, 22.53803052358984], [88.96595720116397, 22.538077357584086], [88.96590610618205, 22.53819559145336], [88.96588763590569, 22.53824292187346], [88.96583673247932, 22.538360659317107], [88.96581807064763, 22.538408486162893], [88.96576735787744, 22.538525728080003], [88.96574850538934, 22.538574050452098], [88.96569798327539, 22.53869079594358], [88.96567894013111, 22.538739613842097], [88.96562860867351, 22.538855863807157], [88.96560937487283, 22.538905178131472], [88.96555923497084, 22.539020931670677], [88.96553981051392, 22.539070742420904], [88.96548986036873, 22.539185999534425], [88.96547024525569, 22.53923630671028], [88.96542048576686, 22.539351067398], [88.96540067999757, 22.539401870999654], [88.96535111116498, 22.539516135261522], [88.96533111473929, 22.53956743528903], [88.96528173656293, 22.5396812031251], [88.96526155038043, 22.53973299957829], [88.96521236196105, 22.539846270988676], [88.96519198512215, 22.539898563867666], [88.96514298735917, 22.540011338852196], [88.96512242076324, 22.54006412815704], [88.96507361275707, 22.540176406715943], [88.96505285550501, 22.540229692446417], [88.96500423815519, 22.54034147457952], [88.9649832911461, 22.54039525673585], [88.96493486265393, 22.54050654244304], [88.96491372588781, 22.540560821025224], [88.96486548805188, 22.540671610306617], [88.96484416152896, 22.5407263853146], [88.96479611345, 22.540836678170137], [88.96477459717005, 22.540891949603804], [88.96472673794875, 22.541001746033885], [88.96470503191176, 22.54105751389318], [88.9646573633467, 22.541166812998085], [88.96463546755285, 22.541223079081988], [88.96458798784545, 22.541331880861662], [88.964565903194, 22.541388643371363], [88.96451861324351, 22.541496948725182], [88.96449633883509, 22.541554207660738], [88.96444923774226, 22.54166201658893], [88.96442677447618, 22.541719771949943], [88.96437986224083, 22.541827084452507], [88.96435721011727, 22.541885337138694], [88.96431048763895, 22.541992152316027], [88.96428764575842, 22.542050901428127], [88.9642411121377, 22.542157219280398], [88.96421808139951, 22.5422164657175], [88.96417173663644, 22.542322287143975], [88.9641485179398, 22.542382030906083], [88.96410236113519, 22.542487355007495], [88.9640789535809, 22.542547595195458], [88.96403298563393, 22.542652421971866], [88.96400938922199, 22.54271316038421], [88.96396361013268, 22.542817489835443], [88.96393982576251, 22.542878724673415], [88.96389423463125, 22.542982557698963], [88.9638702614036, 22.543044289862166], [88.9638248582308, 22.543147624663163], [88.9638006979439, 22.5432098541516], [88.96375548272954, 22.54331269252691], [88.96373113358499, 22.54337541934018], [88.96368610722811, 22.54347775949111], [88.96366157012545, 22.543540983629555], [88.96361673082748, 22.54364282735463], [88.96359200666592, 22.543706548818307], [88.96354735442685, 22.543807894319002], [88.96352244320622, 22.543872114006888], [88.9634779789256, 22.54397296218258], [88.96345287974668, 22.54403767919564], [88.96340860252502, 22.54413802914678], [88.9633833162872, 22.544203243485015], [88.96333922612456, 22.5443030970103], [88.9633137528275, 22.544368808673596], [88.96326984972393, 22.54446816397467], [88.96324418936797, 22.544534373862405], [88.9632004733233, 22.544633231838247], [88.96317462590844, 22.544699939050986], [88.96313109692267, 22.54479829880262], [88.96310506334811, 22.544865504239738], [88.96306172052203, 22.544963365766762], [88.96303549988858, 22.54503106942849], [88.9629923441214, 22.54512843363034], [88.96296593732825, 22.54519663461707], [88.96292296682162, 22.54529350059471], [88.96289637386872, 22.545362199805822], [88.96285359042099, 22.54545856755891], [88.96282681130839, 22.54552776589378], [88.96278421312098, 22.545623634523224], [88.96275724874806, 22.545693331082532], [88.96271483672035, 22.545788701487425], [88.9626876861879, 22.545858896271113], [88.96264545942057, 22.545953768451795], [88.96261812362752, 22.546024461459865], [88.96257608212056, 22.546118836315372], [88.96254856106736, 22.546190027547823], [88.96250670482073, 22.546283903279516], [88.96247899850704, 22.546355592736575], [88.96243732752077, 22.546448970243887], [88.96240943594688, 22.546521158824532], [88.96236795022077, 22.54661403630871], [88.96233987428593, 22.546686724013284], [88.96229857202155, 22.54677910327308], [88.9622703117256, 22.546852290101242], [88.9622291947216, 22.546944170237452], [88.96220075006465, 22.5470178561892], [88.96215981652239, 22.547109237201653], [88.96213118840365, 22.54718342137795], [88.96209043832323, 22.547274304165796], [88.96206162674287, 22.54734898746591], [88.96202106012402, 22.547439371130167], [88.96199206508192, 22.547514553553867], [88.96195168192463, 22.54760443719499], [88.96192250342096, 22.547680119641996], [88.96188230372547, 22.547769504159362], [88.96185294265916, 22.547845685729953], [88.96181292552609, 22.547934571123733], [88.96178338099838, 22.548011251817854], [88.96174354642756, 22.548099637188557], [88.96171382023681, 22.548176817905812], [88.96167416822834, 22.548264704152928], [88.96164425947501, 22.548342384893317], [88.96163212851997, 22.54836924224685], [88.96160130785427, 22.548428636172673], [88.9615579380486, 22.548525314191863], [88.9615239481717, 22.548591103196884], [88.96150876581697, 22.548625185703827], [88.96144592119236, 22.548731809325602], [88.96143404294673, 22.548749482802464], [88.96139316585658, 22.548818849173642], [88.96135175228164, 22.54888912593242], [88.96134002152479, 22.54890652241812], [88.96125758427013, 22.549046442539463], [88.9612459992037, 22.549063561134517], [88.96116341625878, 22.549203760045486], [88.96106155904386, 22.5493537112049], [88.96095105304875, 22.549495376910215], [88.960831899173, 22.5496287571616], [88.96070409651685, 22.549753852858032], [88.9605676441816, 22.549870662201386], [88.96052568181483, 22.54990204764141], [88.96042865306003, 22.549985038878617], [88.9603869640872, 22.550016258843357], [88.96028966283785, 22.550099416454998], [88.96024824546026, 22.550130470045247], [88.9601506726155, 22.550213794930755], [88.96010952773264, 22.550244680347816], [88.96001168239331, 22.550328173406513], [88.95997080910564, 22.550358890650386], [88.95987269396971, 22.55044255188244], [88.95983208957927, 22.550473100053523], [88.95973370464691, 22.550556931257404], [88.95969337005312, 22.55058730855751], [88.95959471622331, 22.550671310632538], [88.95955465052674, 22.550701517061498], [88.95945572779965, 22.55078569090699], [88.95941593100059, 22.550815725565315], [88.95931674027543, 22.550900071181502], [88.95927721057484, 22.550929933169925], [88.9591777527512, 22.551014451455842], [88.95913849014931, 22.551044140774593], [88.9590387661263, 22.5511288326295], [88.95899976972373, 22.551158347479827], [88.95889977860207, 22.55124321380339], [88.95886104929804, 22.55127255418506], [88.95876079287638, 22.55135759497705], [88.95872232797313, 22.551386759991146], [88.95862180625153, 22.55147197705014], [88.95858360664818, 22.551500965797004], [88.95848282052583, 22.551586359123178], [88.95844488532327, 22.55161517160286], [88.9583438348003, 22.55170074119644], [88.95830616399837, 22.551729377408947], [88.9582048490746, 22.551815123269478], [88.9581674417741, 22.5518435823156], [88.95806586424834, 22.55192950624172], [88.95802871954982, 22.551957787222136], [88.95792687942202, 22.552043889214133], [88.95788999732571, 22.552071991229468], [88.9577878945957, 22.55215827308598], [88.95775127510143, 22.552186195236743], [88.95764891066875, 22.552272656058392], [88.9576125528771, 22.552300399244075], [88.9575099258426, 22.55238703993001], [88.95747382975344, 22.552414603251407], [88.95745884974616, 22.552427244122157], [88.95739985332068, 22.552453417990932], [88.9573091971618, 22.55248842859811], [88.95723224936899, 22.552522610030564], [88.95714156892836, 22.55255758826206], [88.95706464631644, 22.552591802969403], [88.95689612235827, 22.552656724128553], [88.95672562348886, 22.55271248569278], [88.95655315060759, 22.552759086762478], [88.95637870281502, 22.552796527337875], [88.9563165209907, 22.552806495423454], [88.9562035679404, 22.55283077891744], [88.9561400937904, 22.55284098352473], [88.95602843216659, 22.55286502959757], [88.95596366569066, 22.55287547252516], [88.95585329729198, 22.552899280277586], [88.95578723849036, 22.552909961525643], [88.95567816151805, 22.55293353005834], [88.95561081129006, 22.552944451425446], [88.95550302574424, 22.55296777983932], [88.95543438408959, 22.552978942224456], [88.95532789086963, 22.553002028720755], [88.95525795688923, 22.553013433023636], [88.95515275509564, 22.553036277602132], [88.95508152968893, 22.553047923822703], [88.95497761932171, 22.55307052558436], [88.95490510248862, 22.55308241642041], [88.95480248264852, 22.553104772667268], [88.95472867618747, 22.553116909018172], [88.9546273468747, 22.55313901975012], [88.95455224898717, 22.553151401615935], [88.9544522102014, 22.553173265933594], [88.95437582178687, 22.553185895113074], [88.95427707442758, 22.55320751211707], [88.95419939548572, 22.553220388610214], [88.95410193775427, 22.553241757401224], [88.95402296918479, 22.553254883006502], [88.95392680108108, 22.553276002685493], [88.95384654288364, 22.553289378302225], [88.95375166440795, 22.55331024707027], [88.95367011658271, 22.55332387359806], [88.95357652773475, 22.553344490555787], [88.95349369028162, 22.55335836979293], [88.95340139106139, 22.55337873404153], [88.95331726398064, 22.553392865987973], [88.95322625438826, 22.553412977526932], [88.95314083767971, 22.55342736308245], [88.95305111681574, 22.5534472201133], [88.95296441137856, 22.553461860176867], [88.95287598014255, 22.553481461800118], [88.95278798507763, 22.55349635817049], [88.95270084256987, 22.553515703487108], [88.95261155967586, 22.55353085616406], [88.95252570589668, 22.553549945173927], [88.95243513337476, 22.55356535505706], [88.95235056832416, 22.553584185062164], [88.95225870797316, 22.553599854849608], [88.9521754307516, 22.553618425849834], [88.95208228257144, 22.55363435374261], [88.95200029317908, 22.55365266573807], [88.95190585716966, 22.553668854434136], [88.95182515560657, 22.55368690472693], [88.95172943176789, 22.55370335512589], [88.95165001713463, 22.553721143715848], [88.95155300636634, 22.553737855817417], [88.95147487956211, 22.55375538180556], [88.95137658096456, 22.55377235740849], [88.95129974109022, 22.553789619895042], [88.95120015556284, 22.55380685989877], [88.95112460351766, 22.553823857085376], [88.95102373016107, 22.553841362389107], [88.95094946504594, 22.55385809427571], [88.9508473047593, 22.553875864879387], [88.95077432657405, 22.553892331466045], [88.95067088025695, 22.553910368269044], [88.95059918810216, 22.553926567757003], [88.95049445485535, 22.55394487165853], [88.95042404963021, 22.553960803148584], [88.95031803035295, 22.553979375947506], [88.9502489111585, 22.553995038540165], [88.9501416058506, 22.554013881135745], [88.95007377268661, 22.554029273032597], [88.9499651813482, 22.554048385424778], [88.94989863421472, 22.554063507524972], [88.94978875594643, 22.554082891512337], [88.94972349484345, 22.554097742017177], [88.94961233144409, 22.554117397599953], [88.94954835637174, 22.554131975610233], [88.94943590694169, 22.55415190368751], [88.94937321700041, 22.554166208303855], [88.94925948333866, 22.554186410674504], [88.94919807762932, 22.554200440997704], [88.94908305883627, 22.55422091766127], [88.94902293825805, 22.554234673691383], [88.9489066343337, 22.55425542554758], [88.94884779888696, 22.55426890548563], [88.94873020983135, 22.554289933433722], [88.9486726595157, 22.55430313727993], [88.94855378622833, 22.55432444132009], [88.9484975201446, 22.554337368175027], [88.94837736172593, 22.55435895010561], [88.94832238077333, 22.554371599070123], [88.94820093812291, 22.554393459790504], [88.94814724140224, 22.554405829065843], [88.94802451451989, 22.55442796947534], [88.9479721011316, 22.554440059061562], [88.94784809001732, 22.554462479160065], [88.9477969617605, 22.55447428905734], [88.9476716664143, 22.554496989744337], [88.94762182149003, 22.554508518153682], [88.94749524281133, 22.554531501227984], [88.94744668121956, 22.55454274635065], [88.9473188192083, 22.554566011812028], [88.94727154094892, 22.554576974547842], [88.94714239560511, 22.554600524194882], [88.94709640157782, 22.55461120274498], [88.94696597200209, 22.554635035678473], [88.94692126130718, 22.554645430042626], [88.94678954929844, 22.554669548061327], [88.94674612013739, 22.554679657340387], [88.94661312569525, 22.5547040613435], [88.94657097986692, 22.554713883738827], [88.94643670209223, 22.554738574625674], [88.94639583959645, 22.554748110137268], [88.94626027938858, 22.554773087907677], [88.94622069932598, 22.55478233653571], [88.94608385578539, 22.554807602089227], [88.94604555815613, 22.554816562034716], [88.94590743308174, 22.554842116270777], [88.94587041788566, 22.55485078753395], [88.94573101037793, 22.554876631351533], [88.94569527671564, 22.55488501213364], [88.94551978570956, 22.554917610759162], [88.9453425374283, 22.554942059728376], [88.94528009929718, 22.554947745242316], [88.9451646587222, 22.554963581404195], [88.94513238947519, 22.554966508300254], [88.94510455343237, 22.554969033094494], [88.94498677911656, 22.554985102180865], [88.944929008467, 22.554990322745255], [88.94480545061111, 22.55500709060493], [88.94468884541396, 22.555056022717338], [88.94452882904227, 22.555131798693537], [88.94437276968767, 22.5552145390198], [88.94423483167219, 22.55529589169214], [88.94421885791405, 22.55530105919661], [88.94405141314223, 22.55536375992955], [88.94388806028581, 22.555433661534437], [88.94372879844548, 22.555510764910025], [88.94357362762088, 22.555595069157164], [88.94342254781247, 22.5556865751754], [88.94327555901992, 22.55578528206513], [88.94313266124351, 22.55589118982664], [88.94307163145072, 22.555940921436388], [88.94299169521071, 22.55600049702531], [88.94293799579191, 22.556044438799972], [88.94285073907042, 22.556109822210658], [88.9428043457441, 22.55614794087478], [88.94270979282265, 22.556219164482968], [88.94267068130705, 22.556251429459962], [88.94256885646763, 22.556328524741787], [88.94253700248083, 22.556354904555292], [88.94242792910575, 22.55643790118836], [88.94240331016476, 22.55645836706003], [88.94228701163644, 22.55654729382269], [88.94226960525822, 22.55656181697441], [88.94214610226089, 22.556656701745567], [88.94213588866046, 22.5566652551974], [88.94200520097934, 22.55676612495688], [88.94200215947217, 22.55676868083009], [88.94186857957146, 22.556872251253424], [88.94186420436972, 22.556875378196196], [88.94173510039474, 22.55697592060244], [88.94172314121016, 22.556984515423096], [88.94160160503014, 22.557079572864154], [88.9415820897417, 22.557093673334464], [88.94146809347791, 22.557183208938056], [88.9414410490653, 22.557202849232283], [88.94130081508075, 22.557313446058743], [88.94116410014323, 22.55743023651638], [88.94103090335364, 22.55755321970537], [88.94090122561113, 22.557682397424742], [88.94077943762113, 22.55781307791125], [88.94077494820533, 22.557817561031584], [88.94065475111591, 22.5579466416242], [88.94064867259829, 22.557952726437236], [88.94053006281234, 22.558080203538623], [88.94052239789045, 22.55808789454079], [88.94040537181064, 22.558213765453047], [88.94039612498136, 22.55822306444287], [88.94028067901019, 22.558347325568718], [88.94026985207205, 22.55835823614376], [88.94015598441115, 22.55848088568439], [88.94014358096155, 22.558493409643177], [88.94003128711427, 22.558614444001535], [88.94001731075036, 22.558628584941346], [88.93990658891812, 22.558748001419247], [88.93989104053918, 22.558763761138835], [88.93978188892305, 22.558881558837015], [88.93976477212658, 22.558898940034112], [88.93965718712946, 22.559015115355407], [88.9395280049136, 22.559146516198837], [88.93939363450869, 22.559275422323026], [88.93925407591502, 22.55940183282837], [88.93910933003167, 22.559525748614476], [88.93897899938139, 22.559631293949224], [88.93779848091526, 22.559109858933027], [88.93762926717699, 22.5590416471544], [88.93745917570044, 22.558979575946807], [88.93728820468709, 22.558923647108713], [88.93711635503576, 22.558873858841537], [88.93700349371636, 22.5588453404402], [88.93695170805495, 22.558773737318177], [88.93680051403265, 22.558579601567544], [88.93664753755388, 22.558397919628362], [88.93649277861897, 22.558228693299554], [88.9363362381269, 22.558071920782652], [88.93617791517875, 22.557927602976577], [88.93601780977428, 22.557795739881556], [88.93585592281266, 22.55767633149759], [88.9356922533949, 22.557569376925244], [88.93552680152084, 22.557474877963386], [88.93535956808961, 22.55739283281315], [88.9351905522023, 22.557323242373798], [88.93503177239842, 22.557270126615037], [88.93501988336112, 22.55726520192752], [88.93485992094872, 22.557211626615356], [88.93484921451972, 22.557207163280054], [88.93468806949886, 22.55715312481692], [88.93467854477916, 22.557149128229867], [88.93459956302206, 22.55712260654633], [88.93451621984775, 22.557094620320584], [88.93450787503843, 22.557091094078885], [88.93434437109596, 22.55703611492487], [88.93433720529788, 22.557033063525182], [88.934239827606, 22.55700027064603], [88.93416679006538, 22.55698776737171], [88.93414877955104, 22.556983152650787], [88.9341407079275, 22.556981084509573], [88.93398126622253, 22.55695349420853], [88.9339606969287, 22.55694807939045], [88.93378091615654, 22.556916595924292], [88.93360362200974, 22.556901615017637], [88.93342881718632, 22.556903136670485], [88.93325649898838, 22.55692115998363], [88.93308667011382, 22.556955684956904], [88.93304810268796, 22.556967445391308], [88.93300229392088, 22.55699160118155], [88.93299481425936, 22.55699654835206], [88.93288646663729, 22.557058031403074], [88.93284361574041, 22.557078559328204], [88.93277780605098, 22.557118750030384], [88.9326856210447, 22.55716647165542], [88.93253540098806, 22.557265235202465], [88.93239615535845, 22.557379316902086], [88.9322678850549, 22.557508717653377], [88.93226094408743, 22.5575172809979], [88.93214032341717, 22.55763910675944], [88.93213378804387, 22.557647123316087], [88.93201275908154, 22.557769493167598], [88.93200663379923, 22.55777696653388], [88.93188519384677, 22.557899877777174], [88.93187948225233, 22.557906811550197], [88.93175762681318, 22.55803025968885], [88.93175233160486, 22.558036658365097], [88.93163005888027, 22.558160640700976], [88.9316251836554, 22.558166505180225], [88.93150248914861, 22.55829101901537], [88.9314980366052, 22.55829635379382], [88.93137491851775, 22.558421396430333], [88.93137089135371, 22.55842620330668], [88.93124734788688, 22.558551772946146], [88.93124374700142, 22.55855605371903], [88.93111977545726, 22.558682147663035], [88.93111660444788, 22.558685904131266], [88.9309922021285, 22.558812521480718], [88.93098946279349, 22.5588157563422], [88.93086462790035, 22.558942893499875], [88.93086232113933, 22.55894560855313], [88.93073705367215, 22.55907326551886], [88.9307351812837, 22.55907546166327], [88.93060947854462, 22.55920363573921], [88.93060804232744, 22.559205315672955], [88.9304819025179, 22.559334005959613], [88.93048090427038, 22.559335169682413], [88.93035432559185, 22.55946437438149], [88.9303537671127, 22.559465024591304], [88.93022674866558, 22.559594742803313], [88.9302266299552, 22.559594880399573], [88.93009951977717, 22.559724753294915], [88.93009915285376, 22.55972508514469], [88.92997241859229, 22.559854633384703], [88.92997155074659, 22.559855418492873], [88.92984531650825, 22.559984511675964], [88.92984394953879, 22.55998575274043], [88.92971821352484, 22.56011438996717], [88.92971634923032, 22.56011608698782], [88.92959110964199, 22.56024426825843], [88.9295887480223, 22.56024642303413], [88.92946400486005, 22.560374145650428], [88.92946114861326, 22.56037675908027], [88.92933690007806, 22.560504022142936], [88.92933354920399, 22.560507096025788], [88.92920979349731, 22.560633898635615], [88.92920594979489, 22.560637433870454], [88.92908268781594, 22.560763775128294], [88.929078351285, 22.560767771715348], [88.92895558033587, 22.560893650721596], [88.92895075367448, 22.56089811045962], [88.92882847285574, 22.561023526314727], [88.9288231551646, 22.56102844920366], [88.92870136447647, 22.561153401008823], [88.92869555755408, 22.56115878884708], [88.92857425609719, 22.56128327570275], [88.92856796084271, 22.561289129389877], [88.92844714681854, 22.561413149497298], [88.92844036413157, 22.561419469033353], [88.92831304800876, 22.56155020168063], [88.92819093896077, 22.56168820264861], [88.9280740387859, 22.561833472836668], [88.92796234568578, 22.561986011345425], [88.92785586055965, 22.56214581907443], [88.92775458340748, 22.562312895124137], [88.92765851422905, 22.562487241293297], [88.92756765302482, 22.562668854883725], [88.92748199889519, 22.562857738593834], [88.92740155363884, 22.563053890624644], [88.92737105313165, 22.563136353959635], [88.92732393405237, 22.563253987981284], [88.927310084493, 22.563292217262187], [88.92724901333133, 22.56344810124898], [88.92724642778057, 22.563454242719217], [88.9271890663224, 22.563603748714], [88.92716844576734, 22.563653833757485], [88.92709236402146, 22.563856076896514], [88.92702084183844, 22.564064684537584], [88.92695388011765, 22.564279656680924], [88.92689147885875, 22.564500994225682], [88.9268336371627, 22.564728696272425], [88.92678035592866, 22.5649627637207], [88.92677892151022, 22.564969843183746], [88.92684662607093, 22.56501330741827], [88.92701682816426, 22.565116888633497], [88.92718752758242, 22.565215105392838], [88.92735872612451, 22.565307958595497], [88.92753042289081, 22.56539544734204], [88.92770261698234, 22.565477572532075], [88.92787531019746, 22.5655543341652], [88.92804850163714, 22.565625732241813], [88.92822219040181, 22.56569176586237], [88.92827959772535, 22.565711760489478], [88.92839604464183, 22.565756026919075], [88.92845237098027, 22.565775615952077], [88.92856989798258, 22.56582028797601], [88.92862514333581, 22.565839471414506], [88.92874375222243, 22.565884549032774], [88.92879791569129, 22.565903326877105], [88.92891760556319, 22.56594881008948], [88.92909182762594, 22.56600910963283], [88.9292665793892, 22.566063705675504], [88.92944186085339, 22.56611259641926], [88.92961767201814, 22.56615578276319], [88.9297940128834, 22.566193264707465], [88.92997088434896, 22.566225041352595], [88.93014828461571, 22.566251114497504], [88.93032621548258, 22.56627148234321], [88.930440598455, 22.566280881157923], [88.93050448539378, 22.56628819174665], [88.93061861655605, 22.56629756448109], [88.9306827562043, 22.566304901150318], [88.93079663555648, 22.566314247804428], [88.93086102701488, 22.566321610553928], [88.93097465365753, 22.566330931127595], [88.93103929692609, 22.566338319058218], [88.93115267265779, 22.566347614450933], [88.93121756773661, 22.566355028461885], [88.93133069075884, 22.5663642977741], [88.93139583764798, 22.566371737865495], [88.93150870975927, 22.56638098109744], [88.93157410845839, 22.566388446369785], [88.93168672786032, 22.566397664420776], [88.93175237926908, 22.566405155773396], [88.93186474596143, 22.566414347743944], [88.93193064918029, 22.566421865177063], [88.93204276496164, 22.56643103106734], [88.9321089199907, 22.566438573681296], [88.93222078306275, 22.566447714390677], [88.93228718990201, 22.566455283084963], [88.93239880206318, 22.566464397713844], [88.93246546071259, 22.566471992488573], [88.93257682016423, 22.566481081037182], [88.9326437306238, 22.566488700992863], [88.93275483916466, 22.56649776436052], [88.93282200143432, 22.566505410396474], [88.93293285726571, 22.566514447683687], [88.9330002722449, 22.566522118900764], [88.93311087626597, 22.566531131007025], [88.9331785421561, 22.56653882830443], [88.93328889436702, 22.566547814330193], [88.93335681296662, 22.56655553770804], [88.93346691246808, 22.56656449765353], [88.93353508287782, 22.56657224621233], [88.9336449314685, 22.566581180976698], [88.9337133536884, 22.56658895561594], [88.93382294956956, 22.566597864300036], [88.93389162449893, 22.56660566412023], [88.93400096856999, 22.566614547623374], [88.93406989441013, 22.566622373523842], [88.93417898667104, 22.56663123094654], [88.93424816522071, 22.566639082028132], [88.93435700567147, 22.566647914269936], [88.93442643513191, 22.566655791431742], [88.93453502377253, 22.566664598492423], [88.9346047059426, 22.566672499936033], [88.9347831844965, 22.5666869673297], [88.9349621936505, 22.566695722229838], [88.93514173340441, 22.56669876643508], [88.93532180375843, 22.566696098146508], [88.93550240471234, 22.566687717364232], [88.93568353536699, 22.56667362588729], [88.93586519752091, 22.56665382191636], [88.93604738937563, 22.566628306351447], [88.93623011183035, 22.566597078292716], [88.93767941877024, 22.566304933525828], [88.93789300146096, 22.566256642629924], [88.93795512392995, 22.56624111043891], [88.9380359621901, 22.566222795745546], [88.93804276191429, 22.566231692663052], [88.93807561509772, 22.566274678533716], [88.93808939810731, 22.566291903248896], [88.93819436247998, 22.566429502219876], [88.93821279858184, 22.566452560837092], [88.93831311166093, 22.566584323208076], [88.9383361954591, 22.56661321752614], [88.93843186264047, 22.56673913969962], [88.93845958873908, 22.566773876013713], [88.93855061541876, 22.566893953493206], [88.93858297752251, 22.566934535400662], [88.93866936909626, 22.567048762790137], [88.9387063618093, 22.56709519478744], [88.93878812637098, 22.56720356759058], [88.93882974159942, 22.567255855973087], [88.93890688454513, 22.567358367894542], [88.93895311509431, 22.56741651715862], [88.93907401635289, 22.567577617213317], [88.93918862595439, 22.567739830628852], [88.93929694389902, 22.567903159203524], [88.93939897018652, 22.568067602038298], [88.93949470481687, 22.568233159133115], [88.9395841477903, 22.56839983138724], [88.93966729820733, 22.568567617001975], [88.93974415696738, 22.568736517776244], [88.93981472496966, 22.568906532810274], [88.9398790004156, 22.569077662104462], [88.93993698420456, 22.569249905658637], [88.93998867633638, 22.569423264372176], [88.94003407591185, 22.569597736446497], [88.94007318472973, 22.569773323680124], [88.9401060009913, 22.56995002517357], [88.94010987976714, 22.56997602727199], [88.94013774166359, 22.570126917323364], [88.9401408236402, 22.57014772853495], [88.94016947604052, 22.570303810372536], [88.94017177200976, 22.57031942799921], [88.94020120502171, 22.57048070522046], [88.94020272577518, 22.570491126564264], [88.94023292860692, 22.570657600068216], [88.94025871396866, 22.57083554712284], [88.9402782022774, 22.57101460933677], [88.94029139533171, 22.571194786710066], [88.94029829223251, 22.571376079242725], [88.94029889208036, 22.57155848693469], [88.94029485412426, 22.571688590955716], [88.94029501060635, 22.57174168872814], [88.94029098973755, 22.571871770266057], [88.94029113003171, 22.57192488962204], [88.94028712624987, 22.57205494957634], [88.94028724945713, 22.572108091415373], [88.94028326186321, 22.572238127987248], [88.94028336888249, 22.57229129320865], [88.94027939747639, 22.57242130729759], [88.94027948830791, 22.57247449410272], [88.9402755330895, 22.572604486607872], [88.94027560863248, 22.572657695896055], [88.94027166870268, 22.572787665918156], [88.94027172805784, 22.572840896790126], [88.94026780341659, 22.572970844329063], [88.94026784838258, 22.573024098583403], [88.94026393813039, 22.573154023639404], [88.94026396870737, 22.57320729947736], [88.94026007284418, 22.57333720205031], [88.94026008993131, 22.573390501270808], [88.9402562075581, 22.573520381360595], [88.94025621025605, 22.573573702164765], [88.94025234227189, 22.57370355977156], [88.94025233148, 22.573756903058666], [88.94024847608648, 22.573886739081843], [88.94024845270411, 22.573940104851943], [88.9402446099009, 22.57406991749275], [88.94024457392806, 22.57412330574607], [88.94024074371544, 22.57425309680309], [88.940240695152, 22.57430650664014], [88.94023687753003, 22.574436275213998], [88.94023681637611, 22.5744897075341], [88.94023301134445, 22.574619453624905], [88.94023293760006, 22.574672909327376], [88.94022914515904, 22.57480263203587], [88.94022905972338, 22.574856110221276], [88.94022527807425, 22.574985811346153], [88.9402251818467, 22.575039311115404], [88.94022141188884, 22.57516898975706], [88.94022130307081, 22.575222512009475], [88.94021754480389, 22.575352168168195], [88.94021742519413, 22.575405712903432], [88.9402136777191, 22.5755353465791], [88.94021354731746, 22.575588913797503], [88.94020981063431, 22.575718524990066], [88.94020973957095, 22.57574566983925], [88.9402096703401, 22.575772114691404], [88.94020594354953, 22.575901703400973], [88.94020579246342, 22.57595531558553], [88.94020207646474, 22.576084882711257], [88.94020191458674, 22.576138516479432], [88.94019820937996, 22.57626806112222], [88.94019803760943, 22.57632171737339], [88.94019434229517, 22.576451239533128], [88.94019416063213, 22.57650491826746], [88.94019047431101, 22.576634417944035], [88.94019028275545, 22.576688119161417], [88.94018660632702, 22.57681759635517], [88.94018640577809, 22.57687132005549], [88.94018273924206, 22.577000774766077], [88.94018252880079, 22.57705452094939], [88.94017887125807, 22.57718395317704], [88.94017865182349, 22.577237721843517], [88.94017500327391, 22.57736713068857], [88.94017477484596, 22.577420922737417], [88.94017113528975, 22.57755030909948], [88.94017089786882, 22.577604123631545], [88.94016726730564, 22.577733487510613], [88.94016702179073, 22.577787324525445], [88.94016339932148, 22.57791666592152], [88.94016314481343, 22.577970525419573], [88.94015953133749, 22.578099844332485], [88.94015926873544, 22.578153725414097], [88.94015566245395, 22.578283022743392], [88.94015539175797, 22.578336926308225], [88.94015179446978, 22.5784662011543], [88.94015151567999, 22.578520127202296], [88.94014792558647, 22.578649378666057], [88.94014763870268, 22.578703328096253], [88.9401464956643, 22.57874458179714], [88.94013621461471, 22.578779240769336], [88.94012790331766, 22.578805127354485], [88.94012075077222, 22.57882740486093], [88.94008406742591, 22.578951105709052], [88.94006841382628, 22.57899986784969], [88.94003192113632, 22.57912297064877], [88.94001607688062, 22.579172330838446], [88.9399797748469, 22.579294836487634], [88.93996373993468, 22.579344792927884], [88.93992762855731, 22.57946670142718], [88.93991140298903, 22.57951725591664], [88.93988656731136, 22.579601130288097], [88.93987879806815, 22.579639858692587], [88.9398697724722, 22.579680095260244], [88.93984212011787, 22.579817752687234], [88.93983361792726, 22.5798555736759], [88.93980544036884, 22.57999564668188], [88.93979746518107, 22.580031051192123], [88.93976875972066, 22.58017353977715], [88.93976131243465, 22.58020652960778], [88.93973207907226, 22.58035143287242], [88.93972516148716, 22.580382007124], [88.93969539662532, 22.58052932506837], [88.93968901143887, 22.580557485539657], [88.93965871327919, 22.580707217264433], [88.93965286228996, 22.580732963955256], [88.9396220290335, 22.58088510856095], [88.93961671493963, 22.580908442370685], [88.93958534388861, 22.581062999857693], [88.93958056758925, 22.581083919887135], [88.93954865694496, 22.58124089115421], [88.93954442203761, 22.581259398302734], [88.93951196910217, 22.581418781551577], [88.93950827828456, 22.581434876718163], [88.93947528036, 22.581596671049567], [88.93947213453151, 22.58161035513382], [88.93943859071845, 22.5817745605475], [88.93943599257705, 22.581785833549418], [88.9394019001777, 22.581952450045662], [88.93939985242145, 22.581961311965074], [88.93936520783825, 22.5821303377449], [88.93936371316488, 22.582136790380673], [88.93932851370005, 22.582308226343685], [88.93932757570724, 22.582312268796272], [88.9393236314886, 22.582331445462046], [88.93929181956196, 22.582486114042922], [88.93929143914858, 22.58248774721193], [88.93925528280505, 22.582663225627527], [88.93925514251089, 22.58266400803757], [88.93921908329412, 22.582838701345054], [88.93921850592949, 22.58284191821997], [88.93918288378319, 22.583014177962127], [88.93918186934792, 22.58301982840237], [88.93914668517141, 22.583189654578973], [88.93914523186709, 22.58319773858483], [88.93911048655985, 22.583365131195876], [88.93910859438631, 22.58337564876723], [88.93907428794813, 22.583540606913573], [88.93907195600616, 22.583553558050426], [88.93903809023573, 22.58371608353042], [88.93903531852521, 22.583731468232827], [88.93900189252332, 22.583891560147492], [88.93899867924569, 22.58390937751585], [88.93896569481115, 22.584067036764395], [88.93896204086553, 22.584087286798933], [88.93892949799812, 22.58424251338141], [88.938925401586, 22.584265196081958], [88.9388933020843, 22.584417989098938], [88.93888876140733, 22.584443105365153], [88.93885710617064, 22.58459346571601], [88.93885212122859, 22.58462101374886], [88.938820910257, 22.584768942332914], [88.93881548104969, 22.584798923032054], [88.93878471524255, 22.58494441894976], [88.93877883997163, 22.584976831415702], [88.9387485202281, 22.585119895566834], [88.93874219889352, 22.585154739799577], [88.93871232611303, 22.585295372183737], [88.93870555691609, 22.585332648183226], [88.93867613289729, 22.585470848800753], [88.93864420696468, 22.58564647380581], [88.93861770754137, 22.58582228856784], [88.93859663462712, 22.585998293086902], [88.9385809873229, 22.586174486463563], [88.93857838018829, 22.58621947325014], [88.93856677173932, 22.586350730202128], [88.93856431209349, 22.586393516347755], [88.93855255795432, 22.586526973940806], [88.9385502422, 22.58656755944537], [88.93853834416933, 22.586703217679542], [88.93853617140729, 22.586741602542986], [88.93852413128371, 22.58687946141805], [88.93852210061453, 22.586915644741282], [88.93851559188391, 22.586990486973946], [88.9385099201968, 22.58705570425741], [88.93850802802314, 22.58708968693969], [88.93849570910976, 22.587231947996145], [88.93849395453248, 22.587263730037137], [88.93848149982142, 22.587408191734653], [88.93847988014244, 22.587437772235376], [88.93846729143246, 22.58758443547339], [88.93846580485308, 22.587611814433842], [88.93846288655317, 22.58764596618846], [88.93846144493978, 22.587710798314845], [88.93846217608859, 22.58778718223266], [88.93845994397134, 22.587890274216875], [88.93846069850252, 22.58796282342564], [88.93845844660007, 22.588069749219528], [88.93845921731918, 22.588138464618623], [88.93845695102766, 22.58824922422241], [88.93845773433708, 22.588314104912058], [88.93845545815304, 22.58842869922512], [88.9384562477577, 22.588489744306287], [88.9384539688757, 22.588608174227943], [88.93845475848036, 22.588665384599835], [88.93845248229633, 22.588787648331447], [88.93845326560592, 22.588841023994064], [88.93845099841485, 22.588967121535575], [88.93845177093255, 22.589016662489144], [88.9384495172315, 22.58914659563885], [88.93845027176269, 22.589192300983996], [88.93844949694801, 22.589238753327265], [88.93844804054464, 22.58932606884298], [88.93844876989493, 22.589367939478848], [88.93844656565653, 22.5895055411479], [88.93844726532922, 22.589543577074494], [88.93844509526508, 22.58968501435203], [88.93844575626667, 22.58971921377082], [88.93844362757136, 22.589864485757403], [88.93844424450634, 22.589894851366466], [88.93844216347514, 22.59004395806238], [88.93844272914873, 22.590070487163416], [88.93844070387541, 22.590223429467756], [88.93844121019379, 22.59024612296031], [88.93843924697381, 22.590402899973924], [88.93843968674219, 22.59042175875726], [88.93843779366932, 22.590582370480092], [88.9384381596933, 22.590597393654832], [88.93843634486149, 22.590761840986318], [88.93843662904732, 22.5907730276532], [88.93843489965093, 22.59094131059311], [88.93843509480382, 22.590948661651566], [88.93843345893708, 22.59112077930058], [88.93843839351712, 22.591299547436336], [88.93844565464343, 22.59141123873769], [88.9384647085796, 22.59150066642269], [88.93850628243916, 22.591666470831115], [88.93855360476516, 22.59182992800885], [88.9386066746585, 22.591991038855497], [88.9386654921189, 22.592149801572248], [88.93873005714653, 22.592306217957685], [88.93880037064076, 22.5924602871126], [88.93887643170206, 22.592612009037055], [88.93895823943137, 22.592761383731045], [88.93904327752523, 22.592904181682798], [88.93904990013294, 22.592911792645168], [88.9391695962999, 22.593039501771614], [88.93929404358528, 22.593162832099097], [88.93942324108986, 22.593281783627504], [88.93945300145486, 22.59330723893811], [88.93955340356678, 22.593399844827104], [88.9395866227245, 22.593428323658316], [88.93968356964109, 22.593517903328745], [88.93972024039681, 22.593549412875177], [88.9398137393128, 22.59363595823288], [88.93985385537133, 22.59367050658875], [88.93994391258155, 22.59375401043934], [88.9399874676476, 22.593791603000227], [88.94007408854844, 22.593872059048408], [88.94012107722597, 22.593912703008982], [88.94020426901187, 22.593990104959403], [88.94025468410655, 22.594033807514222], [88.94033445217332, 22.59410814727329], [88.94038828738962, 22.59415491471765], [88.94046463803278, 22.594226186889102], [88.94052188887417, 22.594276025518298], [88.94059482748929, 22.5943442238069], [88.94065548766076, 22.59439713991611], [88.94072502054337, 22.59446225802685], [88.94078908464866, 22.594518257012], [88.94085521629529, 22.59458028864941], [88.94092267803921, 22.59463937770522], [88.94098541474517, 22.594698316574124], [88.94105626963125, 22.594760501995722], [88.94111561589301, 22.594816342700028], [88.94112912166372, 22.59482821920568], [88.94118985942453, 22.594881629883332], [88.9412458206383, 22.59493436522888], [88.94132344562064, 22.595002759569752], [88.94137602808138, 22.595052385958923], [88.94145703001806, 22.595123892853564], [88.94150623822236, 22.59517040399112], [88.94159061261672, 22.59524502973437], [88.94163645106141, 22.59528841932513], [88.94172419251765, 22.595366168414103], [88.94176666659843, 22.595406431961408], [88.94185777061966, 22.595487310690885], [88.94189688393419, 22.595524442798762], [88.94199134602388, 22.595608455665854], [88.94202710486707, 22.595642450938385], [88.9421249196294, 22.595729603338555], [88.9421573275987, 22.595760456380106], [88.94225849143635, 22.59585075370933], [88.9422875539276, 22.595878460023016], [88.94239206054522, 22.59597190677806], [88.94241778115571, 22.595996460968024], [88.94252562875488, 22.596093062544924], [88.94254801198133, 22.596114460114336], [88.94264395165709, 22.5962005450192], [88.94266075728831, 22.59621215166959], [88.9427555925966, 22.59628227270889], [88.94280637821197, 22.59631734626862], [88.94290110380308, 22.596387392664155], [88.94295199913563, 22.59642254176697], [88.94304661500934, 22.596492512619534], [88.94309762005929, 22.59652773726532], [88.94319212621582, 22.596597632574742], [88.94324324008363, 22.596632931864292], [88.94333763742208, 22.596702752530177], [88.94338886100729, 22.596738127362812], [88.94348314952776, 22.596807872485385], [88.94353448193095, 22.59684332286122], [88.94362866073419, 22.59691299244082], [88.94368010285444, 22.59694851746019], [88.94377417194067, 22.59701811239603], [88.94382572377816, 22.59705371295854], [88.94391968314693, 22.597123232351464], [88.94397134470199, 22.59715890845689], [88.94406519435341, 22.597228352306672], [88.94411696562565, 22.59726410395524], [88.94421070645905, 22.597333472262108], [88.94426258654914, 22.59736929855444], [88.94435621766536, 22.597438593116692], [88.94440820657366, 22.59747449405279], [88.94450172887184, 22.5975437130719], [88.94455382749732, 22.59757968955114], [88.9446472400781, 22.597648833027336], [88.94469944842098, 22.597684884150112], [88.94479275128458, 22.597753952982714], [88.94484506934447, 22.597790079648462], [88.94493826249101, 22.59785907293798], [88.94499069026818, 22.59789527514681], [88.9450837745967, 22.597964192893357], [88.94513631119185, 22.59800046974601], [88.94522928580295, 22.598069312848565], [88.9452819321155, 22.59810566524436], [88.94537479700944, 22.598174432804], [88.94542755303917, 22.59821086074271], [88.94552030821569, 22.59827955275921], [88.94557317306368, 22.598316055341684], [88.94566581942217, 22.598384672714644], [88.94571879398734, 22.598421250840033], [88.94581133062843, 22.59848979356923], [88.94586441491083, 22.59852644633861], [88.94595684273429, 22.598594913524437], [88.94601003583455, 22.598631640937583], [88.94610235394055, 22.598700033479872], [88.94615565675821, 22.598736836435933], [88.94624786514703, 22.59880515343508], [88.94630127768187, 22.598842031934282], [88.94639337635334, 22.598910273390516], [88.94644689860553, 22.598947226533255], [88.94653888755977, 22.599015393345724], [88.94659251952925, 22.599052422031832], [88.94668439966546, 22.59912051330116], [88.94673813955353, 22.59915761753018], [88.94682991087188, 22.599225633256538], [88.94688376047736, 22.599262812129155], [88.9469754220782, 22.599330753211802], [88.94702938140085, 22.599368007627504], [88.94712093328462, 22.599435874066387], [88.94717500232457, 22.599473203125854], [88.94726644449094, 22.599540994021766], [88.94732062324823, 22.599578397725054], [88.94741195569719, 22.59964611397703], [88.94746624417189, 22.599683593223403], [88.94755746780305, 22.59975123393241], [88.94761186509555, 22.599788787822376], [88.9477029790093, 22.599856353887674], [88.94775748601927, 22.599893983320726], [88.94784849021579, 22.599961473843052], [88.94790310694293, 22.599999178819075], [88.94799400142205, 22.60006659379826], [88.94804872786659, 22.600104373418276], [88.94813951262853, 22.600171713753696], [88.94819434789093, 22.600209568916625], [88.94828502383484, 22.60027683460828], [88.9483399688146, 22.600314764414975], [88.94843053594064, 22.600381954563716], [88.94848558973825, 22.600419959013948], [88.94857604714696, 22.600487074518924], [88.94863121066192, 22.600525154512297], [88.94872155835338, 22.60059219447436], [88.94877683158563, 22.600630350010647], [88.94882432025622, 22.60066559073141], [88.9488670695597, 22.600697314429567], [88.9489224525093, 22.600735544609847], [88.94901258076612, 22.600802434384946], [88.94906807343295, 22.600840740108197], [88.94915809197244, 22.60090755434021], [88.94921369435662, 22.600945935606546], [88.94930360317886, 22.60101267429559], [88.94935931528033, 22.60105113020552], [88.94944911528455, 22.60111779515023], [88.94950493530462, 22.60115632570387], [88.9495946264908, 22.60122291510561], [88.94965055622828, 22.60126152030307], [88.94974013769729, 22.601328035060817], [88.94979617715194, 22.60136671580142], [88.94988564890377, 22.601433155016252], [88.94994179807566, 22.601471911299768], [88.95003116011003, 22.60153827497146], [88.95008741899932, 22.60157710589874], [88.95017667131651, 22.601643394926896], [88.95023303992298, 22.60168230139709], [88.95032218342214, 22.601748514882104], [88.95037866084664, 22.60178749689544], [88.95046769462846, 22.60185363573669], [88.95052428177036, 22.60189269149464], [88.95061320583488, 22.601958755692124], [88.95066990269402, 22.60199788699299], [88.9507587170412, 22.60206387564733], [88.95081552361768, 22.60210308249134], [88.95090422824762, 22.602168995602767], [88.95096114454117, 22.602208277090313], [88.9510497394541, 22.602274115557975], [88.95110676456568, 22.602313472588662], [88.95119525066036, 22.60237923551341], [88.95125238548934, 22.602418667187862], [88.95134076276605, 22.602484356367995], [88.951398006413, 22.602523862686212], [88.95148627397248, 22.602589476323374], [88.95154362733672, 22.60262905818456], [88.95163178517879, 22.60269459627864], [88.95168924826038, 22.602734252783534], [88.95177729638527, 22.602799716234017], [88.95183486918404, 22.602839448281884], [88.95192280759153, 22.602904836189282], [88.9519804901077, 22.60294464378046], [88.95206831879801, 22.60300995614466], [88.95212611103119, 22.603049838379434], [88.95221383000444, 22.603115076099925], [88.95227173195491, 22.603155033877783], [88.95235934211013, 22.60322019695468], [88.95241735287857, 22.603260228476756], [88.95250485331638, 22.60332531690989], [88.95256297380223, 22.603365423975106], [88.95265036452287, 22.603430436865324], [88.95270859472589, 22.603470619473683], [88.95279587572912, 22.603535556820532], [88.95285421564961, 22.603575814072656], [88.9529413869356, 22.603640676775967], [88.95299983567406, 22.603681009571005], [88.95308689814186, 22.603745796731175], [88.95314545659755, 22.603786204169978], [88.95323240934835, 22.60385091758576], [88.95329107752127, 22.603891399668328], [88.95337792055466, 22.603956037541195], [88.95343669844493, 22.603996595166905], [88.95352343266046, 22.604061157496403], [88.95358231936859, 22.604101789765878], [88.95366894386677, 22.60416627745184], [88.95372794029225, 22.604206985264227], [88.9538144550732, 22.604271397407217], [88.95387356121597, 22.6043121798632], [88.95395996627951, 22.6043765182618], [88.95401918213963, 22.60441737536155], [88.95410547748594, 22.604481638217067], [88.95416480306329, 22.604522570860127], [88.95425098869225, 22.604586758172445], [88.95431042398695, 22.6046277654591], [88.95439649989868, 22.60469187812771], [88.95445604491067, 22.60473296095745], [88.95454201200437, 22.60479699808309], [88.95460166583433, 22.604838155556422], [88.95468752321062, 22.604902118038353], [88.95474728675799, 22.604943351055], [88.95475910924569, 22.604952159914376], [88.95476749992037, 22.604961779962252], [88.95481982787283, 22.605026361177636], [88.95488715471839, 22.605103478942453], [88.95493978844053, 22.605168479242025], [88.95500680861744, 22.605245177922654], [88.95505974810902, 22.605310597306357], [88.95512646431507, 22.605386876903026], [88.95517970777735, 22.605452717169214], [88.95524612001253, 22.605528575883227], [88.95529966654647, 22.60559483703213], [88.95536577660931, 22.60567027396405], [88.95541962441627, 22.60573695779442], [88.9554854350049, 22.60581197114567], [88.95553958228601, 22.605879078556654], [88.95560509340044, 22.605953669226494], [88.9556595401558, 22.6060212011177], [88.95572475269535, 22.606095365508736], [88.95577949622685, 22.606163323678516], [88.95584441288946, 22.606237061791035], [88.95589945229801, 22.606305448038086], [88.95596407398295, 22.606378758073276], [88.95601940836906, 22.606447573297032], [88.95608373687514, 22.6065204534562], [88.95611367208642, 22.606557718446027], [88.95613936264152, 22.606589699455185], [88.95620340066654, 22.606662148839064], [88.95625931601467, 22.606731826512657], [88.95632306625669, 22.606803842423574], [88.95637926938792, 22.606873955368712], [88.95644273274604, 22.606945536007743], [88.95649922096226, 22.607016085124314], [88.95656240103415, 22.607087228692706], [88.95661917253682, 22.6071582166785], [88.95668207112078, 22.60722892137767], [88.9567391223128, 22.60730035003121], [88.95680174300617, 22.60737061226405], [88.95685907029002, 22.607442484283354], [88.95692141669008, 22.60751230225111], [88.95697901736793, 22.607584621233343], [88.95704109307212, 22.607653991338736], [88.9570989635464, 22.607726759982143], [88.95716077215195, 22.607795679527044], [88.95721890792635, 22.607868901428844], [88.95728045303065, 22.60793736591677], [88.95733884960833, 22.608011045573278], [88.95740013750651, 22.608079051407174], [88.957458790391, 22.60815319241601], [88.95751982557965, 22.60822073509894], [88.95757872847571, 22.608295341956534], [88.9576395163507, 22.60836241699201], [88.95769866386229, 22.608437495993712], [88.95775921251783, 22.608504097086495], [88.95781859745051, 22.60857965362817], [88.95787891228207, 22.608645775382286], [88.95799229340963, 22.60879039625985], [88.95809266404535, 22.608941077668703], [88.95818002328963, 22.60909781960885], [88.95825437114235, 22.609260622080114], [88.95826576105623, 22.60929197784253], [88.95832570446788, 22.609424827493797], [88.95833358432765, 22.6094468078241], [88.9583970000217, 22.609589051793364], [88.95840144716925, 22.609601621617685], [88.95846825690455, 22.60975329407927], [88.95846934868155, 22.609756419223515], [88.95853679873437, 22.609911401190345], [88.9585399283751, 22.60991734301109], [88.9586040509364, 22.6100664631968], [88.9586117815087, 22.610081307406574], [88.95867134540634, 22.61022150811624], [88.95868359237403, 22.610245290687715], [88.95875291211723, 22.610410434993582], [88.95880955231911, 22.610581485147577], [88.95885351208005, 22.61075844204862], [88.9588574646005, 22.6107815465312], [88.95889581888702, 22.610936167870022], [88.95889978669584, 22.610959113172555], [88.95893812659335, 22.61111389369131], [88.95894210789203, 22.61113667891459], [88.95898043609839, 22.611291619512713], [88.95898442728958, 22.611314245556173], [88.95902274650263, 22.61146934353542], [88.95902674578781, 22.611491812197357], [88.95906505780624, 22.6116470684575], [88.95906906248729, 22.61166937883894], [88.95910737090861, 22.611824791581], [88.95911137918694, 22.611846944580975], [88.95914968401081, 22.61200251470433], [88.95915369408783, 22.612024511222387], [88.9591919989117, 22.61218023782783], [88.9591960080894, 22.612202077863742], [88.9592343138126, 22.61235796005178], [88.95923832209093, 22.612379644505154], [88.95927662961293, 22.61253568227596], [88.95928063429392, 22.61255721114651], [88.95931894631241, 22.612713404500084], [88.95932294649691, 22.61273477778792], [88.95934233753417, 22.612813899791433], [88.9593612639112, 22.61289112582483], [88.95936525780053, 22.612912344429333], [88.95940358151006, 22.613068847149634], [88.95940756820477, 22.613089911070517], [88.95944590000846, 22.613246567575175], [88.95944987770986, 22.6132674777121], [88.9594882194059, 22.6134242880006], [88.95949218721472, 22.613445044353284], [88.95953053880345, 22.61360200842597], [88.95953449582038, 22.613622610994867], [88.95957285910026, 22.61377972885157], [88.95957680442609, 22.61380017763628], [88.95961517939719, 22.61395744927694], [88.95961911213243, 22.613977744277463], [88.95965750059315, 22.61413516880316], [88.95966141983871, 22.61415531181825], [88.95969982178951, 22.61431288832921], [88.95970372664584, 22.614332878459606], [88.95974214298565, 22.614490607855373], [88.9597460334528, 22.61451044510102], [88.95976578526296, 22.614591588231292], [88.95977012089452, 22.61465437439989], [88.95977107867236, 22.61468856032883], [88.95978048917834, 22.614817768625187], [88.95978206389117, 22.614867123419003], [88.95979079990553, 22.61498116824646], [88.95979310666672, 22.615045683811445], [88.95980105397553, 22.61514457326342], [88.95980420789795, 22.615224242404963], [88.95981124958962, 22.615307982777267], [88.95981536488728, 22.615402800099275], [88.95982138944572, 22.61547139858635], [88.95982657943318, 22.615581355095458], [88.95982979900606, 22.615616533876107], [88.9598186222317, 22.61565090056871], [88.95977703937899, 22.615761841835706], [88.95975458150872, 22.61583116787415], [88.95971268479258, 22.61594279982046], [88.95969054258455, 22.61601143787766], [88.9596688776823, 22.616069079569797], [88.95964832660911, 22.61612375780527], [88.95962650545891, 22.616191708780434], [88.95958396572752, 22.616304715790193], [88.95956247103135, 22.616371981481905], [88.95951960214796, 22.616485673775003], [88.95949843840236, 22.616552256881278], [88.9594552349713, 22.616666631759756], [88.95943440937054, 22.61673253497861], [88.95939086329781, 22.616847590643886], [88.95937038393612, 22.6169128157739], [88.95932648712784, 22.617028548628696], [88.95930636209908, 22.61709310016647], [88.95923894262319, 22.617270434782824], [88.95916197504528, 22.617439483045814], [88.95907545936495, 22.617600244056007], [88.95897939558279, 22.61775271871312], [88.95887378459759, 22.617896906117323], [88.9587586255102, 22.61803280626907], [88.95863391832074, 22.618160420067397], [88.95849966302922, 22.618279746612984], [88.95846806804695, 22.618304142522277], [88.95836239770654, 22.618396459728956], [88.95834778102534, 22.618407581644647], [88.95822745982952, 22.618510966807833], [88.95822515486708, 22.618513193529225], [88.95810658105387, 22.618613457145443], [88.95808860000898, 22.618630523579952], [88.95798580300249, 22.618716110260436], [88.95795190665524, 22.618747734020758], [88.95786512027911, 22.618818916260068], [88.95781508200054, 22.6188648302479], [88.95767438936167, 22.618978569305682], [88.95752509470753, 22.619084842191853], [88.9573671980379, 22.619183649805677], [88.95720070115158, 22.619274992147155], [88.95702560224981, 22.61935886921657], [88.95698022425813, 22.619377743288283], [88.95684819928516, 22.61944074619356], [88.95680586100167, 22.619458400784595], [88.95667079991762, 22.61952262676789], [88.95663149684623, 22.619539053784422], [88.95649340504673, 22.61960451004012], [88.95646909150054, 22.619614693131155], [88.95645713358994, 22.619619701388217], [88.9563391857049, 22.619675444965992], [88.95628263003948, 22.619685966134455], [88.95620586390947, 22.619703726845557], [88.9561078342092, 22.619722086505135], [88.95603461680429, 22.6197390630075], [88.95593303837916, 22.61975820867457], [88.95586336879956, 22.619774396471257], [88.95575824254888, 22.61979433354179], [88.95569211989562, 22.619809728136545], [88.95558344671883, 22.61983046020771], [88.95552087009207, 22.619845057103817], [88.95540865088856, 22.61986658957153], [88.95534961938961, 22.61988038517177], [88.95523385505851, 22.619902719834784], [88.95517836868692, 22.619915711440967], [88.95505905922823, 22.61993885279594], [88.95500711618564, 22.619951035911583], [88.95488426339818, 22.619974987555622], [88.95483586368425, 22.619986358583674], [88.95470946756791, 22.62001112321491], [88.95466461118298, 22.62002167945701], [88.9545346717378, 22.620047261571926], [88.954493356883, 22.62005699943097], [88.95435987590758, 22.62008340082832], [88.95432210258303, 22.620092317606407], [88.95418508007748, 22.620119540984092], [88.954150848283, 22.62012763488258], [88.95408605123032, 22.620140564435474], [88.95401002973921, 22.620129432627323], [88.95398694504166, 22.620126895639828], [88.9538346412557, 22.62010450342018], [88.95380894312837, 22.620101674153034], [88.95365925277241, 22.620079574213037], [88.95363094211444, 22.62007645176692], [88.95348386428896, 22.620054645005894], [88.95345294020115, 22.6200512284816], [88.95330847580567, 22.620029717597504], [88.95327493918722, 22.620026005196053], [88.95313308732221, 22.620004790188887], [88.95309693817325, 22.620000781011356], [88.95295769883887, 22.619979862780497], [88.95291893715932, 22.619975555927283], [88.95278231035542, 22.619954937170633], [88.95274093704478, 22.61995032994389], [88.95260692187213, 22.619930011560825], [88.95256293693006, 22.61992510396044], [88.95243153338868, 22.619905086850338], [88.95238493681546, 22.619899877077785], [88.95225614490522, 22.619880163039227], [88.95220693670092, 22.61987464929581], [88.95208075732126, 22.619855239227945], [88.9520289365862, 22.619849421513663], [88.9519053688378, 22.619830317215417], [88.95185093737098, 22.619824191932878], [88.95172998035434, 22.61980539520289], [88.95167293815564, 22.61979896235232], [88.95149567728367, 22.619771271327238], [88.95132065302585, 22.619736131217564], [88.95123992358373, 22.619716233717384], [88.95114666029025, 22.61969755659709], [88.95106452071121, 22.619677329045544], [88.95097266755465, 22.61965898017786], [88.9508891178387, 22.619638424373875], [88.95079867481905, 22.619620404658008], [88.95071371586539, 22.619599520601582], [88.95062468298283, 22.619581828238836], [88.95053831299293, 22.61956061682912], [88.95045069024724, 22.619543251819778], [88.95036291012025, 22.619521713056656], [88.95027669841102, 22.619504674501172], [88.95018750724773, 22.61948281108289], [88.95010270567542, 22.619466096283418], [88.95001210437528, 22.619443908209803], [88.9499287138392, 22.619427518065663], [88.94983670150276, 22.619405006236093], [88.94975472200298, 22.619388939847852], [88.94966129863008, 22.619366105161703], [88.94958073106591, 22.61935036073072], [88.94948589485824, 22.61932720408737], [88.94940673922969, 22.61931178161359], [88.94931049198573, 22.619288303912185], [88.94923274739347, 22.619273201597082], [88.9491350882139, 22.619249403737], [88.94905875645662, 22.619234620681368], [88.94895968534138, 22.619210504461194], [88.9489316955993, 22.61920510050942], [88.94888476551955, 22.619196039765484], [88.94878428156937, 22.619171606084763], [88.94871077458271, 22.619157457950394], [88.94860887869686, 22.61913270770833], [88.9485367836457, 22.619118876135303], [88.94843347492497, 22.619093810231277], [88.94836279360817, 22.619080293420893], [88.94825807115313, 22.619054912754052], [88.94818880267115, 22.619041710706426], [88.94808266738124, 22.619016016176374], [88.94801481263369, 22.61900312709281], [88.94790726360941, 22.61897711959847], [88.94784082259599, 22.61896454257959], [88.94773185983752, 22.618938224819374], [88.94766683255835, 22.618925958066598], [88.94755645606568, 22.61889933004022], [88.94749284252083, 22.61888737265423], [88.94738105139447, 22.6188604352609], [88.94731885338257, 22.618848786342483], [88.94720564762258, 22.61882154138118], [88.94714486334487, 22.618810200030737], [88.94703024295154, 22.61878264840061], [88.94697087420661, 22.618771612819785], [88.94685483917965, 22.618743756319418], [88.94679688596767, 22.618733024709456], [88.94667943450844, 22.618704865137545], [88.94662289682935, 22.61869443569981], [88.94650402983723, 22.618665973955558], [88.94632767907922, 22.618633574080263], [88.94622347193587, 22.618620145403384], [88.94615051713276, 22.618606732914486], [88.94604600152184, 22.618593255674398], [88.94597335518631, 22.618579891748766], [88.9458685311078, 22.618566365945185], [88.94579619413923, 22.618553050582875], [88.94569106159338, 22.61853947621597], [88.94561903219278, 22.618526209417098], [88.94551359117935, 22.618512587385965], [88.94544187024616, 22.618499368251378], [88.94533612076555, 22.61848569765698], [88.94526470919908, 22.618472527984864], [88.94515865125089, 22.618458807927766], [88.94508754725263, 22.618445686819086], [88.94498118083686, 22.618431918198553], [88.94491038620555, 22.618418845653366], [88.94480371042306, 22.61840502846934], [88.94473322425893, 22.618392004487475], [88.9446262409084, 22.618378138740184], [88.94455606231247, 22.618365164221075], [88.94444877049438, 22.61835124901097], [88.9443789012654, 22.618338323055355], [88.94427130008057, 22.618324359281928], [88.944201739319, 22.61831148278884], [88.94409383056592, 22.618297469552544], [88.94402457737255, 22.618284641622893], [88.94391636015195, 22.61827057982356], [88.9438474163253, 22.618257800457172], [88.94373888973809, 22.618243690094346], [88.94367025437884, 22.61823096019083], [88.94356142022343, 22.618216800365133], [88.94349309243239, 22.61820411902488], [88.94338394980963, 22.61818991063592], [88.94331593138531, 22.618177278758537], [88.94320648029498, 22.618163020906763], [88.94313876943869, 22.618150438491966], [88.94302900988095, 22.61813613117755], [88.94296160749224, 22.618123597326246], [88.94285153946714, 22.61810924054913], [88.94278444554578, 22.61809675705973], [88.94267406995249, 22.618082350819975], [88.9426072844987, 22.61806991679333], [88.94249659953852, 22.618055461090762], [88.94243012255225, 22.61804307562761], [88.94231912912466, 22.618028570462172], [88.9422529606058, 22.618016235361097], [88.94214165961, 22.618001680733016], [88.94207579955855, 22.617989395094696], [88.94196418919603, 22.617974791003974], [88.9418986376121, 22.617962554828182], [88.94178671968155, 22.617947900375384], [88.94172147566564, 22.61793571456161], [88.94160924926751, 22.617921010646228], [88.94154431371925, 22.61790887339589], [88.94143177975292, 22.61789412001781], [88.94136715267194, 22.61788203312932], [88.94125430933906, 22.61786722938922], [88.94118999072555, 22.617855192862976], [88.94107683892508, 22.617840339660063], [88.9410128287791, 22.61782835259646], [88.94089936941043, 22.617813449031473], [88.94083566683264, 22.61780151233006], [88.94072189899657, 22.61778655930226], [88.94065850578556, 22.617774672063547], [88.94054442948197, 22.617759668673898], [88.94048134383911, 22.617747832696352], [88.94036695906794, 22.61773277804531], [88.94030418189266, 22.61772099243001], [88.94018948955346, 22.617705887416946], [88.9401270199462, 22.617694152163438], [88.94001201913949, 22.617678996788356], [88.93994985889896, 22.617667311897094], [88.93983454962483, 22.617652107059143], [88.9397726969525, 22.617640471630523], [88.93965707921097, 22.61762521643078], [88.93959553500605, 22.617613632263385], [88.93947960969638, 22.61759832580219], [88.9394183730596, 22.617586791996985], [88.93930213928235, 22.61757143517366], [88.9392412111132, 22.61755995173047], [88.93906356083471, 22.617536465035926], [88.93904916988333, 22.61753535976908], [88.93903594355413, 22.617537172802372], [88.93885752615398, 22.617571651910282], [88.93868283824258, 22.617615645845547], [88.93865708615573, 22.617623705569656], [88.93850882212462, 22.617661349391938], [88.93848928345386, 22.617667522338365], [88.93833481140251, 22.617707069126084], [88.93832147895324, 22.617711322019943], [88.93816080697582, 22.617752805947305], [88.93815367265387, 22.617755103715183], [88.93798680974356, 22.617798558956338], [88.93798586275744, 22.617798866524538], [88.93781809692774, 22.61784294319733], [88.9378127009955, 22.61784402777971], [88.93765033829266, 22.617887069332824], [88.93763857426097, 22.617889452536303], [88.93748257875808, 22.61793118647512], [88.93746445112356, 22.617934886286037], [88.93731481742503, 22.617975294624216], [88.93729033248297, 22.617980329029137], [88.93714705429329, 22.618019391981477], [88.93711621654035, 22.618025781664528], [88.93697929026217, 22.618063479446164], [88.9369421050942, 22.61807124419272], [88.93681152443236, 22.61810755521958], [88.93676799814472, 22.618116717512578], [88.93664375680413, 22.618151619301955], [88.93659389569189, 22.618162202523706], [88.93647598737698, 22.618195671693], [88.9364197977356, 22.618207699226105], [88.93630821705062, 22.61823971149363], [88.9362457042759, 22.61825320851881], [88.93614044402636, 22.618283737804404], [88.9360716162123, 22.618298730402103], [88.93597266920335, 22.618327750625326], [88.93589753264519, 22.618344265775306], [88.93580489258193, 22.6183717481577], [88.9357234553733, 22.61838981463825], [88.93563711416164, 22.618415730401694], [88.93554938439667, 22.618435379689004], [88.93546933304339, 22.618459696457876], [88.93537531881606, 22.618480960028364], [88.93530154922723, 22.618503645426983], [88.93520126042984, 22.618526556555423], [88.93503020757817, 22.61857982340024], [88.93486426107683, 22.618646111528847], [88.93470341912763, 22.618725422740113], [88.93454768262961, 22.618817756134547], [88.9343970506834, 22.618923112611697], [88.93425152418854, 22.619041490372638], [88.93411110224571, 22.61917289031669], [88.933975785754, 22.619317313343515], [88.93395868154795, 22.61933799595181], [88.93384124357851, 22.619463708583396], [88.93382613227027, 22.619481905465648], [88.93373700675761, 22.6195775627545], [88.93371798339837, 22.619633107581876], [88.93369480696992, 22.619690329645096], [88.93365765597616, 22.619798602623575], [88.93363501104704, 22.61985447570362], [88.93359732765464, 22.61996409676567], [88.93357521512416, 22.620018621762142], [88.93353699843391, 22.620129590907993], [88.93351541920129, 22.620182768719815], [88.93347666921301, 22.620295085050316], [88.93345562417778, 22.620346914778338], [88.93341633999228, 22.62046057919241], [88.93339583005366, 22.620511061736238], [88.933356009872, 22.620626073334734], [88.9333360350301, 22.620675208693967], [88.9332956797519, 22.620791566577623], [88.93327624090597, 22.620839355651867], [88.93323534963179, 22.620957060719945], [88.93321644768105, 22.621003502609597], [88.9331750186123, 22.62112255396272], [88.93315665445607, 22.621167650466816], [88.93311468759288, 22.621288048104987], [88.93309686123132, 22.621331797424546], [88.93305435567402, 22.621453541347933], [88.93303706800634, 22.621495945281822], [88.93299402375533, 22.62161903459088], [88.9329772756808, 22.62166009223955], [88.93293369183652, 22.621784527833825], [88.93291748335537, 22.6218242400966], [88.93287493283208, 22.621945536157625], [88.93287427452827, 22.62195029447065], [88.93284937859602, 22.622081389544462], [88.93284345656036, 22.62212460916345], [88.93281816582572, 22.62225820705072], [88.93279409637046, 22.6224354490368], [88.93277940594487, 22.62261324860259], [88.93277409454896, 22.62279160394945], [88.93277816308182, 22.622970515976704], [88.93277869098381, 22.62297756576214], [88.93278255896797, 22.623149448688196], [88.93278314622535, 22.62315735552761], [88.9327869557535, 22.62332838050048], [88.93278760056745, 22.623337146192455], [88.93279135253903, 22.623507312312597], [88.93279205401024, 22.62351693685713], [88.93279575022387, 22.623686244124883], [88.93279650745302, 22.623696727521974], [88.93280014880798, 22.623865176836603], [88.9328009608958, 22.623876517287442], [88.93280454739204, 22.624044108648718], [88.93280541343921, 22.624056307952287], [88.93280894687547, 22.624223040461004], [88.93280986508324, 22.624236098617132], [88.93281334635896, 22.624401973172667], [88.93281431672744, 22.624415890181183], [88.93281774674176, 22.624580904984782], [88.93281876837165, 22.624595680846028], [88.93282214712457, 22.624759837696445], [88.9328232191163, 22.624775471510873], [88.93282654840658, 22.624938769508788], [88.93282766896175, 22.624955262175718], [88.93283094968876, 22.62511770222028], [88.93283211880743, 22.625135052840562], [88.93283535097078, 22.625296634032566], [88.93283656865287, 22.625314844404613], [88.93283975315211, 22.625475566744058], [88.932841017599, 22.625494635069458], [88.93284415623287, 22.625654498556344], [88.93284546654507, 22.62567442663351], [88.93284855931364, 22.625833431268006], [88.932849914592, 22.625854217298354], [88.93285296239435, 22.6260123639795], [88.93285436263892, 22.626034008862575], [88.93285736637449, 22.626191295791784], [88.93285880978624, 22.626213799527193], [88.93286177035458, 22.626370228503276], [88.93286325693379, 22.626393591091414], [88.93286617523387, 22.626549161214996], [88.93286770408133, 22.62657338175626], [88.93287058011322, 22.626728093926488], [88.93287215032967, 22.62675317332048], [88.93287498499268, 22.626907025738774], [88.93287659657784, 22.62693296488453], [88.93287939077135, 22.627085958450266], [88.93288104282601, 22.627112755549376], [88.93288379655002, 22.62726489116193], [88.9328854881748, 22.627292547113427], [88.93288820232868, 22.62744382387342], [88.93288993352365, 22.62747233867765], [88.93289260900673, 22.627622756585083], [88.93289437887262, 22.627652130241643], [88.93289701568477, 22.627801689296575], [88.9328988233222, 22.627831921805864], [88.93290142236282, 22.62798062110886], [88.93290326777162, 22.628011713369915], [88.93290582994024, 22.628159553820353], [88.93290771222127, 22.628191504934136], [88.93291023751749, 22.628338486532016], [88.93291215577148, 22.628371296498187], [88.93291464509491, 22.628517419243508], [88.93291659932174, 22.628551088062352], [88.93291905357154, 22.628696351955227], [88.93292104287195, 22.628730879626403], [88.93292346204828, 22.62887528466672], [88.93292548552284, 22.628910671190624], [88.9329278705249, 22.629054217378382], [88.93292992907305, 22.629090462754675], [88.93293227900153, 22.629233150089874], [88.93293437172395, 22.629270254318897], [88.93293668837765, 22.629412082801537], [88.93293881347563, 22.629450046782267], [88.93294109775366, 22.62959101551303], [88.93294325612652, 22.62962983834649], [88.9329455071296, 22.62976994822469], [88.93294769787798, 22.62980962991054], [88.93294991740476, 22.629948880936183], [88.93295213962966, 22.62998942147476], [88.93295432768014, 22.630127813647846], [88.93295658048197, 22.63016921393813], [88.93295873795546, 22.630306747258714], [88.93296102133411, 22.630349005502183], [88.93296314823084, 22.630485679970207], [88.9329654630858, 22.630528797066404], [88.93296755940554, 22.63066461268187], [88.93296990303872, 22.63070858952983], [88.93297023219054, 22.630730031166195], [88.93296913321899, 22.630748375537166], [88.93295990077888, 22.630842828633718], [88.93295496440015, 22.63092547812846], [88.9329456735041, 22.631020655179213], [88.93294079558132, 22.6311025807197], [88.93293144712862, 22.63119848172471], [88.93292662766186, 22.631279682411446], [88.93291722075315, 22.631376308270035], [88.93291245884302, 22.631456785002683], [88.93290299347854, 22.63155413481553], [88.93289829002418, 22.63163388759392], [88.93288876710307, 22.63173196046165], [88.93288412120535, 22.631810990185215], [88.9328745407276, 22.631909787007146], [88.93286995238651, 22.631988091877076], [88.93286031435218, 22.632087613552585], [88.93285578266836, 22.632165194468143], [88.93284608887609, 22.63226544009808], [88.93284161384952, 22.632342297059438], [88.93283186250062, 22.632443266643577], [88.9328274441313, 22.632519399650675], [88.93281763702453, 22.632621093189073], [88.93281327531247, 22.632696501342593], [88.93280341064906, 22.632798919734398], [88.93279910559426, 22.63287360393383], [88.9327891851728, 22.632976746279894], [88.93278493587627, 22.633050706524898], [88.9327749596967, 22.633154571926013], [88.93277076615806, 22.633227808216816], [88.93276073422066, 22.63333239847151], [88.93275659643984, 22.633404910808054], [88.93274650874457, 22.63351022501695], [88.93274242582248, 22.633582013399348], [88.93273228416768, 22.633688051562444], [88.93272825610427, 22.63375911509121], [88.93271805869159, 22.63386587810794], [88.93271408548668, 22.633936217682276], [88.9327038341147, 22.634043704653436], [88.93269991486932, 22.63411332027357], [88.93268960863861, 22.63422153119876], [88.9326857451511, 22.63429042196543], [88.9326753840619, 22.634399357744257], [88.93267157453352, 22.634467524556726], [88.93266115948501, 22.634577184289753], [88.93265740301678, 22.634644626248587], [88.93264693490829, 22.634755010835192], [88.93264323239941, 22.634821728839825], [88.93263271123072, 22.634932837380518], [88.93262906178182, 22.634998830531742], [88.93261848665401, 22.635110663926184], [88.93261489026509, 22.63517593312281], [88.93260426207712, 22.63528849047151], [88.93260071874829, 22.635353034814727], [88.93259003839961, 22.635466317017006], [88.93258654813076, 22.635530137405965], [88.93257581472227, 22.6356441435625], [88.93257350710968, 22.635686492448826], [88.93257237661396, 22.635707239097883], [88.93256159104476, 22.635821970107997], [88.93255820419785, 22.63588434168912], [88.93254736736719, 22.635999796653266], [88.93254403268111, 22.63606144338098], [88.93253314368968, 22.636177623198762], [88.93252986116431, 22.636238545972276], [88.93251892091155, 22.636355449744258], [88.9325156887482, 22.636415647664137], [88.93250469723398, 22.636533276289754], [88.93250151723123, 22.63659275025526], [88.93249047445602, 22.63671110283525], [88.93248734481529, 22.636769851947292], [88.93247625167771, 22.636888929380746], [88.93247317239917, 22.63694695363904], [88.93246202889952, 22.637066755926014], [88.93245899998306, 22.637124056230277], [88.93244780612139, 22.63724458247151], [88.93244482666756, 22.63730115792214], [88.93243358334325, 22.637422409017006], [88.93243065425139, 22.637478259614056], [88.93241936056523, 22.63760023646188], [88.9324164809359, 22.637655362205294], [88.9324051386863, 22.637778063007374], [88.93240230851978, 22.63783246389721], [88.93239091590812, 22.6379558895527], [88.93238813520446, 22.638009565589073], [88.93237669402936, 22.63813371609814], [88.93237396188897, 22.638186668180367], [88.93236247215054, 22.638311542643635], [88.93235978857348, 22.638363769872228], [88.93234825027162, 22.63848936918913], [88.93234561525799, 22.638540871564146], [88.93233402929218, 22.638667195734627], [88.93233144104329, 22.638717973256007], [88.9323198074132, 22.63884502317933], [88.9323172677278, 22.638895075847074], [88.93230558643381, 22.639022849724824], [88.9323030935131, 22.639072177538992], [88.932291364555, 22.639200676270264], [88.93228891929823, 22.639249279230853], [88.93227714357545, 22.63937850281576], [88.93227474508353, 22.63942638092277], [88.93226292259584, 22.639556329361255], [88.93226057086883, 22.639603482614632], [88.9322487016164, 22.639734156805957], [88.93224639575476, 22.639780585205926], [88.93223448153617, 22.639911983351453], [88.93223222153989, 22.639957686897787], [88.93222026055662, 22.64008980989695], [88.93221804642587, 22.640134788589705], [88.93220604047656, 22.64026763644239], [88.9322038713118, 22.640311890281566], [88.93219182039633, 22.64044546388709], [88.93219035360198, 22.640475515632716], [88.93214646398826, 22.640621441426504], [88.93214245930704, 22.64063710851582], [88.93209438065134, 22.64079702056614], [88.93209057741825, 22.64081195830539], [88.93203812446001, 22.64098648433884], [88.9319786729775, 22.641157025476502], [88.93191222117218, 22.64132358261736], [88.93183876994345, 22.641486154862264], [88.93175831929108, 22.641644742211213], [88.93170451465176, 22.64173986260471], [88.93167358426854, 22.641800890598745], [88.93161919506997, 22.641897107265777], [88.93158884834679, 22.641957038086957], [88.93153387638733, 22.642054352826165], [88.93150411242505, 22.642113185575113], [88.93144855770493, 22.642211597487346], [88.93141937650313, 22.6422693339627], [88.93136323992167, 22.642368842148358], [88.931334639682, 22.642425481450857], [88.93127792213846, 22.642526087708973], [88.93124990196151, 22.642581628039864], [88.93119260435537, 22.64268333326936], [88.93116516424101, 22.64273777552802], [88.93110728747132, 22.642840578829748], [88.93108042652057, 22.642893922116855], [88.93102197058766, 22.642997825289513], [88.93099568880007, 22.64305006870586], [88.93093665460299, 22.643155071749277], [88.93091095018019, 22.64320621529464], [88.93085133861848, 22.643312317309665], [88.93082621066117, 22.64336236098427], [88.93076602263397, 22.64346956376943], [88.93074147114214, 22.6435185066739], [88.93068070754867, 22.64362681112857], [88.93065673162306, 22.64367465236336], [88.93059539336275, 22.643784057588334], [88.93057199210386, 22.64383079805299], [88.930510079177, 22.643941304947305], [88.93048725078609, 22.643986943742618], [88.93042476499102, 22.64409855230639], [88.93040251036763, 22.64414308853287], [88.93033945080509, 22.64425579966553], [88.93031776904985, 22.644299233323125], [88.93025413841792, 22.644413047923877], [88.93023302683287, 22.644455378113378], [88.93016882513132, 22.644570295283017], [88.93014828551509, 22.644611522004254], [88.93008351274398, 22.644727543541308], [88.93006354239856, 22.644767666794507], [88.92999820125613, 22.6448847926992], [88.92997880018157, 22.644923810685384], [88.9299128897681, 22.64504204095755], [88.92989405616589, 22.64507995457643], [88.92982757828031, 22.645199290115215], [88.92980931304953, 22.64523609756793], [88.92974226769167, 22.645356538373733], [88.92972456903362, 22.645392240559488], [88.92965695710302, 22.6455137875314], [88.92963982411874, 22.64554838355116], [88.92957164741375, 22.6456710375885], [88.92955507920362, 22.64570452654266], [88.92948633772448, 22.645828286746166], [88.92947033428857, 22.645860669534386], [88.92940102893442, 22.645985536803266], [88.9293855884743, 22.64601681162668], [88.92931572014447, 22.64614278686031], [88.92930084176044, 22.64617295371903], [88.92923041225379, 22.64630003781656], [88.9292160950468, 22.646329094911778], [88.92914510436327, 22.64645728787366], [88.92913134833316, 22.64648523700413], [88.9290597973719, 22.64661453883008], [88.92904660072014, 22.646641378197046], [88.9289744903806, 22.646771789786328], [88.92896185310713, 22.64679751939019], [88.92888918338923, 22.646929040742748], [88.92887710459473, 22.646953660582994], [88.92880387819645, 22.647086292598374], [88.92879235608257, 22.647109800876706], [88.92871857210451, 22.647243544454], [88.9287076066708, 22.647265941170303], [88.9286332669119, 22.647400796309796], [88.9286228572592, 22.64742208146407], [88.9285479626185, 22.647558048165422], [88.92853810694811, 22.647578220858293], [88.92846265832509, 22.647715300920424], [88.92845335663714, 22.647734360252684], [88.92837735493106, 22.647872553675597], [88.92836860542684, 22.647890499646905], [88.92829205153703, 22.6480298064306], [88.92828385421649, 22.648046639041297], [88.928206748143, 22.648187059185602], [88.92819910210699, 22.648202777536312], [88.92812144564829, 22.64834431283981], [88.92811434999732, 22.648358916031327], [88.92803614405284, 22.648501566494133], [88.92802959698844, 22.64851505452617], [88.92795084245756, 22.648658820148512], [88.92794484397956, 22.648671193021187], [88.92786554176143, 22.64881607380289], [88.92786009007114, 22.648827330616825], [88.9277802410653, 22.64897332835642], [88.92777533616288, 22.64898346821252], [88.92769494126861, 22.649130582910175], [88.92769058135525, 22.649139604908953], [88.92919874172873, 22.650100350650746]]}}, {"type": "Feature", "properties": {"type": "MPA", "name": "Sundarbans National Park", "source": "WDPA/Protected Planet, WDPA_PID 14177", "last_updated": "2026-09-02T14:53:21.534913+00:00"}, "geometry": {"coordinates": [[[[88.96709633300009, 22.192634500000054], [88.96741350000008, 22.18787700000007], [88.97026800000003, 22.176459000000023], [88.97312250000004, 22.165992500000073], [88.97978300000005, 22.159332000000063], [88.98263750000007, 22.154574500000024], [88.98867272900009, 22.153188029000034], [88.99405550000006, 22.146011000000044], [88.99405550000006, 22.143156500000032], [88.99310400000007, 22.132690000000025], [88.99120100000005, 22.121272000000033], [88.98739500000005, 22.10985400000004], [88.98168600000008, 22.099387500000034], [88.97883150000007, 22.09177550000004], [88.97217100000006, 22.079406000000063], [88.97026800000003, 22.06703650000003], [88.96836500000006, 22.062279000000046], [88.96646200000004, 22.05466700000005], [88.96455900000007, 22.04990950000007], [88.97026800000003, 22.046103500000072], [88.97502550000007, 22.044200500000045], [88.98168600000008, 22.040394500000048], [88.98168600000008, 22.037540000000035], [88.97978300000005, 22.02992800000004], [88.97121950000007, 22.012801000000024], [88.97312250000004, 22.010898000000054], [88.97788000000008, 22.007092000000057], [88.98073450000004, 21.998528500000077], [88.97883150000007, 21.993771000000038], [88.97788000000008, 21.98996500000004], [88.98168600000008, 21.98806200000007], [88.98929800000008, 21.985207500000058], [88.99310400000007, 21.980450000000076], [88.99500700000004, 21.973789500000066], [89.00071600000007, 21.977595500000064], [89.00547350000005, 21.982353000000046], [89.01213400000006, 21.985207500000058], [89.01689150000004, 21.980450000000076], [89.01498850000007, 21.972838000000024], [89.01023100000003, 21.969032000000027], [89.00547350000005, 21.964274500000045], [89.00071600000007, 21.955711000000065], [89.00166750000005, 21.94714750000003], [89.01118250000007, 21.940487000000076], [89.01879450000007, 21.933826500000066], [89.03306700000007, 21.92526300000003], [89.02735800000005, 21.92336000000006], [89.02355200000005, 21.91669950000005], [89.02069750000004, 21.910990500000025], [89.01784300000008, 21.90147550000006], [89.01498850000007, 21.891009000000054], [89.01689150000004, 21.88339700000006], [89.02450350000004, 21.874833500000022], [89.03021250000006, 21.869124500000055], [89.03401850000006, 21.860561000000075], [89.03401850000006, 21.852949000000024], [89.03306700000007, 21.83962800000006], [89.02926100000008, 21.826307000000043], [89.02545500000008, 21.809180000000026], [89.02355200000005, 21.79966500000006], [89.02450350000004, 21.787295500000027], [89.02450350000004, 21.77492600000005], [89.02830950000003, 21.769217000000026], [89.03211550000003, 21.755896000000064], [89.04163050000005, 21.745429500000057], [89.05019400000003, 21.738769000000048], [89.05780600000008, 21.732108500000038], [89.05970900000005, 21.72639950000007], [89.04258200000004, 21.722593500000073], [89.02830950000003, 21.718787500000076], [89.01784300000008, 21.718787500000076], [89.01023100000003, 21.715933000000064], [89.00261900000004, 21.718787500000076], [88.99120100000005, 21.724496500000043], [88.97883150000007, 21.731157000000053], [88.97883150000007, 21.736866000000077], [88.98929800000008, 21.740672000000075], [88.98549200000008, 21.747332500000027], [88.97883150000007, 21.744478000000072], [88.97026800000003, 21.735914500000035], [88.96741350000008, 21.745429500000057], [88.96360750000008, 21.75304150000005], [88.95885000000004, 21.755896000000064], [88.94743200000005, 21.758750500000076], [88.94077150000004, 21.760653500000046], [88.93030500000003, 21.764459500000044], [88.92459600000007, 21.758750500000076], [88.92745050000008, 21.746381000000042], [88.92554750000005, 21.731157000000053], [88.91888700000004, 21.72544800000003], [88.87892400000004, 21.745429500000057], [88.87416650000006, 21.75684750000005], [88.87036050000006, 21.76541100000003], [88.86084550000004, 21.771120000000053], [88.85228200000006, 21.77492600000005], [88.83991250000008, 21.773974500000065], [88.83039750000006, 21.776829000000077], [88.83039750000006, 21.78348950000003], [88.83230050000003, 21.792053000000067], [88.83610650000008, 21.804422500000044], [88.83230050000003, 21.82345250000003], [88.83230050000003, 21.835822000000064], [88.83039750000006, 21.842482500000074], [88.81802800000008, 21.847240000000056], [88.80185250000005, 21.841531000000032], [88.78948300000008, 21.842482500000074], [88.77901650000007, 21.842482500000074], [88.77140450000007, 21.840579500000047], [88.77235600000006, 21.853900500000066], [88.77996800000005, 21.855803500000036], [88.77996800000005, 21.86151250000006], [88.77330750000004, 21.869124500000055], [88.77140450000007, 21.877688000000035], [88.75808350000005, 21.880542500000047], [88.75618050000008, 21.887203000000056], [88.74952000000008, 21.89005750000007], [88.74666550000006, 21.895766500000036], [88.74000500000005, 21.899572500000033], [88.73239300000006, 21.90147550000006], [88.72668400000003, 21.90337850000003], [88.72097500000007, 21.91003900000004], [88.71621750000008, 21.910990500000025], [88.71621750000008, 21.924311500000044], [88.72097500000007, 21.932875000000024], [88.72287800000004, 21.93858400000005], [88.72287800000004, 21.946196000000043], [88.72573250000005, 21.97854700000005], [88.73524750000007, 21.980450000000076], [88.74856850000003, 21.984256000000073], [88.75332600000007, 21.995674000000065], [88.75808350000005, 22.006140500000072], [88.76093800000007, 22.02136450000006], [88.75618050000008, 22.035637000000065], [88.74952000000008, 22.048006500000042], [88.74856850000003, 22.064182000000073], [88.75427750000006, 22.068939500000056], [88.75808350000005, 22.078454500000078], [88.76474400000006, 22.084163500000045], [88.77616200000006, 22.087018000000057], [88.78091950000004, 22.090824000000055], [88.78187100000008, 22.097484500000064], [88.78377400000005, 22.10509650000006], [88.78853150000003, 22.108902500000056], [88.79994950000008, 22.11366000000004], [88.80470700000006, 22.11651450000005], [88.80470700000006, 22.126029500000072], [88.81231900000006, 22.128884000000028], [88.81993100000005, 22.126029500000072], [88.83134900000005, 22.126981000000058], [88.84086400000007, 22.126981000000058], [88.84657300000003, 22.124126500000045], [88.85133050000007, 22.120320500000048], [88.85323350000004, 22.114611500000024], [88.85703950000004, 22.104145000000074], [88.86274850000007, 22.09843600000005], [88.87131200000005, 22.090824000000055], [88.88177850000005, 22.088921000000028], [88.89414800000009, 22.09177550000004], [88.90746900000005, 22.088921000000028], [88.91032350000006, 22.08511500000003], [88.92079000000007, 22.08511500000003], [88.92745050000008, 22.097484500000064], [88.93125650000007, 22.108902500000056], [88.92840200000006, 22.119369000000063], [88.91412950000006, 22.12983550000007], [88.91032350000006, 22.135544500000037], [88.91032350000006, 22.14125350000006], [88.90746900000005, 22.15362300000004], [88.89605100000006, 22.16313800000006], [88.89605100000006, 22.168847000000028], [88.90271150000007, 22.17170150000004], [88.90746900000005, 22.170750000000055], [88.90746900000005, 22.16979850000007], [88.92079000000007, 22.16504100000003], [88.92364450000008, 22.170750000000055], [88.92649900000004, 22.17836200000005], [88.93506250000007, 22.17836200000005], [88.93982000000005, 22.182168000000047], [88.94362600000005, 22.184071000000074], [88.94648050000006, 22.185974000000044], [88.94362600000005, 22.19358600000004], [88.95028650000006, 22.190731500000027], [88.96075300000007, 22.190731500000027], [88.96709633300009, 22.192634500000054]]]], "type": "MultiPolygon", "geometries": null}}, {"type": "Feature", "properties": {"type": "MPA", "name": "Chilika Lake", "source": "WDPA/Protected Planet, WDPA_PID 68005", "last_updated": "2026-09-02T14:53:21.535268+00:00"}, "geometry": {"coordinates": [[[[85.18930000000006, 19.470070000000078], [85.14228000000008, 19.451820000000055], [85.11938000000004, 19.47765000000004], [85.13124000000005, 19.548590000000047], [85.15166000000005, 19.57674000000003], [85.15057000000007, 19.611650000000054], [85.18314000000004, 19.62659000000008], [85.17854000100004, 19.660630000000026], [85.20995000000005, 19.67903000000007], [85.20731000000006, 19.717880000000036], [85.23206000000005, 19.752170000000035], [85.26793000000004, 19.780170000000055], [85.30226000000005, 19.79600000000005], [85.33898000000005, 19.806520000000035], [85.36739000000006, 19.83916000000005], [85.39981000000006, 19.855670000000032], [85.42846000000003, 19.88531000000006], [85.45130000000006, 19.912720000000036], [85.49158000000006, 19.920150000000035], [85.53094000000004, 19.94461000000007], [85.56252000000006, 19.92802000000006], [85.60093000000006, 19.926490000000058], [85.59955000000008, 19.870020000000068], [85.59091000000006, 19.817990000000066], [85.61131000000006, 19.78938000000005], [85.59523000000007, 19.756580000000042], [85.53159000000005, 19.723820000000046], [85.59163000000007, 19.713400000000036], [85.55786000000006, 19.682900000000075], [85.49540000000007, 19.650490000000048], [85.42983000000004, 19.623350000000073], [85.37289000000004, 19.594400000000064], [85.34389000000004, 19.575100000000077], [85.29494000000005, 19.54436000000004], [85.23409000000004, 19.502850000000024], [85.18930000000006, 19.470070000000078]]]], "type": "MultiPolygon", "geometries": null}}, {"type": "Feature", "properties": {"type": "MPA", "name": "Sundarban Wetland", "source": "WDPA/Protected Planet, WDPA_PID 555795276", "last_updated": "2026-09-02T14:53:21.543066+00:00"}, "geometry": {"coordinates": [[[[88.18853019700003, 21.423477131000027], [88.17481325400007, 21.456686571000034], [88.17264742100008, 21.47473518000004], [88.17048158800009, 21.497837399000048], [88.15820853400004, 21.52382739500007], [88.13943798100007, 21.551983225000072], [88.13727214800008, 21.57291961100003], [88.13871603600006, 21.601075441000035], [88.14449159100008, 21.620567938000022], [88.14250183100006, 21.637220383000056], [88.15389251700003, 21.655832291000024], [88.16903769900006, 21.67110404300007], [88.17625714300004, 21.65738710000005], [88.18058880900008, 21.63211904800005], [88.18997408500007, 21.60973877300006], [88.20008130600007, 21.59746571900007], [88.20777893100006, 21.60416412400008], [88.20083618200005, 21.620000839000056], [88.21018852700007, 21.633562937000022], [88.22029574800007, 21.650889601000074], [88.23110961900005, 21.645280838000076], [88.21630859400005, 21.627239227000075], [88.21945190400004, 21.61471939100005], [88.23055267300003, 21.60972023000005], [88.23040296900007, 21.59385599700005], [88.22679324700005, 21.58591461000003], [88.24222564700005, 21.59722137500006], [88.25422713200004, 21.60035349700007], [88.24416351300005, 21.580833435000045], [88.25666809100005, 21.560831070000063], [88.27361297600004, 21.559444427000074], [88.29104629400007, 21.575807389000033], [88.28527073900005, 21.590246276000073], [88.27371963000007, 21.602519330000064], [88.27805129600006, 21.624899604000063], [88.29682184900008, 21.666050432000077], [88.29104629400007, 21.68121126400007], [88.28382685100007, 21.694206262000023], [88.27916717500005, 21.716939926000066], [88.28415679900007, 21.750579834000064], [88.28250122100008, 21.767219543000067], [88.26484680200008, 21.756942749000075], [88.24772963300006, 21.774342085000058], [88.24325201900007, 21.78918428000003], [88.24203373700004, 21.799336622000055], [88.24487639300008, 21.811519433000058], [88.25259217400009, 21.818829120000032], [88.25990186000007, 21.82492052500004], [88.27086639000004, 21.830605837000064], [88.28264310700007, 21.835478961000035], [88.29279544900004, 21.836291149000033], [88.30010513600007, 21.834666774000027], [88.29029846200007, 21.823801041000024], [88.27110290500008, 21.818740845000036], [88.26139068600008, 21.811759949000077], [88.25056170500005, 21.80989505900004], [88.25194549600008, 21.79833412200003], [88.25443267800006, 21.791200638000078], [88.26390838600008, 21.787450790000037], [88.27980045100009, 21.781874594000044], [88.29287719700005, 21.774829865000072], [88.29523201200004, 21.75710287800007], [88.29766857400006, 21.727458038000066], [88.30723571800007, 21.723690033000025], [88.31675497800006, 21.72705194400004], [88.32365857000008, 21.72583366300006], [88.33015607000004, 21.720148352000024], [88.32833099400005, 21.710279465000042], [88.33027648900008, 21.703889847000028], [88.33249664300007, 21.702222824000046], [88.31513060300006, 21.701468042000045], [88.30829620400004, 21.70697021500007], [88.29631042500006, 21.706079483000053], [88.28944397000004, 21.70166778600003], [88.29555511500007, 21.69555473300005], [88.30805206300005, 21.69362449600004], [88.32244028900004, 21.69009741800005], [88.32947360700007, 21.688830255000028], [88.33632643800007, 21.684718557000053], [88.34454983500007, 21.677637298000036], [88.35414379900004, 21.667358051000065], [88.35871235300004, 21.656165094000073], [88.35807037400008, 21.64750099200006], [88.36990531000004, 21.646342702000027], [88.37538757500005, 21.642231004000053], [88.37493072000007, 21.631494902000043], [88.37675814100004, 21.625098926000078], [88.37470229200005, 21.61619024500004], [88.37470229200005, 21.60728156500005], [88.37972770100004, 21.604312005000054], [88.38589524900004, 21.60636785400004], [88.39137751400006, 21.611850119000053], [88.39685977900007, 21.61801766700006], [88.40371261000007, 21.622586221000063], [88.41627613400004, 21.62464207100004], [88.41422028500006, 21.63537817300005], [88.40508317700005, 21.644972136000035], [88.39868720100009, 21.654337672000054], [88.39777349000008, 21.669642328000066], [88.39823034500006, 21.685175412000035], [88.40462632100008, 21.693627237000044], [88.41513399600007, 21.701393779000057], [88.42455291700009, 21.709356308000054], [88.43990325900006, 21.70930481000005], [88.44215614700005, 21.736064028000044], [88.44367899800005, 21.74763769900005], [88.44824755200005, 21.769566758000053], [88.45190239600004, 21.78144499900003], [88.45916748000008, 21.791015625000057], [88.47535430700003, 21.803069488000062], [88.48510055500003, 21.810683745000063], [88.48479598500006, 21.823780267000075], [88.48083657200004, 21.828653391000046], [88.48181915300006, 21.835128784000062], [88.49111175500008, 21.83027839700003], [88.49888610800008, 21.819721222000055], [88.50946617700004, 21.80916089400006], [88.51007531800008, 21.803983199000072], [88.51921242600008, 21.81464315900007], [88.52225812900008, 21.824084837000044], [88.51616672300008, 21.828653391000046], [88.50276563100005, 21.832612805000053], [88.49454223400005, 21.841140772000074], [88.49030304000007, 21.853961945000037], [88.48144571200004, 21.872816081000053], [88.47687715800004, 21.881039478000048], [88.47741485600005, 21.893259890000024], [88.46563720700004, 21.896394730000054], [88.46614575600006, 21.904528990000074], [88.47315087200008, 21.91092496600004], [88.48716110500004, 21.91823465300007], [88.49386165100003, 21.927371761000074], [88.49386165100003, 21.945645977000027], [88.48533368300008, 21.950519101000054], [88.47893770800005, 21.95965621000005], [88.48198341000005, 21.972143591000076], [88.48655196400006, 21.97853956600005], [88.49903934500009, 21.986153823000052], [88.50401306200007, 21.98149108900003], [88.49419403100006, 21.971569061000025], [88.48716110500004, 21.963920193000035], [88.49723053000008, 21.956439972000055], [88.50993347200006, 21.95081520100007], [88.51714325000006, 21.944139481000036], [88.52281951900005, 21.93309974700003], [88.52188110400004, 21.92072105400007], [88.50916290300006, 21.910829544000023], [88.50389099100005, 21.904167175000055], [88.49497985800008, 21.883710861000054], [88.49694824200003, 21.87567901600005], [88.50886535600006, 21.867010117000063], [88.51918792700008, 21.85890007000006], [88.52614610000006, 21.860366301000056], [88.52492781900008, 21.871939971000074], [88.53345578600005, 21.881077079000022], [88.53436949700006, 21.89356446100004], [88.52827809200005, 21.902701569000044], [88.53223750500007, 21.90879297400005], [88.54557800300006, 21.904626846000042], [88.55394744900008, 21.902708054000072], [88.55751683800008, 21.90970668500006], [88.54228832400008, 21.917930082000055], [88.53558777800004, 21.924326058000077], [88.53619691900008, 21.947473399000046], [88.53193293500004, 21.959351639000033], [88.53041008400004, 21.97092531000004], [88.53750610400004, 21.978691101000038], [88.54725647000004, 21.973779678000028], [88.55447113500009, 21.967575037000074], [88.56025797000007, 21.958133358000055], [88.56513109500008, 21.967879607000043], [88.56604480500005, 21.984326402000022], [88.57609562400006, 21.991636088000064], [88.58645101400003, 21.991331518000038], [88.59193327900005, 22.005037180000045], [88.60167952700004, 22.01600171000007], [88.60838007300003, 22.029098232000024], [88.61690804100004, 22.040976472000068], [88.62873840300006, 22.05166053800008], [88.64279651400005, 22.057118697000078], [88.65999603300008, 22.057220459000064], [88.66750375000004, 22.06371173100007], [88.67816371000004, 22.06736657400006], [88.68943281000008, 22.067062004000036], [88.70471954300007, 22.065000534000035], [88.71248626700003, 22.059341431000064], [88.72232639900005, 22.06279802000006], [88.73054979700004, 22.074067120000052], [88.73511835100004, 22.081985947000078], [88.74334174800003, 22.089904774000047], [88.75430627800006, 22.09904188300004], [88.76831651000003, 22.11152926400007], [88.77562619700007, 22.116706958000066], [88.78750443800004, 22.127671488000033], [88.80583190900006, 22.13083076500004], [88.82362365700004, 22.130052567000064], [88.83349454900008, 22.11640238800004], [88.83897681400003, 22.10391500700007], [88.85146419500006, 22.09630075000007], [88.85968759200006, 22.089600204000078], [88.87430696500007, 22.09538703900006], [88.88984004900004, 22.09538703900006], [88.90385028200006, 22.099346453000067], [88.90780969500008, 22.101478445000055], [88.90628684400008, 22.11822981000006], [88.89471317300007, 22.134981175000064], [88.88344407300008, 22.151427969000054], [88.87863922100007, 22.167825699000048], [88.87491610600006, 22.176402732000042], [88.88070294100004, 22.181884997000054], [88.89411163300008, 22.17724227900004], [88.89842224100005, 22.17055511500007], [88.90602874800004, 22.17369270300003], [88.90994168700007, 22.180666716000076], [88.91201019300007, 22.185941696000043], [88.91815185500008, 22.184900284000037], [88.92284644200004, 22.185505999000043], [88.92619671500006, 22.190074553000045], [88.92528300400005, 22.196470529000067], [88.93381097200006, 22.19921166100005], [88.94264351000004, 22.199516231000075], [88.94538464200008, 22.20591220700004], [88.94355722100005, 22.214135604000035], [88.94112396200006, 22.22521019000004], [88.95500183100006, 22.216562271000043], [88.96122229700006, 22.20773962900006], [88.97348785400004, 22.20918464700003], [88.98650162900003, 22.212003612000046], [88.99858856200007, 22.210863113000073], [89.00081643200008, 22.190074553000045], [89.00447127500007, 22.170886626000026], [89.00964897000006, 22.162054088000048], [89.01756779700008, 22.14926213600006], [89.03682708700006, 22.140001297000026], [89.04010599700007, 22.12733307700006], [89.03005517800005, 22.116063977000067], [89.02016353800008, 22.097032721000062], [89.02865600600006, 22.067182541000022], [89.04611206100003, 22.038055420000035], [89.05319249200005, 22.013648149000062], [89.05427540800008, 21.976828987000033], [89.04194641100008, 21.945829391000075], [89.01788330100004, 21.92750549300007], [89.00608562300005, 21.915644204000046], [89.00500270700007, 21.88802983200003], [89.02754747900008, 21.864982576000045], [89.02754747900008, 21.84785045600006], [89.02088498800003, 21.82691119900005], [89.00717522400004, 21.802452688000074], [89.01327071300005, 21.781225548000066], [89.01768493700007, 21.762241364000033], [89.02342307900005, 21.750578090000033], [89.03801710700003, 21.73725310900005], [89.05484008800005, 21.724040985000045], [89.07485961900005, 21.687500000000057], [89.09497833300009, 21.651308060000076], [89.10193042000003, 21.633517711000025], [89.09922312900005, 21.620522712000025], [89.07540700700008, 21.59927715500004], [89.04130139900008, 21.575482545000057], [89.01036840600005, 21.56675785400006], [88.97150387600004, 21.54613585900006], [88.88663643400008, 21.507271329000048], [88.85253082600008, 21.493787717000032], [88.77876753500004, 21.508064483000055], [88.69152063100006, 21.53423855400007], [88.59713534500008, 21.512823405000063], [88.48133490900005, 21.492201410000064], [88.38377700800004, 21.549308474000043], [88.28225333800003, 21.516789173000063], [88.22673258100008, 21.47792464300005], [88.18853019700003, 21.423477131000027]]]], "type": "MultiPolygon", "geometries": null}}, {"type": "Feature", "properties": {"type": "MPA", "name": "Gulf of Mannar Marine Biosphere Reserve", "source": "WDPA/Protected Planet, WDPA_PID 555795353", "last_updated": "2026-09-02T14:53:21.545031+00:00"}, "geometry": {"coordinates": [[[[79.18611111100006, 9.166666666000026], [79.03472222300007, 9.166666667000072], [79.03472222200008, 9.218055556000024], [79.08527777700004, 9.234722222000073], [79.10277777700009, 9.234166667000068], [79.14027777800004, 9.221666667000022], [79.16805555500008, 9.218055555000035], [79.18611111100006, 9.166666666000026]]], [[[79.17916666600007, 9.194444444000055], [79.16805555600007, 9.241666666000071], [79.16805555600007, 9.243055556000058], [79.17916666600007, 9.250000000000057], [79.19305555500006, 9.25194444400006], [79.20277777800004, 9.252777777000063], [79.21944444400003, 9.250000000000057], [79.22361111100008, 9.250000000000057], [79.23611111100007, 9.252777778000052], [79.25000000000006, 9.251388889000054], [79.25000000000006, 9.223611111000025], [79.17916666600007, 9.194444444000055]]], [[[78.99583333300006, 9.222222222000028], [78.99583333300006, 9.166666667000072], [78.87500000000006, 9.166666666000026], [78.85833333300008, 9.155555556000024], [78.75000000000006, 9.123055556000054], [78.69444444500004, 9.125000000000057], [78.67222222200007, 9.154166666000037], [78.85833333300008, 9.205555555000046], [78.87500000000006, 9.223611111000025], [78.87916666700005, 9.222222222000028], [78.99583333300006, 9.222222222000028]]], [[[78.62222222200006, 9.104166667000072], [78.47500000000008, 9.041666666000026], [78.45555555600004, 9.093055555000035], [78.57777777800004, 9.120833333000064], [78.62222222200006, 9.104166667000072]]], [[[78.24166667000003, 8.81666666700005], [78.19166667000007, 8.81666666700005], [78.23333333000005, 8.950000000000045], [78.26250000000005, 8.975000000000023], [78.30833333000004, 8.925000000000068], [78.24166667000003, 8.81666666700005]]]], "type": "MultiPolygon", "geometries": null}}, {"type": "Feature", "properties": {"type": "MPA", "name": "Pichavaram Mangrove", "source": "WDPA/Protected Planet, WDPA_PID 555795363", "last_updated": "2026-09-02T14:53:21.545431+00:00"}, "geometry": {"coordinates": [[[[79.79703383300006, 11.452381808000041], [79.79709929100005, 11.452186979000032], [79.79736293000008, 11.451857429000029], [79.79779134400007, 11.451461970000025], [79.79834687000005, 11.450897029000032], [79.79966506700003, 11.44969652800006], [79.80052189400004, 11.448834993000048], [79.80146817100007, 11.44793108600004], [79.80271255300005, 11.446855355000025], [79.80337484900008, 11.44621272300003], [79.80431171000004, 11.445332356000051], [79.80543217700006, 11.444306046000065], [79.80552162600003, 11.444037699000035], [79.80555458100008, 11.443872924000061], [79.80579468100007, 11.443340937000073], [79.80619955600008, 11.442267549000064], [79.80634079100008, 11.441947415000072], [79.80643494800006, 11.441599035000024], [79.80657147500006, 11.441250654000044], [79.80680686800008, 11.440657466000062], [79.80703163000004, 11.439845946000048], [79.80747538200006, 11.438990889000024], [79.80778139200004, 11.438152892000062], [79.80825217600005, 11.436980639000069], [79.80856289400003, 11.436189721000062], [79.80900543100006, 11.43512104000007], [79.80902897100003, 11.434603177000042], [79.80896306100004, 11.434104145000049], [79.80876062300007, 11.433680439000057], [79.80875120800005, 11.43329910400007], [79.80879415200008, 11.432549315000074], [79.80876062300007, 11.43219276000002], [79.80874069000004, 11.431702592000022], [79.80876062300007, 11.43082277700006], [79.80853935500005, 11.43035670100005], [79.80819097400007, 11.429528120000043], [79.80820670000008, 11.428824361000068], [79.80827528800006, 11.428246428000023], [79.80833691700008, 11.428068688000053], [79.80845848500007, 11.42778198600007], [79.80861468000006, 11.427348388000041], [79.80865685600008, 11.427028538000059], [79.80876358700004, 11.426565068000059], [79.80883124100006, 11.426232628000037], [79.80890096500008, 11.425813638000022], [79.80890093300007, 11.425598144000048], [79.80891623600007, 11.425123015000054], [79.80892069000004, 11.424462478000066], [79.80895835300004, 11.423991694000051], [79.80902897100003, 11.423144282000067], [79.80909958800004, 11.421934366000073], [79.80911842000006, 11.421360008000022], [79.80910429600004, 11.421110493000072], [79.80909932500003, 11.420629426000062], [79.80906663300004, 11.420253665000075], [79.80901955500008, 11.419900576000032], [79.80883594900007, 11.41960398200007], [79.80861938800007, 11.41926972500005], [79.80834162500008, 11.418940176000035], [79.80820980600004, 11.418186921000029], [79.80809230200003, 11.417605145000039], [79.80805444700007, 11.417466621000074], [79.80802149200008, 11.417283015000066], [79.80800736800006, 11.41703349900007], [79.80797441300007, 11.41669924200005], [79.80794145800007, 11.416346153000063], [79.80780963900008, 11.416106053000021], [79.80726823700007, 11.414985586000057], [79.80718349500006, 11.414754902000027], [79.80699988900005, 11.414477139000041], [79.80683511500007, 11.413865119000036], [79.80664680100006, 11.413361380000026], [79.80633744100004, 11.412357292000024], [79.80616189300008, 11.411487657000066], [79.80610069100004, 11.411384085000066], [79.80605832000003, 11.411219310000035], [79.80604890500007, 11.410993333000022], [79.80597828700007, 11.410701447000065], [79.80595474800003, 11.41056492000007], [79.80586529900006, 11.410291865000033], [79.80575763200005, 11.410068440000032], [79.80565815300008, 11.409665721000067], [79.80562793700005, 11.409497204000047], [79.80562049100007, 11.40939266600003], [79.80558986000005, 11.409210174000066], [79.80556870400005, 11.409105488000023], [79.80553646000004, 11.40892294200006], [79.80551221000007, 11.408766523000054], [79.80542199600006, 11.408466292000071], [79.80538980600005, 11.408130964000065], [79.80526943100006, 11.407376070000055], [79.80511204300007, 11.407245889000023], [79.80475424700006, 11.407340046000058], [79.80441482000003, 11.407527740000035], [79.80408102500007, 11.407580146000043], [79.80387388000008, 11.407646056000033], [79.80372322900007, 11.407730797000056], [79.80346757100006, 11.407817753000074], [79.80339368000006, 11.407843785000068], [79.80329952300008, 11.40789557100004], [79.80307354600006, 11.407966189000035], [79.80266867200004, 11.40806034600007], [79.80225438100007, 11.408234536000066], [79.80200957300008, 11.408338109000056], [79.80178830500006, 11.408441681000056], [79.80150112600006, 11.408559378000064], [79.80123748700004, 11.408738276000065], [79.80106329700004, 11.40880889300007], [79.80078082600005, 11.408983084000056], [79.80018763700008, 11.409364419000042], [79.79953795500006, 11.409665721000067], [79.79915191100008, 11.409901113000046], [79.79857284700006, 11.410225955000044], [79.79699101100005, 11.411657140000045], [79.79643077700007, 11.412306822000062], [79.79606066100007, 11.413166807000039], [79.79507021000006, 11.414138174000072], [79.79454293100008, 11.41449126200007], [79.79395547700005, 11.414029984000024], [79.79366256400004, 11.414029894000066], [79.79336306300007, 11.414372582000055], [79.79286543800004, 11.414899392000052], [79.79285780000004, 11.414916943000037], [79.79267862400008, 11.415023249000058], [79.79249031100005, 11.415169192000064], [79.79294226400003, 11.415611730000023], [79.79234109500004, 11.416259517000071], [79.79202894200006, 11.416445018000047], [79.79161935900004, 11.416162547000056], [79.79121448500007, 11.415955402000066], [79.79084256500005, 11.416656871000043], [79.79032941000008, 11.417405419000033], [79.78970797400007, 11.418201044000057], [79.78901592100004, 11.419175568000071], [79.78838489000003, 11.42012353900003], [79.78781542000007, 11.42089393200007], [79.78697742400004, 11.42228745400007], [79.78643131400008, 11.423130158000049], [79.78584283300006, 11.424081143000024], [79.78567805900008, 11.424396569000066], [79.78521198200008, 11.424824983000065], [79.78446343500008, 11.42541346300004], [79.78428603400005, 11.425546474000043], [79.78416592800005, 11.425660640000046], [79.78411505400004, 11.425653563000026], [79.78408467300005, 11.425649486000054], [79.78314523800003, 11.425728889000027], [79.78247672400005, 11.42577596700005], [79.78258867900007, 11.425042594000047], [79.78258971200006, 11.424749657000064], [79.78278744200009, 11.423798672000032], [79.78320173200007, 11.422113264000075], [79.78349361900007, 11.421906119000028], [79.78385141500007, 11.421764883000037], [79.78435044600008, 11.421435334000023], [79.78530143100005, 11.421021044000042], [79.78540500400004, 11.420795067000029], [79.78553682300003, 11.420154800000034], [79.78570630600007, 11.419806420000043], [79.78593228200003, 11.419335635000039], [79.78613942700008, 11.418987255000047], [79.78638423500007, 11.418554133000043], [79.78674203200006, 11.417895034000026], [79.78761295700008, 11.417036024000026], [79.78782483600008, 11.416652163000037], [79.78835509600003, 11.415962562000061], [79.78849296600004, 11.415744649000032], [79.78848358900007, 11.415519317000076], [79.78835211500007, 11.41540929200005], [79.78816500500005, 11.415391914000054], [79.78799735000007, 11.41550350600005], [79.78784855200007, 11.415633358000036], [79.78768109400005, 11.415781665000054], [79.78747661600005, 11.416022522000048], [79.78729069700006, 11.416226282000025], [79.78704918600005, 11.416504049000025], [79.78684505000007, 11.416781903000071], [79.78586637200004, 11.417443081000044], [79.78565451900005, 11.417537238000023], [79.78545208200006, 11.417650227000024], [79.78471765800003, 11.417970360000027], [79.78460467000008, 11.418083348000039], [79.78383258300005, 11.418497639000066], [79.78335422000004, 11.418990284000074], [79.78252345300007, 11.419510629000058], [79.78089669700006, 11.42070957900006], [79.77923798000006, 11.422573819000036], [79.77881764400007, 11.42366168500007], [79.77827732600008, 11.424373029000037], [79.77903058100003, 11.424956802000054], [79.77886109900004, 11.425615901000072], [79.77822083200004, 11.42612434800003], [79.77722276900005, 11.426576301000068], [79.77588689300006, 11.42668797500005], [79.77475079700008, 11.42672890600005], [79.77436179100005, 11.42701110300004], [79.77372213300004, 11.42690936200006], [79.77307967200005, 11.42628258800005], [79.77204502800004, 11.425342368000031], [79.77108314300006, 11.424752268000077], [79.76997786000004, 11.423882449000075], [79.76904963300007, 11.422941948000073], [79.76861747300006, 11.421788743000036], [79.76804345400006, 11.420671293000055], [79.76794447100008, 11.420450093000056], [79.76783000600005, 11.420602354000039], [79.76695966600005, 11.420757404000028], [79.76669872800005, 11.421518492000075], [79.76709518100006, 11.422636864000026], [79.76805816900008, 11.423437388000025], [79.76891392000005, 11.424133114000028], [79.77017983200005, 11.424824983000065], [79.77114023300004, 11.425615901000072], [79.77236427300005, 11.426425650000056], [79.77365279000009, 11.427224919000025], [79.77469936400007, 11.427593195000043], [79.77569742700007, 11.428101643000048], [79.77703445500003, 11.428704247000042], [79.77833382000006, 11.429193863000023], [79.77974617400008, 11.42960815300006], [79.78215659100005, 11.429834130000074], [79.78213775900008, 11.428949055000032], [79.78242023000007, 11.428854898000054], [79.78306049700006, 11.429796467000074], [79.78457691400007, 11.429754477000074], [79.78459479200006, 11.42972388000004], [79.78459996200007, 11.429862377000063], [79.78459996200007, 11.430149555000071], [79.78464233300008, 11.431227652000075], [79.78466116400006, 11.432042109000065], [79.78462408700005, 11.432508238000025], [79.78479769200004, 11.433816967000041], [79.78491538800006, 11.434410155000023], [79.78499788500005, 11.434801048000054], [79.78432690700004, 11.436123811000073], [79.78367034700005, 11.43753997300007], [79.78331942800008, 11.438303543000075], [79.78286925600008, 11.43945962600003], [79.78273094800005, 11.439781807000031], [79.78255204900006, 11.440163142000074], [79.78237785900006, 11.440591556000072], [79.78222720800005, 11.440963476000036], [79.78214717500003, 11.441184744000054], [79.78202477100007, 11.44139659700005], [79.78195886100008, 11.441650821000053], [79.78178937900003, 11.441970955000045], [79.78141208000005, 11.442891749000069], [79.78087025100007, 11.443999179000059], [79.78084181700007, 11.444064569000034], [79.78082470200007, 11.444104199000037], [79.78072340200004, 11.444468221000022], [79.78063595700007, 11.444616764000045], [79.78057004700008, 11.444805077000069], [79.78047118200004, 11.445026346000077], [79.78033465400006, 11.445228783000061], [79.78020754300007, 11.445520670000064], [79.78019905500008, 11.445540202000075], [79.78019406500005, 11.445571013000063], [79.78010867800003, 11.44579843300005], [79.77985916200004, 11.446283341000026], [79.77958857900006, 11.447025089000022], [79.77930996400005, 11.447545939000065], [79.77892700900009, 11.448585477000051], [79.77879989700006, 11.448797330000048], [79.77872689800006, 11.449002416000042], [79.77871044800008, 11.449032722000027], [79.77815963000006, 11.449917797000069], [79.77759468900007, 11.450991186000067], [79.77692617500009, 11.452186979000032], [79.77635181700003, 11.453279199000065], [79.77580570700007, 11.454220768000027], [79.77529545600004, 11.45509007100003], [79.77511355500008, 11.455407910000076], [79.77446867900005, 11.456376961000046], [79.77371542400005, 11.457497428000067], [79.77374975000004, 11.457904388000031], [79.77370600800003, 11.458702636000055], [79.77371542400005, 11.459248746000071], [79.77372484000006, 11.460444539000036], [79.77380256400005, 11.462956231000021], [79.77366834500003, 11.464116658000023], [79.77376250300006, 11.46553842700007], [79.77387549100007, 11.466479996000032], [79.77464757700005, 11.465218294000067], [79.77525779100006, 11.46518388100003], [79.77636112700003, 11.465495013000066], [79.77769380000007, 11.465759469000034], [79.78022054700006, 11.466108332000033], [79.78141486300007, 11.466237929000044], [79.78270132800003, 11.466457697000067], [79.78380433200005, 11.466678139000066], [79.78472285300006, 11.466763697000033], [79.78591057000006, 11.465671224000062], [79.78773708000006, 11.463896421000072], [79.79052402400004, 11.461437586000045], [79.79148310500005, 11.460527339000066], [79.79239719100008, 11.45979836500004], [79.79523027600004, 11.457384440000055], [79.79536569100003, 11.456976175000023], [79.79691568500004, 11.452549483000041], [79.79703383300006, 11.452381808000041]]]], "type": "MultiPolygon", "geometries": null}}, {"type": "Feature", "properties": {"type": "MPA", "name": "Thane Creek", "source": "WDPA/Protected Planet, WDPA_PID 555795371", "last_updated": "2026-09-02T14:53:21.545873+00:00"}, "geometry": {"coordinates": [[[[72.92735360600005, 19.095570743000053], [72.92913532900008, 19.099990327000057], [72.93006842900007, 19.10237527700008], [72.93069734000005, 19.10220825500005], [72.93124037500007, 19.102070523000066], [72.93164131100008, 19.102264141000035], [72.93235241900004, 19.102194336000025], [72.93290505100003, 19.102063474000033], [72.93341225100005, 19.102128093000033], [72.93366035300005, 19.102430726000023], [72.93392809300008, 19.103551021000044], [72.93418309800006, 19.104249539000023], [72.93391733100003, 19.105041011000026], [72.93415261000007, 19.106897426000046], [72.93476740100004, 19.108138304000022], [72.93674772500003, 19.107557635000035], [72.93876652100005, 19.106904573000065], [72.94088929000003, 19.111423174000038], [72.94115599100007, 19.11268787700004], [72.94099536400006, 19.113092350000045], [72.94078445600007, 19.113369266000063], [72.94077256700007, 19.113677247000055], [72.94061797600006, 19.113722550000034], [72.93982181100006, 19.11347109600007], [72.93962145200004, 19.11350027000003], [72.93796155700005, 19.113340579000067], [72.93755126400004, 19.113397596000027], [72.93755235100008, 19.11349974500007], [72.93795292000004, 19.113577848000034], [72.93853780100005, 19.113661035000064], [72.93896133800007, 19.11372965100003], [72.93956956000005, 19.113867157000072], [72.93996257800006, 19.113911504000043], [72.94049720200007, 19.11399042000005], [72.94091149700006, 19.114282349000064], [72.94153617900008, 19.114598865000062], [72.94165769600005, 19.11492442800005], [72.94149640500007, 19.115043866000065], [72.94153211000008, 19.11533024700003], [72.94165999500007, 19.11552651200003], [72.94170292700005, 19.11606100700004], [72.94189927100007, 19.116060943000036], [72.94198808400006, 19.116377664000026], [72.94301679700004, 19.116318427000067], [72.94310324800006, 19.116723837000052], [72.94290564700003, 19.116801527000064], [72.94280460300007, 19.117133582000065], [72.94284274700004, 19.117316429000027], [72.94264188100004, 19.117622495000035], [72.94236756800007, 19.11870712800004], [72.94227447300005, 19.118755012000065], [72.94224802000008, 19.118862702000058], [72.94214769800004, 19.11891727400007], [72.94208640300008, 19.11930993800007], [72.94225991200005, 19.119434419000072], [72.94212579800006, 19.12067472600006], [72.94195213800003, 19.120745529000033], [72.94197453400005, 19.121311696000078], [72.94209744400007, 19.12146276200008], [72.94208110100004, 19.122281919000045], [72.94187982800008, 19.12248497400003], [72.94164889400008, 19.123154172000056], [72.94067932900003, 19.123513048000063], [72.93900223100007, 19.12276563100005], [72.93855274000003, 19.122503145000053], [72.93838702000005, 19.12223117900004], [72.93807312900003, 19.122121837000066], [72.94044721100005, 19.12752454400004], [72.94057628100006, 19.127534295000032], [72.94078357100005, 19.127070202000027], [72.94113437700008, 19.126496318000022], [72.94185349800006, 19.125747819000026], [72.94274239800006, 19.122483685000077], [72.94342289200006, 19.12031138800006], [72.94351734900005, 19.12025150000005], [72.94387197300006, 19.120179902000075], [72.95156845400004, 19.120514067000045], [72.95203659500004, 19.120380546000035], [72.95557865300003, 19.120452928000077], [72.95568904100008, 19.121948512000074], [72.95598298000004, 19.122485182000048], [72.95636065600007, 19.123148663000052], [72.95710181300007, 19.123612666000042], [72.95726909400008, 19.12491629300007], [72.95616026800008, 19.125728588000072], [72.95582833300006, 19.126838716000066], [72.95390380900005, 19.127011780000032], [72.95154292800004, 19.12753327100006], [72.94999687200004, 19.127808811000023], [72.94440028600008, 19.128196209000066], [72.94333269500004, 19.128072994000036], [72.94322534600008, 19.129748926000048], [72.94328298100004, 19.132432116000075], [72.94660476900003, 19.13767643500006], [72.94829895800007, 19.140458281000065], [72.95187246100005, 19.146290659000044], [72.95510528900007, 19.151428064000072], [72.95569474200005, 19.151122188000045], [72.95708279100006, 19.15082073900004], [72.95894395700003, 19.150465026000063], [72.96192701800004, 19.148749613000064], [72.96210919400005, 19.148749543000065], [72.96274344500006, 19.14847010400007], [72.96270516600003, 19.146316632000037], [72.96176793300003, 19.145353447000048], [72.96050413600005, 19.145061227000042], [72.96049676500007, 19.144230624000045], [72.96053423400008, 19.143675219000045], [72.95833390300004, 19.14282987100006], [72.95712805200003, 19.14230573100002], [72.95753212600005, 19.141338907000033], [72.95796425300006, 19.140350924000074], [72.95801912600007, 19.140217197000027], [72.96420068600008, 19.142584184000043], [72.96354304300007, 19.144468851000056], [72.96343738500008, 19.144746226000052], [72.96330696600006, 19.144858243000044], [72.96307513300007, 19.144878290000065], [72.96301966800007, 19.144904541000074], [72.96307476200008, 19.14496180200007], [72.96307901200004, 19.14514837100006], [72.96335128200008, 19.14518783400007], [72.96458378800008, 19.145390571000064], [72.96440927600008, 19.14634974200004], [72.96282593800004, 19.146103397000047], [72.96286616700007, 19.147455638000054], [72.96286838100008, 19.148565509000036], [72.96270953100003, 19.148630939000043], [72.96209712600006, 19.148882161000074], [72.96187649600006, 19.148869199000046], [72.96028563700008, 19.14984917700008], [72.95888220300003, 19.150623169000028], [72.95712724200007, 19.150877570000034], [72.95587611500008, 19.151137170000027], [72.95538709700008, 19.151538822000077], [72.95527450400004, 19.151737834000073], [72.95570269900003, 19.15238772300006], [72.95666451400007, 19.153797385000075], [72.95738213600004, 19.15490103600007], [72.95818720800008, 19.15609092400007], [72.95905819500007, 19.157379312000046], [72.95987789200007, 19.158585841000047], [72.96104463900008, 19.16030749300006], [72.96204970100007, 19.161731348000046], [72.96242830400007, 19.16226226300006], [72.96270920000006, 19.162129977000063], [72.96295661000005, 19.162531167000054], [72.96279479200007, 19.162722906000056], [72.96335498000008, 19.162868659000026], [72.96386330500007, 19.163265710000076], [72.96425055100008, 19.163461710000036], [72.96455355700004, 19.164016899000046], [72.96479270400005, 19.16389429800006], [72.96516766700006, 19.163806744000055], [72.96545633700003, 19.163836029000038], [72.96545136400005, 19.163967956000022], [72.96724821400005, 19.16531333100005], [72.96908872900008, 19.166978409000023], [72.96993600700006, 19.167820219000077], [72.97065120500008, 19.167709306000063], [72.97051988000004, 19.167346073000033], [72.97058647400007, 19.167028402000028], [72.97078302200003, 19.166987814000038], [72.97100969900004, 19.167052203000026], [72.97136750600004, 19.16749216200003], [72.97156473600006, 19.167731282000034], [72.97265094400007, 19.168139191000023], [72.97306873600007, 19.16830784800004], [72.97314872800007, 19.168425941000066], [72.97315249200005, 19.16867931400003], [72.97287603300003, 19.168810269000062], [72.97219887200004, 19.169073172000026], [72.97181412300006, 19.169539987000064], [72.97132806600007, 19.170038125000076], [72.97084074400004, 19.170105078000063], [72.97025614100005, 19.170161173000054], [72.96988305500008, 19.170294628000022], [72.96952835300004, 19.17066987100003], [72.96911539600006, 19.17086566000006], [72.96889305100007, 19.17072452800005], [72.96877804900004, 19.170441740000058], [72.96872806400006, 19.170086126000058], [72.96866138600006, 19.169951635000075], [72.96856539000004, 19.16984784600004], [72.96841848000008, 19.16973159400004], [72.96825123600007, 19.169703739000056], [72.96810698800005, 19.169698448000076], [72.96801365800007, 19.169859771000063], [72.96778089200006, 19.170135877000064], [72.96796067100007, 19.170395196000072], [72.96828937800007, 19.17014776700006], [72.96847523200006, 19.17021812200005], [72.96847740400005, 19.170546881000064], [72.96870621300008, 19.17101284000006], [72.96899417700007, 19.171277022000027], [72.96976075100008, 19.17086062900006], [72.97046181900004, 19.170447913000032], [72.97085345900007, 19.170413692000068], [72.97132796300008, 19.170345863000023], [72.97138775300004, 19.170731698000054], [72.97146694000008, 19.171006746000046], [72.97170598000008, 19.170922501000064], [72.97175814000008, 19.17071639200003], [72.97178042400003, 19.170565724000028], [72.97161666300008, 19.170398930000033], [72.97169180700007, 19.170160758000065], [72.97181111000003, 19.170081639000045], [72.97194888500007, 19.169980636000048], [72.97210251200005, 19.16978762900004], [72.97226014000006, 19.169695385000068], [72.97304982800006, 19.169208592000075], [72.97315031400007, 19.16928572200004], [72.97342516900005, 19.169180291000032], [72.97372076000005, 19.168966992000037], [72.97389667300007, 19.168772215000047], [72.97399766600006, 19.168590883000036], [72.97408695400003, 19.16839731500005], [72.97442948700007, 19.168432578000022], [72.97469703000007, 19.168675094000037], [72.97490948200004, 19.168970521000062], [72.97493629600007, 19.16916526800003], [72.97507262300007, 19.169249791000027], [72.97528025400004, 19.169383133000053], [72.97545273100008, 19.16956570800005], [72.97561962900005, 19.16995213000007], [72.97588632400004, 19.170043356000065], [72.97608920800008, 19.170111576000068], [72.97583734300008, 19.170702026000072], [72.97603985000006, 19.171048048000046], [72.97615670500005, 19.171366630000023], [72.97606692700003, 19.171695214000067], [72.97579456500006, 19.17214388600007], [72.97590319700004, 19.17263813900007], [72.97540712700004, 19.173215437000067], [72.97608897100008, 19.17360041300003], [72.97387847200008, 19.17649442000004], [72.97447954400008, 19.177701866000064], [72.97493166800007, 19.17892839700005], [72.97556459600008, 19.180223751000028], [72.97654083700007, 19.181013439000026], [72.97939250500008, 19.180432676000066], [72.97924147500004, 19.179437149000023], [72.98091656200006, 19.179158014000052], [72.98097471700004, 19.179385007000064], [72.98111963500008, 19.180032296000036], [72.98102349700008, 19.18033801000007], [72.98115501700005, 19.180833977000077], [72.98036187600007, 19.18104640000007], [72.98043638400003, 19.181288605000077], [72.98122477700008, 19.18113241900005], [72.98131655300006, 19.181552526000075], [72.98157938900005, 19.181474089000062], [72.98176445500008, 19.181410800000037], [72.98183960100005, 19.181500253000024], [72.98222162200005, 19.18135021300003], [72.98238501100008, 19.181652107000048], [72.98264482100006, 19.182024632000036], [72.98273904500007, 19.18223689200005], [72.98257892300006, 19.182637382000053], [72.98251405500008, 19.18269310900007], [72.98193049600007, 19.183228279000048], [72.98152447100006, 19.183613691000062], [72.98111706100008, 19.184100503000025], [72.98124035200004, 19.18414371700004], [72.98119078000008, 19.184283871000048], [72.98096935800004, 19.184241409000037], [72.98090752700006, 19.184633692000034], [72.98099707900008, 19.184984893000035], [72.98113555200007, 19.185046914000054], [72.98106551900008, 19.185726875000057], [72.98093022300003, 19.18596339000004], [72.98096445700008, 19.18617800800007], [72.98090127500006, 19.18707385400006], [72.98102515000005, 19.18721289700005], [72.98100367200004, 19.187472843000023], [72.98123557300005, 19.187530458000026], [72.98466434400007, 19.188464026000077], [72.98599826300006, 19.188833155000054], [72.98644525100008, 19.188104053000075], [72.98682033400007, 19.186261342000023], [72.98715286100008, 19.185564101000068], [72.98721170600004, 19.18570330500006], [72.98743430100006, 19.185751408000044], [72.98740619700004, 19.185526138000057], [72.98721605200006, 19.185399377000067], [72.98726018400004, 19.185329009000043], [72.98781511200008, 19.18528912900007], [72.98765582900006, 19.184536372000025], [72.98787023500006, 19.184498735000034], [72.98795965100004, 19.184322682000072], [72.98807717400007, 19.18435352800003], [72.98818595000006, 19.184157362000064], [72.98822885400006, 19.18405015700006], [72.98823670600007, 19.18404132300003], [72.98834732900008, 19.184017849000043], [72.98838874900008, 19.183876293000026], [72.98844538000003, 19.183735827000078], [72.98837485100006, 19.183713563000026], [72.98837794600007, 19.183533219000026], [72.98841599800005, 19.183462853000037], [72.98837519500006, 19.18342450700004], [72.98835688700007, 19.183445369000026], [72.98830436400004, 19.183386519000067], [72.98837664800004, 19.18313690900004], [72.98841825300008, 19.18311761900003], [72.98851850500006, 19.183124059000022], [72.98859655700005, 19.183079345000067], [72.98857422200007, 19.182890351000026], [72.98855628300004, 19.18281259500003], [72.98849416500008, 19.18283335900003], [72.98822649900006, 19.182750913000064], [72.98807824600004, 19.182701747000067], [72.98806504400005, 19.18265325400006], [72.98806380800005, 19.182572006000044], [72.98813827900005, 19.182558191000055], [72.98811462200007, 19.18230786500004], [72.98806291400007, 19.182219072000066], [72.98796170400004, 19.182264435000036], [72.98793825700005, 19.182180696000046], [72.98781055600006, 19.18176191200007], [72.98780463800006, 19.18175595500003], [72.98777617700006, 19.181653235000056], [72.98774142300005, 19.181638788000043], [72.98764145800004, 19.18158157000005], [72.98762012900005, 19.18150019500007], [72.98769829800005, 19.18130585700004], [72.98769570000007, 19.181187110000053], [72.98767820600006, 19.181121761000043], [72.98767289500006, 19.181116786000075], [72.98748531100006, 19.180999512000028], [72.98727710500003, 19.180897274000074], [72.98710138900003, 19.18045939800004], [72.98710091500004, 19.17997594700006], [72.98717159200004, 19.179340140000022], [72.98740447000006, 19.179333430000042], [72.98744372400006, 19.17923965700004], [72.98735482500007, 19.179206400000055], [72.98720114400004, 19.17912711200006], [72.98733552200008, 19.179074683000067], [72.98781887200005, 19.179306582000038], [72.98783777000006, 19.17912061000004], [72.98762444300007, 19.179009610000037], [72.98724048000008, 19.178779245000044], [72.98724537400005, 19.178529225000034], [72.98706617200008, 19.177993375000028], [72.98674201100005, 19.177510306000045], [72.98660714300007, 19.177288562000058], [72.98647146000008, 19.176982103000057], [72.98619787800004, 19.176778039000055], [72.98616071900005, 19.176695856000038], [72.98609078200008, 19.176670595000076], [72.98597139300006, 19.176705979000076], [72.98585359900005, 19.176628091000055], [72.98546540000007, 19.17578843600006], [72.98543537100005, 19.175605191000045], [72.98558284100005, 19.175421569000036], [72.98553782300007, 19.175328308000076], [72.98552409700005, 19.17519636000003], [72.98546849800005, 19.175041846000056], [72.98556278200004, 19.174899569000047], [72.98545568900005, 19.174843776000046], [72.98553714600007, 19.174677435000035], [72.98557548400004, 19.174569958000063], [72.98584475800004, 19.17463168100005], [72.98609061800005, 19.17452583000005], [72.98654104500008, 19.174506783000027], [72.98650196700004, 19.17418236800006], [72.98627232900003, 19.17412517300005], [72.98562541600006, 19.17410168200007], [72.98544069600007, 19.174095522000073], [72.98537638600004, 19.173956616000055], [72.98514748900004, 19.17358245300005], [72.98479494400004, 19.173183429000062], [72.98444095000008, 19.17204510600004], [72.98452910500004, 19.171550384000057], [72.98478215700004, 19.171128328000066], [72.98489392700003, 19.170525504000068], [72.98504287900005, 19.170308043000034], [72.98511895400003, 19.17025161500004], [72.98537565100008, 19.17019199400005], [72.98591765600008, 19.170224473000076], [72.98631589200005, 19.170232503000022], [72.98652971100006, 19.170198836000054], [72.98919984500003, 19.170738394000068], [72.98970207700006, 19.170834141000057], [72.99100964000007, 19.17088898700007], [72.99104528700008, 19.16939399200004], [72.99105929400008, 19.167992078000054], [72.99078445900005, 19.167627612000047], [72.99028184900004, 19.16721732800005], [72.98921819200007, 19.16614026600007], [72.98911439400007, 19.16583827200003], [72.98900605600005, 19.16326179400005], [72.98893066100004, 19.161407267000072], [72.98920905000006, 19.160508212000025], [72.98972236800006, 19.159855035000078], [72.99057233500008, 19.159070259000032], [72.99224920200004, 19.15777787600007], [72.99221053300005, 19.157733148000034], [72.99170878000007, 19.15724229600005], [72.99167440300005, 19.156630241000073], [72.99184764300003, 19.156540478000068], [72.99190721600007, 19.156536954000046], [72.99202003200008, 19.156519332000073], [72.99219416400007, 19.156526436000036], [72.99225969400004, 19.15657982500005], [72.99247721000006, 19.15661016000007], [72.99286080600007, 19.156656766000026], [72.99309357300007, 19.156730479000032], [72.99317227200004, 19.156401622000033], [72.99309579500004, 19.15546870000003], [72.99032602700004, 19.155683389000046], [72.98971920700006, 19.155390097000065], [72.98980505300005, 19.15426649400007], [72.99085085800004, 19.15397142200004], [72.99293041400006, 19.15384281000007], [72.99282588800008, 19.151929879000022], [72.99279273000008, 19.15158385700005], [72.99185269700007, 19.15163734300006], [72.99108512700008, 19.151668164000057], [72.98957512900006, 19.151657314000033], [72.98945171800005, 19.15172371500006], [72.98731655900008, 19.155032687000073], [72.98516726800005, 19.153811461000032], [72.98492368500007, 19.15366524800004], [72.98514564500005, 19.153168420000043], [72.98525823300008, 19.15296961400003], [72.98547926600008, 19.152570643000047], [72.98571277800005, 19.15227778700006], [72.98601320800003, 19.151809786000058], [72.98663643900005, 19.15074840500006], [72.98636466400006, 19.150643777000028], [72.98617736700004, 19.150163831000043], [72.98431791000007, 19.150480020000032], [72.98429861100004, 19.150218712000026], [72.98425075100005, 19.14997144800003], [72.98426275100007, 19.14990356000004], [72.98532690700006, 19.149695232000056], [72.98497085500003, 19.14784220300004], [72.98504731400004, 19.147732683000072], [72.98519795900006, 19.147604736000062], [72.98530736300006, 19.14768243800006], [72.98548998000007, 19.14776854200005], [72.98552266700005, 19.147914026000024], [72.98591772800006, 19.148044905000063], [72.98645549500003, 19.148135719000038], [72.98668083500007, 19.148644483000055], [72.98685798700006, 19.14897767700006], [72.98702114400004, 19.149090294000075], [72.98698855400005, 19.14861637300004], [72.98699206000003, 19.14828373000006], [72.98702123600003, 19.148053650000065], [72.98559221100004, 19.145911530000035], [72.98474136700008, 19.144676810000078], [72.98464763400005, 19.144097135000038], [72.98434882600003, 19.14228703400005], [72.98365398000004, 19.140324415000066], [72.98374585100004, 19.139739813000062], [72.98383881400008, 19.139125963000026], [72.98379724100005, 19.138083418000065], [72.98376816100006, 19.137680400000022], [72.98395459700004, 19.137219019000042], [72.98423514400008, 19.137194530000045], [72.98471703100006, 19.13630243800003], [72.98510963500007, 19.136021242000027], [72.98568047200007, 19.136075204000065], [72.98596726000005, 19.13634373900004], [72.98634056100008, 19.137099358000057], [72.98656916200008, 19.137437422000062], [72.98667380000006, 19.137827723000044], [72.98672654200004, 19.138128378000033], [72.98698983700007, 19.13933392900003], [72.98806863700008, 19.14250370900004], [72.98866760100003, 19.14274461900004], [72.98908698000008, 19.14255611300007], [72.98932772400008, 19.142404137000028], [72.98972737200006, 19.142226578000077], [72.99005017600007, 19.14207323100004], [72.99074777200008, 19.14173124000007], [72.99218444300004, 19.14145076400007], [72.99266707700008, 19.14166786800007], [72.99586772100008, 19.14192482800007], [72.99595318000007, 19.138219953000032], [72.99595161600007, 19.136996760000045], [72.99606549000003, 19.13645219400007], [72.99617395800004, 19.136058391000063], [72.99630156400008, 19.135778435000077], [72.99624419400004, 19.135544045000074], [72.99624186400007, 19.135139004000052], [72.99597624300003, 19.134451114000058], [72.99560748700003, 19.134341249000045], [72.99457035200004, 19.13457134600003], [72.99420060200003, 19.134378041000048], [72.99383484100008, 19.134348458000034], [72.99372878900004, 19.133533751000073], [72.99365911700005, 19.133183963000022], [72.99328378300004, 19.133212515000025], [72.99313898300005, 19.13316386300005], [72.99271295300008, 19.13301102500003], [72.99249496100003, 19.132549074000053], [72.99237955000007, 19.132068755000034], [72.99241062200008, 19.13185786400004], [72.99271466800008, 19.131531574000064], [72.99301267000004, 19.131289855000034], [72.99318311600007, 19.130525716000022], [72.99347486700003, 19.130499633000056], [72.99348401000003, 19.130139093000025], [72.99360171900008, 19.130056925000076], [72.99408709500005, 19.12838326900004], [72.99405295100007, 19.12824391600003], [72.99349304400005, 19.127848305000043], [72.99299839600008, 19.127886712000077], [72.99263595400004, 19.127959361000023], [72.99205717600006, 19.128353995000055], [72.99164834900006, 19.128475021000042], [72.99001257000003, 19.12802896000005], [72.98927577700005, 19.127830241000026], [72.98880139900007, 19.127588321000076], [72.98868907600007, 19.127050225000062], [72.98862127900003, 19.126973306000025], [72.98860863100003, 19.126865526000074], [72.98846493000008, 19.126605047000055], [72.98826439800007, 19.12616160600004], [72.98806277100005, 19.125546935000045], [72.98774615800005, 19.124667635000037], [72.98768749500005, 19.12444867000005], [72.98761118700008, 19.12425993000005], [72.98747144300006, 19.123923035000075], [72.98698630400008, 19.12299932800005], [72.98694194700005, 19.122792016000062], [72.98689601500007, 19.122613414000057], [72.98680611000003, 19.122262860000035], [72.98677876000005, 19.122115308000048], [72.98695633800008, 19.121460785000068], [72.98711369400007, 19.120941620000053], [72.98718973500007, 19.120626214000026], [72.98723786300008, 19.12049309300005], [72.98695571900004, 19.120010948000072], [72.98667024000008, 19.11963005800004], [72.98665155500004, 19.119414368000037], [72.98671357500007, 19.11919223600006], [72.98693997300006, 19.119063519000065], [72.98729684500006, 19.119161830000053], [72.98770501200005, 19.11937180800004], [72.98824777400006, 19.119632383000067], [72.98854532400003, 19.119325969000045], [72.98870595600005, 19.11912066700006], [72.98893644400005, 19.118768699000043], [72.98901002700006, 19.117126634000044], [72.98841880800006, 19.115599260000067], [72.98843490900003, 19.115299640000046], [72.98855481400005, 19.11502100200005], [72.98877062300005, 19.114780274000054], [72.98900474100003, 19.114701297000067], [72.98932771800008, 19.114627158000076], [72.98979038800007, 19.11452003200003], [72.98997636500008, 19.114514427000074], [72.99026817400005, 19.114559362000023], [72.99060510200007, 19.114684023000052], [72.99067697000004, 19.114735488000065], [72.99117634000004, 19.11532020800007], [72.99156327500003, 19.11597364900007], [72.99163349400004, 19.116540308000026], [72.99283401000008, 19.116852272000074], [72.99407048500007, 19.115696197000034], [72.99531982600007, 19.11506118500006], [72.99773851200007, 19.113848700000062], [72.99811633200005, 19.11364803500004], [73.00074992200007, 19.112451306000025], [73.00127932400005, 19.110529341000074], [72.99790335400007, 19.109568989000024], [72.99747562300007, 19.108131612000022], [72.99699529800006, 19.106853956000066], [72.99687336700003, 19.10660073300005], [72.99680528300007, 19.104712274000065], [72.99655965000005, 19.103752893000035], [72.99654646000005, 19.103702702000078], [72.99573352800007, 19.100406435000025], [72.99541791200005, 19.09920690200005], [72.99503051300007, 19.097904293000056], [72.99621351400003, 19.097653627000057], [72.99634531300006, 19.097635883000066], [72.99635496000008, 19.097231727000064], [72.99633729700008, 19.096868279000034], [72.99626537000006, 19.096235058000048], [72.99564574500005, 19.096389412000065], [72.99407261900006, 19.097196592000046], [72.99326278600006, 19.09717799400005], [72.99276590400007, 19.096916252000028], [72.99242377500008, 19.09645046600002], [72.99230979700008, 19.095661679000045], [72.99273085200008, 19.095214295000062], [72.99274785900008, 19.095179827000038], [72.99347858800007, 19.094644492000043], [72.99425207400003, 19.09412755200003], [72.99488023300006, 19.093768675000035], [72.99954856500005, 19.09358059500005], [73.00030487500004, 19.093524659000025], [73.00457804700005, 19.096990660000074], [73.00540323300004, 19.09734038000005], [73.00563686100008, 19.095973024000045], [73.00539348900008, 19.09235973400007], [73.00433627500007, 19.09253142500006], [73.00413737100007, 19.092482524000047], [73.00338473800008, 19.09191771600007], [73.00308994000005, 19.091521595000074], [73.00288375300005, 19.09133938100007], [73.00152279200006, 19.090099805000023], [73.00070067200005, 19.089430630000038], [73.00033675500003, 19.089123250000057], [73.00016851800007, 19.088704540000037], [72.99998259600005, 19.088384575000077], [72.99920739800007, 19.087333311000066], [72.99914521000005, 19.087245856000038], [72.99901766900007, 19.08707361000006], [72.99882588700007, 19.086821118000046], [72.99857855800008, 19.086475912000026], [72.99824723800003, 19.086011222000025], [72.99784574000006, 19.085516821000056], [72.99770250800003, 19.085446958000034], [72.99756695800005, 19.085480250000046], [72.99717697400007, 19.085763843000052], [72.99705096500003, 19.08550072500003], [72.99680639300004, 19.08486173700004], [72.99672726800003, 19.08479127800007], [72.99549851800003, 19.083504004000076], [72.99533331100008, 19.083402361000026], [72.98994216400007, 19.077159703000063], [72.98894607300008, 19.076005828000064], [72.98718195200007, 19.07621856700007], [72.98637379300004, 19.076282022000044], [72.98505675400008, 19.075870253000062], [72.98464420200008, 19.075566067000068], [72.98425687500003, 19.071814235000033], [72.98413299900005, 19.071381433000056], [72.98408816000006, 19.071173119000036], [72.98415890300004, 19.071105974000034], [72.98414667800006, 19.070817143000056], [72.98390671300007, 19.070576841000047], [72.98397485400005, 19.070279077000066], [72.98415772900006, 19.07004043200004], [72.98426390600008, 19.069748898000057], [72.98412550600005, 19.069625044000077], [72.98437011000004, 19.069274698000072], [72.98467517300008, 19.06908936800005], [72.98498528000005, 19.068931490000068], [72.98508798200004, 19.068700602000035], [72.98519774400006, 19.068592461000037], [72.98491147500005, 19.068277900000055], [72.98440333300005, 19.068427529000076], [72.98297319000005, 19.067180802000053], [72.98303262000007, 19.067099729000063], [72.98216153800007, 19.066297381000027], [72.98246583200006, 19.065950427000075], [72.98181831100004, 19.065323298000067], [72.98081353300006, 19.064841820000026], [72.97798284300006, 19.063793024000063], [72.97802925000008, 19.063481446000026], [72.97131483700008, 19.061901824000074], [72.96290886700007, 19.059906870000077], [72.96028562600003, 19.05932074900005], [72.95841130100007, 19.058893418000025], [72.95803656500004, 19.058835240000064], [72.95727156800007, 19.058738427000037], [72.95493553100005, 19.057841952000047], [72.94644887100003, 19.05482485700003], [72.94426306800005, 19.05403227900007], [72.94364362800007, 19.053796414000033], [72.93689154800006, 19.051427344000047], [72.93656802000004, 19.05184141700005], [72.94074797500008, 19.053456855000036], [72.94092011000004, 19.053523101000053], [72.94084195900007, 19.053686480000067], [72.94097894100008, 19.05396385100005], [72.94115940100005, 19.054067177000036], [72.94111475700004, 19.05442255400004], [72.94089492400008, 19.05445684800003], [72.94074177800007, 19.05465687000003], [72.94050897700004, 19.054665930000056], [72.94031492000005, 19.054697994000037], [72.94010945500008, 19.054750567000042], [72.94008350500008, 19.054828444000066], [72.94035890100008, 19.055009115000075], [72.94048553700003, 19.055291754000052], [72.94107811100008, 19.055719699000065], [72.94146217900004, 19.055708887000037], [72.94219469800004, 19.056296358000054], [72.94189116500007, 19.05748087300003], [72.93983063300004, 19.058581915000048], [72.93984063600004, 19.057461180000075], [72.93958537900005, 19.057526598000038], [72.93961243000007, 19.05793344800003], [72.93934112500006, 19.05876134300007], [72.93894831400007, 19.058951490000027], [72.93867119200007, 19.058970298000077], [72.93783368700008, 19.058768325000074], [72.93778976500005, 19.05847847000007], [72.93744848700004, 19.05817883700007], [72.93633335100003, 19.057464092000032], [72.93618605300003, 19.05749383600005], [72.93627828100006, 19.057857671000022], [72.93589815800004, 19.058119454000064], [72.93577234500003, 19.058265778000077], [72.93559528000003, 19.058437002000062], [72.93554249200008, 19.05866977200003], [72.93486387400003, 19.058690666000075], [72.93419612500003, 19.058444303000044], [72.93391924400004, 19.058171972000025], [72.93355953300005, 19.05768125000003], [72.93323454700004, 19.057321897000065], [72.93285055000007, 19.056822683000064], [72.93289442700006, 19.056453973000032], [72.93291554900003, 19.055998915000032], [72.93255031200005, 19.05627830800006], [72.93250172500007, 19.056684973000074], [72.93260349500008, 19.057059714000047], [72.93305860500004, 19.05754333300007], [72.93324102900004, 19.05826538900004], [72.93285812000005, 19.058779060000063], [72.93261257600005, 19.058640628000035], [72.93192257000004, 19.058137240000065], [72.93093371400005, 19.057326869000065], [72.93022793600005, 19.05669847200005], [72.92940096000007, 19.05683646600005], [72.93007740400003, 19.057142458000044], [72.92990282500006, 19.05746509000005], [72.93116686900004, 19.058154589000026], [72.93089369800003, 19.058578690000047], [72.93136790300008, 19.05885584600003], [72.93120782700004, 19.059164992000035], [72.93119164700005, 19.059164992000035], [72.93118212900004, 19.05938367300007], [72.93279518700007, 19.06034779500004], [72.93306806900006, 19.059886869000024], [72.93372134300006, 19.059909221000055], [72.93375455900008, 19.05988684700003], [72.93431566400005, 19.05952379400003], [72.93495367800006, 19.059362794000037], [72.93570989100004, 19.059280238000042], [72.93708492300004, 19.059280904000047], [72.93720148400007, 19.059948505000023], [72.93720111800008, 19.060550028000023], [72.93695592100005, 19.061500394000063], [72.93639467500003, 19.062610464000045], [72.93608897000007, 19.063077254000063], [72.93579341900005, 19.063323027000024], [72.93571595100008, 19.063500865000037], [72.93550684700006, 19.064904897000076], [72.93483442700006, 19.066561227000022], [72.93430021100005, 19.067270867000047], [72.93409623600007, 19.068194660000074], [72.93405423300004, 19.068639834000066], [72.93407722800004, 19.06908938400005], [72.93393653900006, 19.069564031000027], [72.93372619100006, 19.069833837000033], [72.93281200600006, 19.070469394000042], [72.93223776800005, 19.07078943600004], [72.93184043300005, 19.07207728700007], [72.93176933600006, 19.072545767000065], [72.93164969300005, 19.07281962600007], [72.93076768000003, 19.073737450000067], [72.92969336800007, 19.074586898000064], [72.92782374800004, 19.07508794200004], [72.92691636200004, 19.07499399200003], [72.92578922000007, 19.07455108000005], [72.92491186700005, 19.074036141000022], [72.92419746300004, 19.07398190300006], [72.92353691300008, 19.07430221900006], [72.92303264500003, 19.074349230000053], [72.92265933600004, 19.07404699800003], [72.92184914500007, 19.073018967000053], [72.92082881400006, 19.07362835300006], [72.92206115100004, 19.07493304700006], [72.92131134300007, 19.075174910000044], [72.92085621600006, 19.075351330000046], [72.92008593800006, 19.075833189000036], [72.91895832900008, 19.076439381000057], [72.91861104300006, 19.07676424400006], [72.91799411300008, 19.07767745700005], [72.91793895400008, 19.078052655000022], [72.91778724500006, 19.07852716900004], [72.91781718300007, 19.079029296000044], [72.91750486600006, 19.079585017000056], [72.91882599700006, 19.08119172000005], [72.92072765500006, 19.08347978100005], [72.92103316500004, 19.083543201000055], [72.92134017900008, 19.082937479000066], [72.92252569900006, 19.082011111000043], [72.92171565500007, 19.081031949000078], [72.92166038000005, 19.08074229400006], [72.92218152300006, 19.080244090000065], [72.92263128800005, 19.08002117600006], [72.92311342800008, 19.08039849200003], [72.92348319500007, 19.080092523000076], [72.92409743400003, 19.08078481900003], [72.92625104400008, 19.079125222000073], [72.92802260600007, 19.078804749000028], [72.92891501800005, 19.078781237000044], [72.92894490300006, 19.077687153000056], [72.92818864000003, 19.077067601000067], [72.92894800100004, 19.076380736000033], [72.92983223900006, 19.076047498000037], [72.93093109900008, 19.075060534000045], [72.93604540000007, 19.080207509000047], [72.93402329400004, 19.081828104000067], [72.93112729500007, 19.079037924000033], [72.93014687700008, 19.079983103000075], [72.92899186400007, 19.07902271000006], [72.92850814100007, 19.078906881000023], [72.92634383100005, 19.07927584600003], [72.92146781000008, 19.08300580300005], [72.92102909200008, 19.083848181000064], [72.92395832800008, 19.08751618100007], [72.92486441600005, 19.089864273000046], [72.92596389700003, 19.092311152000036], [72.92735360600005, 19.095570743000053]]]], "type": "MultiPolygon", "geometries": null}}]}